[
  {
    "model": "facturas.factura",
    "pk": 1,
    "fields": {
      "orden": 1,
      "fecha": "2023-01-21",
      "estado": 3,
      "cuotas": 1
    }
  }, {
    "model": "facturas.factura",
    "pk": 2,
    "fields": {
      "orden": 13,
      "fecha": "2023-01-30",
      "estado": 3,
      "cuotas": 1
    }
  }, {
    "model": "facturas.factura",
    "pk": 3,
    "fields": {
      "orden": 12,
      "fecha": "2023-02-08",
      "estado": 3,
      "cuotas": 1
    }
  }, {
    "model": "facturas.factura",
    "pk": 4,
    "fields": {
      "orden": 11,
      "fecha": "2023-02-09",
      "estado": 3,
      "cuotas": 1
    }
  }, {
    "model": "facturas.factura",
    "pk": 5,
    "fields": {
      "orden": 10,
      "fecha": "2023-02-21",
      "estado": 3,
      "cuotas": 1
    }
  }, {
    "model": "facturas.factura",
    "pk": 6,
    "fields": {
      "orden": 9,
      "fecha": "2023-02-28",
      "estado": 3,
      "cuotas": 1
    }
  }, {
    "model": "facturas.factura",
    "pk": 7,
    "fields": {
      "orden": 8,
      "fecha": "2023-03-04",
      "estado": 3,
      "cuotas": 1
    }
  }, {
    "model": "facturas.factura",
    "pk": 8,
    "fields": {
      "orden": 7,
      "fecha": "2023-03-14",
      "estado": 3,
      "cuotas": 1
    }
  }, {
    "model": "facturas.factura",
    "pk": 9,
    "fields": {
      "orden": 6,
      "fecha": "2023-03-18",
      "estado": 3,
      "cuotas": 1
    }
  }, {
    "model": "facturas.factura",
    "pk": 10,
    "fields": {
      "orden": 5,
      "fecha": "2023-03-25",
      "estado": 3,
      "cuotas": 1
    }
  }, {
    "model": "facturas.factura",
    "pk": 11,
    "fields": {
      "orden": 4,
      "fecha": "2023-04-04",
      "estado": 3,
      "cuotas": 1
    }
  }, {
    "model": "facturas.factura",
    "pk": 12,
    "fields": {
      "orden": 3,
      "fecha": "2023-04-08",
      "estado": 3,
      "cuotas": 1
    }
  }, {
    "model": "facturas.factura",
    "pk": 13,
    "fields": {
      "orden": 2,
      "fecha": "2023-04-13",
      "estado": 3,
      "cuotas": 1
    }
  }, {
    "model": "facturas.factura",
    "pk": 14,
    "fields": {
      "orden": 14,
      "fecha": "2023-04-25",
      "estado": 3,
      "cuotas": 1
    }
  }, {
    "model": "facturas.factura",
    "pk": 15,
    "fields": {
      "orden": 15,
      "fecha": "2023-04-29",
      "estado": 3,
      "cuotas": 1
    }
  }, {
    "model": "facturas.factura",
    "pk": 16,
    "fields": {
      "orden": 16,
      "fecha": "2023-04-28",
      "estado": 3,
      "cuotas": 1
    }
  }, {
    "model": "facturas.factura",
    "pk": 17,
    "fields": {
      "orden": 17,
      "fecha": "2023-05-10",
      "estado": 3,
      "cuotas": 1
    }
  }, {
    "model": "facturas.factura",
    "pk": 18,
    "fields": {
      "orden": 18,
      "fecha": "2023-05-12",
      "estado": 3,
      "cuotas": 1
    }
  }, {
    "model": "facturas.factura",
    "pk": 19,
    "fields": {
      "orden": 19,
      "fecha": "2023-05-21",
      "estado": 3,
      "cuotas": 1
    }
  }, {
    "model": "facturas.factura",
    "pk": 20,
    "fields": {
      "orden": 20,
      "fecha": "2023-05-26",
      "estado": 3,
      "cuotas": 1
    }
  }, {
    "model": "facturas.factura",
    "pk": 21,
    "fields": {
      "orden": 21,
      "fecha": "2023-06-03",
      "estado": 3,
      "cuotas": 1
    }
  }, {
    "model": "facturas.factura",
    "pk": 22,
    "fields": {
      "orden": 22,
      "fecha": "2023-06-09",
      "estado": 3,
      "cuotas": 1
    }
  }, {
    "model": "facturas.factura",
    "pk": 23,
    "fields": {
      "orden": 23,
      "fecha": "2023-06-18",
      "estado": 3,
      "cuotas": 1
    }
  }, {
    "model": "facturas.factura",
    "pk": 24,
    "fields": {
      "orden": 24,
      "fecha": "2023-06-27",
      "estado": 3,
      "cuotas": 1
    }
  }, {
    "model": "facturas.factura",
    "pk": 25,
    "fields": {
      "orden": 25,
      "fecha": "2023-07-02",
      "estado": 3,
      "cuotas": 1
    }
  }, {
    "model": "facturas.factura",
    "pk": 26,
    "fields": {
      "orden": 26,
      "fecha": "2023-07-01",
      "estado": 3,
      "cuotas": 1
    }
  }, {
    "model": "facturas.factura",
    "pk": 27,
    "fields": {
      "orden": 27,
      "fecha": "2023-07-12",
      "estado": 3,
      "cuotas": 1
    }
  }, {
    "model": "facturas.factura",
    "pk": 28,
    "fields": {
      "orden": 28,
      "fecha": "2023-07-14",
      "estado": 3,
      "cuotas": 1
    }
  }, {
    "model": "facturas.factura",
    "pk": 29,
    "fields": {
      "orden": 29,
      "fecha": "2023-07-21",
      "estado": 3,
      "cuotas": 1
    }
  }, {
    "model": "facturas.factura",
    "pk": 30,
    "fields": {
      "orden": 30,
      "fecha": "2023-07-30",
      "estado": 3,
      "cuotas": 1
    }
  }, {
    "model": "facturas.factura",
    "pk": 31,
    "fields": {
      "orden": 31,
      "fecha": "2023-08-05",
      "estado": 3,
      "cuotas": 1
    }
  }, {
    "model": "facturas.factura",
    "pk": 32,
    "fields": {
      "orden": 32,
      "fecha": "2023-08-15",
      "estado": 3,
      "cuotas": 1
    }
  }, {
    "model": "facturas.factura",
    "pk": 33,
    "fields": {
      "orden": 33,
      "fecha": "2023-08-21",
      "estado": 3,
      "cuotas": 1
    }
  }, {
    "model": "facturas.factura",
    "pk": 34,
    "fields": {
      "orden": 34,
      "fecha": "2023-08-29",
      "estado": 3,
      "cuotas": 1
    }
  }, {
    "model": "facturas.factura",
    "pk": 35,
    "fields": {
      "orden": 35,
      "fecha": "2023-09-03",
      "estado": 3,
      "cuotas": 1
    }
  }, {
    "model": "facturas.factura",
    "pk": 36,
    "fields": {
      "orden": 36,
      "fecha": "2023-09-09",
      "estado": 3,
      "cuotas": 1
    }
  }, {
    "model": "facturas.factura",
    "pk": 37,
    "fields": {
      "orden": 37,
      "fecha": "2023-09-15",
      "estado": 3,
      "cuotas": 1
    }
  }, {
    "model": "facturas.factura",
    "pk": 38,
    "fields": {
      "orden": 38,
      "fecha": "2023-09-24",
      "estado": 3,
      "cuotas": 1
    }
  }, {
    "model": "facturas.factura",
    "pk": 39,
    "fields": {
      "orden": 39,
      "fecha": "2023-10-02",
      "estado": 3,
      "cuotas": 1
    }
  }, {
    "model": "facturas.factura",
    "pk": 40,
    "fields": {
      "orden": 40,
      "fecha": "2023-09-28",
      "estado": 3,
      "cuotas": 1
    }
  }, {
    "model": "facturas.factura",
    "pk": 41,
    "fields": {
      "orden": 41,
      "fecha": "2023-10-06",
      "estado": 3,
      "cuotas": 1
    }
  }, {
    "model": "facturas.factura",
    "pk": 42,
    "fields": {
      "orden": 42,
      "fecha": "2023-10-15",
      "estado": 3,
      "cuotas": 1
    }
  }, {
    "model": "facturas.factura",
    "pk": 43,
    "fields": {
      "orden": 43,
      "fecha": "2023-10-23",
      "estado": 3,
      "cuotas": 1
    }
  }, {
    "model": "facturas.factura",
    "pk": 44,
    "fields": {
      "orden": 44,
      "fecha": "2023-10-28",
      "estado": 3,
      "cuotas": 1
    }
  }, {
    "model": "facturas.factura",
    "pk": 45,
    "fields": {
      "orden": 45,
      "fecha": "2023-11-04",
      "estado": 3,
      "cuotas": 1
    }
  }, {
    "model": "facturas.factura",
    "pk": 46,
    "fields": {
      "orden": 46,
      "fecha": "2023-11-06",
      "estado": 3,
      "cuotas": 1
    }
  }, {
    "model": "facturas.factura",
    "pk": 47,
    "fields": {
      "orden": 47,
      "fecha": "2023-11-16",
      "estado": 3,
      "cuotas": 1
    }
  }, {
    "model": "facturas.factura",
    "pk": 48,
    "fields": {
      "orden": 48,
      "fecha": "2023-11-20",
      "estado": 3,
      "cuotas": 1
    }
  }, {
    "model": "facturas.factura",
    "pk": 49,
    "fields": {
      "orden": 49,
      "fecha": "2023-11-16",
      "estado": 3,
      "cuotas": 1
    }
  }, {
    "model": "facturas.factura",
    "pk": 50,
    "fields": {
      "orden": 50,
      "fecha": "2023-11-28",
      "estado": 3,
      "cuotas": 1
    }
  }, {
    "model": "facturas.factura",
    "pk": 51,
    "fields": {
      "orden": 51,
      "fecha": "2023-12-05",
      "estado": 3,
      "cuotas": 1
    }
  }, {
    "model": "facturas.factura",
    "pk": 52,
    "fields": {
      "orden": 53,
      "fecha": "2023-12-11",
      "estado": 3,
      "cuotas": 1
    }
  }, {
    "model": "facturas.factura",
    "pk": 53,
    "fields": {
      "orden": 54,
      "fecha": "2023-12-19",
      "estado": 3,
      "cuotas": 1
    }
  }, {
    "model": "facturas.factura",
    "pk": 54,
    "fields": {
      "orden": 52,
      "fecha": "2023-12-23",
      "estado": 3,
      "cuotas": 1
    }
  },
  {
    "model": "facturas.detallefactura",
    "pk": 1,
    "fields": {
      "factura": 1,
      "descripcion": "MaterialOrdenDeTrabajo object (1)",
      "precio": "0.00"
    }
  },
  {
    "model": "facturas.detallefactura",
    "pk": 2,
    "fields": {
      "factura": 1,
      "descripcion": "MaterialOrdenDeTrabajo object (2)",
      "precio": "1700.00"
    }
  },
  {
    "model": "facturas.detallefactura",
    "pk": 3,
    "fields": {
      "factura": 1,
      "descripcion": "RepuestoOrdenDeTrabajo object (1)",
      "precio": "1957.00"
    }
  },
  {
    "model": "facturas.detallefactura",
    "pk": 4,
    "fields": {
      "factura": 1,
      "descripcion": "DetalleOrdenDeTrabajo object (1)",
      "precio": "1385.00"
    }
  },
  {
    "model": "facturas.detallefactura",
    "pk": 5,
    "fields": {
      "factura": 2,
      "descripcion": "DetalleOrdenDeTrabajo object (13)",
      "precio": "2738.00"
    }
  },
  {
    "model": "facturas.detallefactura",
    "pk": 6,
    "fields": {
      "factura": 3,
      "descripcion": "MaterialOrdenDeTrabajo object (22)",
      "precio": "510.00"
    }
  },
  {
    "model": "facturas.detallefactura",
    "pk": 7,
    "fields": {
      "factura": 3,
      "descripcion": "RepuestoOrdenDeTrabajo object (6)",
      "precio": "0.00"
    }
  },
  {
    "model": "facturas.detallefactura",
    "pk": 8,
    "fields": {
      "factura": 3,
      "descripcion": "DetalleOrdenDeTrabajo object (12)",
      "precio": "1469.00"
    }
  },
  {
    "model": "facturas.detallefactura",
    "pk": 9,
    "fields": {
      "factura": 4,
      "descripcion": "MaterialOrdenDeTrabajo object (11)",
      "precio": "0.00"
    }
  },
  {
    "model": "facturas.detallefactura",
    "pk": 10,
    "fields": {
      "factura": 4,
      "descripcion": "MaterialOrdenDeTrabajo object (21)",
      "precio": "4675.00"
    }
  },
  {
    "model": "facturas.detallefactura",
    "pk": 11,
    "fields": {
      "factura": 4,
      "descripcion": "DetalleOrdenDeTrabajo object (11)",
      "precio": "5000.00"
    }
  },
  {
    "model": "facturas.detallefactura",
    "pk": 12,
    "fields": {
      "factura": 5,
      "descripcion": "MaterialOrdenDeTrabajo object (10)",
      "precio": "0.00"
    }
  },
  {
    "model": "facturas.detallefactura",
    "pk": 13,
    "fields": {
      "factura": 5,
      "descripcion": "MaterialOrdenDeTrabajo object (20)",
      "precio": "2915.00"
    }
  },
  {
    "model": "facturas.detallefactura",
    "pk": 14,
    "fields": {
      "factura": 5,
      "descripcion": "DetalleOrdenDeTrabajo object (10)",
      "precio": "2000.00"
    }
  },
  {
    "model": "facturas.detallefactura",
    "pk": 15,
    "fields": {
      "factura": 6,
      "descripcion": "MaterialOrdenDeTrabajo object (9)",
      "precio": "1020.00"
    }
  },
  {
    "model": "facturas.detallefactura",
    "pk": 16,
    "fields": {
      "factura": 6,
      "descripcion": "DetalleOrdenDeTrabajo object (9)",
      "precio": "1259.00"
    }
  },
  {
    "model": "facturas.detallefactura",
    "pk": 17,
    "fields": {
      "factura": 7,
      "descripcion": "MaterialOrdenDeTrabajo object (8)",
      "precio": "0.00"
    }
  },
  {
    "model": "facturas.detallefactura",
    "pk": 18,
    "fields": {
      "factura": 7,
      "descripcion": "MaterialOrdenDeTrabajo object (19)",
      "precio": "6545.00"
    }
  },
  {
    "model": "facturas.detallefactura",
    "pk": 19,
    "fields": {
      "factura": 7,
      "descripcion": "RepuestoOrdenDeTrabajo object (5)",
      "precio": "0.00"
    }
  },
  {
    "model": "facturas.detallefactura",
    "pk": 20,
    "fields": {
      "factura": 7,
      "descripcion": "DetalleOrdenDeTrabajo object (8)",
      "precio": "1385.00"
    }
  },
  {
    "model": "facturas.detallefactura",
    "pk": 21,
    "fields": {
      "factura": 8,
      "descripcion": "MaterialOrdenDeTrabajo object (18)",
      "precio": "589.00"
    }
  },
  {
    "model": "facturas.detallefactura",
    "pk": 22,
    "fields": {
      "factura": 8,
      "descripcion": "RepuestoOrdenDeTrabajo object (4)",
      "precio": "0.00"
    }
  },
  {
    "model": "facturas.detallefactura",
    "pk": 23,
    "fields": {
      "factura": 8,
      "descripcion": "DetalleOrdenDeTrabajo object (7)",
      "precio": "1469.00"
    }
  },
  {
    "model": "facturas.detallefactura",
    "pk": 24,
    "fields": {
      "factura": 9,
      "descripcion": "MaterialOrdenDeTrabajo object (7)",
      "precio": "0.00"
    }
  },
  {
    "model": "facturas.detallefactura",
    "pk": 25,
    "fields": {
      "factura": 9,
      "descripcion": "MaterialOrdenDeTrabajo object (17)",
      "precio": "5695.00"
    }
  },
  {
    "model": "facturas.detallefactura",
    "pk": 26,
    "fields": {
      "factura": 9,
      "descripcion": "DetalleOrdenDeTrabajo object (6)",
      "precio": "2000.00"
    }
  },
  {
    "model": "facturas.detallefactura",
    "pk": 27,
    "fields": {
      "factura": 10,
      "descripcion": "MaterialOrdenDeTrabajo object (6)",
      "precio": "425.00"
    }
  },
  {
    "model": "facturas.detallefactura",
    "pk": 28,
    "fields": {
      "factura": 10,
      "descripcion": "DetalleOrdenDeTrabajo object (5)",
      "precio": "1259.00"
    }
  },
  {
    "model": "facturas.detallefactura",
    "pk": 29,
    "fields": {
      "factura": 11,
      "descripcion": "MaterialOrdenDeTrabajo object (5)",
      "precio": "1190.00"
    }
  },
  {
    "model": "facturas.detallefactura",
    "pk": 30,
    "fields": {
      "factura": 11,
      "descripcion": "MaterialOrdenDeTrabajo object (14)",
      "precio": "11024.00"
    }
  },
  {
    "model": "facturas.detallefactura",
    "pk": 31,
    "fields": {
      "factura": 11,
      "descripcion": "MaterialOrdenDeTrabajo object (15)",
      "precio": "1328.00"
    }
  },
  {
    "model": "facturas.detallefactura",
    "pk": 32,
    "fields": {
      "factura": 11,
      "descripcion": "MaterialOrdenDeTrabajo object (16)",
      "precio": "31.00"
    }
  },
  {
    "model": "facturas.detallefactura",
    "pk": 33,
    "fields": {
      "factura": 11,
      "descripcion": "DetalleOrdenDeTrabajo object (4)",
      "precio": "1259.00"
    }
  },
  {
    "model": "facturas.detallefactura",
    "pk": 34,
    "fields": {
      "factura": 12,
      "descripcion": "MaterialOrdenDeTrabajo object (4)",
      "precio": "0.00"
    }
  },
  {
    "model": "facturas.detallefactura",
    "pk": 35,
    "fields": {
      "factura": 12,
      "descripcion": "MaterialOrdenDeTrabajo object (13)",
      "precio": "1190.00"
    }
  },
  {
    "model": "facturas.detallefactura",
    "pk": 36,
    "fields": {
      "factura": 12,
      "descripcion": "RepuestoOrdenDeTrabajo object (3)",
      "precio": "1478.00"
    }
  },
  {
    "model": "facturas.detallefactura",
    "pk": 37,
    "fields": {
      "factura": 12,
      "descripcion": "DetalleOrdenDeTrabajo object (3)",
      "precio": "1385.00"
    }
  },
  {
    "model": "facturas.detallefactura",
    "pk": 38,
    "fields": {
      "factura": 13,
      "descripcion": "MaterialOrdenDeTrabajo object (3)",
      "precio": "0.00"
    }
  },
  {
    "model": "facturas.detallefactura",
    "pk": 39,
    "fields": {
      "factura": 13,
      "descripcion": "MaterialOrdenDeTrabajo object (12)",
      "precio": "1020.00"
    }
  },
  {
    "model": "facturas.detallefactura",
    "pk": 40,
    "fields": {
      "factura": 13,
      "descripcion": "RepuestoOrdenDeTrabajo object (2)",
      "precio": "0.00"
    }
  },
  {
    "model": "facturas.detallefactura",
    "pk": 41,
    "fields": {
      "factura": 13,
      "descripcion": "RepuestoOrdenDeTrabajo object (7)",
      "precio": "3594.00"
    }
  },
  {
    "model": "facturas.detallefactura",
    "pk": 42,
    "fields": {
      "factura": 13,
      "descripcion": "DetalleOrdenDeTrabajo object (2)",
      "precio": "1385.00"
    }
  },
  {
    "model": "facturas.detallefactura",
    "pk": 43,
    "fields": {
      "factura": 14,
      "descripcion": "DetalleOrdenDeTrabajo object (14)",
      "precio": "2738.00"
    }
  },
  {
    "model": "facturas.detallefactura",
    "pk": 44,
    "fields": {
      "factura": 15,
      "descripcion": "MaterialOrdenDeTrabajo object (23)",
      "precio": "0.00"
    }
  },
  {
    "model": "facturas.detallefactura",
    "pk": 45,
    "fields": {
      "factura": 15,
      "descripcion": "MaterialOrdenDeTrabajo object (39)",
      "precio": "996.00"
    }
  },
  {
    "model": "facturas.detallefactura",
    "pk": 46,
    "fields": {
      "factura": 15,
      "descripcion": "DetalleOrdenDeTrabajo object (15)",
      "precio": "1259.00"
    }
  },
  {
    "model": "facturas.detallefactura",
    "pk": 47,
    "fields": {
      "factura": 16,
      "descripcion": "MaterialOrdenDeTrabajo object (24)",
      "precio": "265.00"
    }
  },
  {
    "model": "facturas.detallefactura",
    "pk": 48,
    "fields": {
      "factura": 16,
      "descripcion": "MaterialOrdenDeTrabajo object (25)",
      "precio": "0.00"
    }
  },
  {
    "model": "facturas.detallefactura",
    "pk": 49,
    "fields": {
      "factura": 16,
      "descripcion": "DetalleOrdenDeTrabajo object (16)",
      "precio": "1259.00"
    }
  },
  {
    "model": "facturas.detallefactura",
    "pk": 50,
    "fields": {
      "factura": 17,
      "descripcion": "DetalleOrdenDeTrabajo object (17)",
      "precio": "2649.00"
    }
  },
  {
    "model": "facturas.detallefactura",
    "pk": 51,
    "fields": {
      "factura": 18,
      "descripcion": "MaterialOrdenDeTrabajo object (40)",
      "precio": "10455.00"
    }
  },
  {
    "model": "facturas.detallefactura",
    "pk": 52,
    "fields": {
      "factura": 18,
      "descripcion": "RepuestoOrdenDeTrabajo object (8)",
      "precio": "0.00"
    }
  },
  {
    "model": "facturas.detallefactura",
    "pk": 53,
    "fields": {
      "factura": 18,
      "descripcion": "DetalleOrdenDeTrabajo object (18)",
      "precio": "1469.00"
    }
  },
  {
    "model": "facturas.detallefactura",
    "pk": 54,
    "fields": {
      "factura": 19,
      "descripcion": "RepuestoOrdenDeTrabajo object (9)",
      "precio": "0.00"
    }
  },
  {
    "model": "facturas.detallefactura",
    "pk": 55,
    "fields": {
      "factura": 19,
      "descripcion": "DetalleOrdenDeTrabajo object (19)",
      "precio": "1469.00"
    }
  },
  {
    "model": "facturas.detallefactura",
    "pk": 56,
    "fields": {
      "factura": 20,
      "descripcion": "DetalleOrdenDeTrabajo object (20)",
      "precio": "2738.00"
    }
  },
  {
    "model": "facturas.detallefactura",
    "pk": 57,
    "fields": {
      "factura": 21,
      "descripcion": "DetalleOrdenDeTrabajo object (21)",
      "precio": "2649.00"
    }
  },
  {
    "model": "facturas.detallefactura",
    "pk": 58,
    "fields": {
      "factura": 22,
      "descripcion": "MaterialOrdenDeTrabajo object (26)",
      "precio": "3922.00"
    }
  },
  {
    "model": "facturas.detallefactura",
    "pk": 59,
    "fields": {
      "factura": 22,
      "descripcion": "DetalleOrdenDeTrabajo object (22)",
      "precio": "1259.00"
    }
  },
  {
    "model": "facturas.detallefactura",
    "pk": 60,
    "fields": {
      "factura": 23,
      "descripcion": "DetalleOrdenDeTrabajo object (23)",
      "precio": "2738.00"
    }
  },
  {
    "model": "facturas.detallefactura",
    "pk": 61,
    "fields": {
      "factura": 24,
      "descripcion": "MaterialOrdenDeTrabajo object (27)",
      "precio": "636.00"
    }
  },
  {
    "model": "facturas.detallefactura",
    "pk": 62,
    "fields": {
      "factura": 24,
      "descripcion": "DetalleOrdenDeTrabajo object (24)",
      "precio": "2000.00"
    }
  },
  {
    "model": "facturas.detallefactura",
    "pk": 63,
    "fields": {
      "factura": 25,
      "descripcion": "MaterialOrdenDeTrabajo object (41)",
      "precio": "1736.00"
    }
  },
  {
    "model": "facturas.detallefactura",
    "pk": 64,
    "fields": {
      "factura": 25,
      "descripcion": "RepuestoOrdenDeTrabajo object (10)",
      "precio": "0.00"
    }
  },
  {
    "model": "facturas.detallefactura",
    "pk": 65,
    "fields": {
      "factura": 25,
      "descripcion": "DetalleOrdenDeTrabajo object (25)",
      "precio": "4688.00"
    }
  },
  {
    "model": "facturas.detallefactura",
    "pk": 66,
    "fields": {
      "factura": 26,
      "descripcion": "MaterialOrdenDeTrabajo object (28)",
      "precio": "0.00"
    }
  },
  {
    "model": "facturas.detallefactura",
    "pk": 67,
    "fields": {
      "factura": 26,
      "descripcion": "MaterialOrdenDeTrabajo object (42)",
      "precio": "7055.00"
    }
  },
  {
    "model": "facturas.detallefactura",
    "pk": 68,
    "fields": {
      "factura": 26,
      "descripcion": "DetalleOrdenDeTrabajo object (26)",
      "precio": "2000.00"
    }
  },
  {
    "model": "facturas.detallefactura",
    "pk": 69,
    "fields": {
      "factura": 27,
      "descripcion": "MaterialOrdenDeTrabajo object (29)",
      "precio": "0.00"
    }
  },
  {
    "model": "facturas.detallefactura",
    "pk": 70,
    "fields": {
      "factura": 27,
      "descripcion": "MaterialOrdenDeTrabajo object (43)",
      "precio": "4814.00"
    }
  },
  {
    "model": "facturas.detallefactura",
    "pk": 71,
    "fields": {
      "factura": 27,
      "descripcion": "DetalleOrdenDeTrabajo object (27)",
      "precio": "2000.00"
    }
  },
  {
    "model": "facturas.detallefactura",
    "pk": 72,
    "fields": {
      "factura": 28,
      "descripcion": "MaterialOrdenDeTrabajo object (44)",
      "precio": "2968.00"
    }
  },
  {
    "model": "facturas.detallefactura",
    "pk": 73,
    "fields": {
      "factura": 28,
      "descripcion": "RepuestoOrdenDeTrabajo object (11)",
      "precio": "0.00"
    }
  },
  {
    "model": "facturas.detallefactura",
    "pk": 74,
    "fields": {
      "factura": 28,
      "descripcion": "DetalleOrdenDeTrabajo object (28)",
      "precio": "1469.00"
    }
  },
  {
    "model": "facturas.detallefactura",
    "pk": 75,
    "fields": {
      "factura": 29,
      "descripcion": "MaterialOrdenDeTrabajo object (45)",
      "precio": "53.00"
    }
  },
  {
    "model": "facturas.detallefactura",
    "pk": 76,
    "fields": {
      "factura": 29,
      "descripcion": "RepuestoOrdenDeTrabajo object (12)",
      "precio": "0.00"
    }
  },
  {
    "model": "facturas.detallefactura",
    "pk": 77,
    "fields": {
      "factura": 29,
      "descripcion": "DetalleOrdenDeTrabajo object (29)",
      "precio": "4688.00"
    }
  },
  {
    "model": "facturas.detallefactura",
    "pk": 78,
    "fields": {
      "factura": 30,
      "descripcion": "MaterialOrdenDeTrabajo object (30)",
      "precio": "2968.00"
    }
  },
  {
    "model": "facturas.detallefactura",
    "pk": 79,
    "fields": {
      "factura": 30,
      "descripcion": "RepuestoOrdenDeTrabajo object (28)",
      "precio": "4386.00"
    }
  },
  {
    "model": "facturas.detallefactura",
    "pk": 80,
    "fields": {
      "factura": 30,
      "descripcion": "DetalleOrdenDeTrabajo object (30)",
      "precio": "1259.00"
    }
  },
  {
    "model": "facturas.detallefactura",
    "pk": 81,
    "fields": {
      "factura": 31,
      "descripcion": "MaterialOrdenDeTrabajo object (46)",
      "precio": "62.00"
    }
  },
  {
    "model": "facturas.detallefactura",
    "pk": 82,
    "fields": {
      "factura": 31,
      "descripcion": "RepuestoOrdenDeTrabajo object (13)",
      "precio": "0.00"
    }
  },
  {
    "model": "facturas.detallefactura",
    "pk": 83,
    "fields": {
      "factura": 31,
      "descripcion": "DetalleOrdenDeTrabajo object (31)",
      "precio": "1469.00"
    }
  },
  {
    "model": "facturas.detallefactura",
    "pk": 84,
    "fields": {
      "factura": 32,
      "descripcion": "MaterialOrdenDeTrabajo object (31)",
      "precio": "0.00"
    }
  },
  {
    "model": "facturas.detallefactura",
    "pk": 85,
    "fields": {
      "factura": 32,
      "descripcion": "MaterialOrdenDeTrabajo object (47)",
      "precio": "10455.00"
    }
  },
  {
    "model": "facturas.detallefactura",
    "pk": 86,
    "fields": {
      "factura": 32,
      "descripcion": "DetalleOrdenDeTrabajo object (32)",
      "precio": "5000.00"
    }
  },
  {
    "model": "facturas.detallefactura",
    "pk": 87,
    "fields": {
      "factura": 33,
      "descripcion": "MaterialOrdenDeTrabajo object (48)",
      "precio": "425.00"
    }
  },
  {
    "model": "facturas.detallefactura",
    "pk": 88,
    "fields": {
      "factura": 33,
      "descripcion": "RepuestoOrdenDeTrabajo object (14)",
      "precio": "0.00"
    }
  },
  {
    "model": "facturas.detallefactura",
    "pk": 89,
    "fields": {
      "factura": 33,
      "descripcion": "DetalleOrdenDeTrabajo object (33)",
      "precio": "1469.00"
    }
  },
  {
    "model": "facturas.detallefactura",
    "pk": 90,
    "fields": {
      "factura": 34,
      "descripcion": "MaterialOrdenDeTrabajo object (32)",
      "precio": "6630.00"
    }
  },
  {
    "model": "facturas.detallefactura",
    "pk": 91,
    "fields": {
      "factura": 34,
      "descripcion": "DetalleOrdenDeTrabajo object (34)",
      "precio": "1259.00"
    }
  },
  {
    "model": "facturas.detallefactura",
    "pk": 92,
    "fields": {
      "factura": 35,
      "descripcion": "MaterialOrdenDeTrabajo object (33)",
      "precio": "0.00"
    }
  },
  {
    "model": "facturas.detallefactura",
    "pk": 93,
    "fields": {
      "factura": 35,
      "descripcion": "MaterialOrdenDeTrabajo object (49)",
      "precio": "4664.00"
    }
  },
  {
    "model": "facturas.detallefactura",
    "pk": 94,
    "fields": {
      "factura": 35,
      "descripcion": "DetalleOrdenDeTrabajo object (35)",
      "precio": "2000.00"
    }
  },
  {
    "model": "facturas.detallefactura",
    "pk": 95,
    "fields": {
      "factura": 36,
      "descripcion": "MaterialOrdenDeTrabajo object (34)",
      "precio": "0.00"
    }
  },
  {
    "model": "facturas.detallefactura",
    "pk": 96,
    "fields": {
      "factura": 36,
      "descripcion": "MaterialOrdenDeTrabajo object (50)",
      "precio": "372.00"
    }
  },
  {
    "model": "facturas.detallefactura",
    "pk": 97,
    "fields": {
      "factura": 36,
      "descripcion": "DetalleOrdenDeTrabajo object (36)",
      "precio": "1259.00"
    }
  },
  {
    "model": "facturas.detallefactura",
    "pk": 98,
    "fields": {
      "factura": 37,
      "descripcion": "MaterialOrdenDeTrabajo object (51)",
      "precio": "6460.00"
    }
  },
  {
    "model": "facturas.detallefactura",
    "pk": 99,
    "fields": {
      "factura": 37,
      "descripcion": "RepuestoOrdenDeTrabajo object (15)",
      "precio": "0.00"
    }
  },
  {
    "model": "facturas.detallefactura",
    "pk": 100,
    "fields": {
      "factura": 37,
      "descripcion": "DetalleOrdenDeTrabajo object (37)",
      "precio": "1469.00"
    }
  },
  {
    "model": "facturas.detallefactura",
    "pk": 101,
    "fields": {
      "factura": 38,
      "descripcion": "DetalleOrdenDeTrabajo object (38)",
      "precio": "2738.00"
    }
  },
  {
    "model": "facturas.detallefactura",
    "pk": 102,
    "fields": {
      "factura": 39,
      "descripcion": "DetalleOrdenDeTrabajo object (39)",
      "precio": "2738.00"
    }
  },
  {
    "model": "facturas.detallefactura",
    "pk": 103,
    "fields": {
      "factura": 40,
      "descripcion": "MaterialOrdenDeTrabajo object (35)",
      "precio": "0.00"
    }
  },
  {
    "model": "facturas.detallefactura",
    "pk": 104,
    "fields": {
      "factura": 40,
      "descripcion": "MaterialOrdenDeTrabajo object (52)",
      "precio": "5610.00"
    }
  },
  {
    "model": "facturas.detallefactura",
    "pk": 105,
    "fields": {
      "factura": 40,
      "descripcion": "DetalleOrdenDeTrabajo object (40)",
      "precio": "5000.00"
    }
  },
  {
    "model": "facturas.detallefactura",
    "pk": 106,
    "fields": {
      "factura": 41,
      "descripcion": "MaterialOrdenDeTrabajo object (53)",
      "precio": "28635.00"
    }
  },
  {
    "model": "facturas.detallefactura",
    "pk": 107,
    "fields": {
      "factura": 41,
      "descripcion": "RepuestoOrdenDeTrabajo object (16)",
      "precio": "0.00"
    }
  },
  {
    "model": "facturas.detallefactura",
    "pk": 108,
    "fields": {
      "factura": 41,
      "descripcion": "DetalleOrdenDeTrabajo object (41)",
      "precio": "4688.00"
    }
  },
  {
    "model": "facturas.detallefactura",
    "pk": 109,
    "fields": {
      "factura": 42,
      "descripcion": "MaterialOrdenDeTrabajo object (54)",
      "precio": "2968.00"
    }
  },
  {
    "model": "facturas.detallefactura",
    "pk": 110,
    "fields": {
      "factura": 42,
      "descripcion": "RepuestoOrdenDeTrabajo object (17)",
      "precio": "0.00"
    }
  },
  {
    "model": "facturas.detallefactura",
    "pk": 111,
    "fields": {
      "factura": 42,
      "descripcion": "DetalleOrdenDeTrabajo object (42)",
      "precio": "4688.00"
    }
  },
  {
    "model": "facturas.detallefactura",
    "pk": 112,
    "fields": {
      "factura": 43,
      "descripcion": "RepuestoOrdenDeTrabajo object (18)",
      "precio": "0.00"
    }
  },
  {
    "model": "facturas.detallefactura",
    "pk": 113,
    "fields": {
      "factura": 43,
      "descripcion": "DetalleOrdenDeTrabajo object (43)",
      "precio": "1469.00"
    }
  },
  {
    "model": "facturas.detallefactura",
    "pk": 114,
    "fields": {
      "factura": 44,
      "descripcion": "MaterialOrdenDeTrabajo object (55)",
      "precio": "83.00"
    }
  },
  {
    "model": "facturas.detallefactura",
    "pk": 115,
    "fields": {
      "factura": 44,
      "descripcion": "RepuestoOrdenDeTrabajo object (19)",
      "precio": "3983.00"
    }
  },
  {
    "model": "facturas.detallefactura",
    "pk": 116,
    "fields": {
      "factura": 44,
      "descripcion": "RepuestoOrdenDeTrabajo object (25)",
      "precio": "4386.00"
    }
  },
  {
    "model": "facturas.detallefactura",
    "pk": 117,
    "fields": {
      "factura": 44,
      "descripcion": "DetalleOrdenDeTrabajo object (44)",
      "precio": "1469.00"
    }
  },
  {
    "model": "facturas.detallefactura",
    "pk": 118,
    "fields": {
      "factura": 45,
      "descripcion": "MaterialOrdenDeTrabajo object (36)",
      "precio": "0.00"
    }
  },
  {
    "model": "facturas.detallefactura",
    "pk": 119,
    "fields": {
      "factura": 45,
      "descripcion": "DetalleOrdenDeTrabajo object (45)",
      "precio": "1259.00"
    }
  },
  {
    "model": "facturas.detallefactura",
    "pk": 120,
    "fields": {
      "factura": 46,
      "descripcion": "MaterialOrdenDeTrabajo object (37)",
      "precio": "265.00"
    }
  },
  {
    "model": "facturas.detallefactura",
    "pk": 121,
    "fields": {
      "factura": 46,
      "descripcion": "DetalleOrdenDeTrabajo object (46)",
      "precio": "1259.00"
    }
  },
  {
    "model": "facturas.detallefactura",
    "pk": 122,
    "fields": {
      "factura": 47,
      "descripcion": "DetalleOrdenDeTrabajo object (47)",
      "precio": "2738.00"
    }
  },
  {
    "model": "facturas.detallefactura",
    "pk": 123,
    "fields": {
      "factura": 48,
      "descripcion": "MaterialOrdenDeTrabajo object (56)",
      "precio": "4664.00"
    }
  },
  {
    "model": "facturas.detallefactura",
    "pk": 124,
    "fields": {
      "factura": 48,
      "descripcion": "RepuestoOrdenDeTrabajo object (20)",
      "precio": "0.00"
    }
  },
  {
    "model": "facturas.detallefactura",
    "pk": 125,
    "fields": {
      "factura": 48,
      "descripcion": "DetalleOrdenDeTrabajo object (48)",
      "precio": "4688.00"
    }
  },
  {
    "model": "facturas.detallefactura",
    "pk": 126,
    "fields": {
      "factura": 49,
      "descripcion": "RepuestoOrdenDeTrabajo object (21)",
      "precio": "7966.00"
    }
  },
  {
    "model": "facturas.detallefactura",
    "pk": 127,
    "fields": {
      "factura": 49,
      "descripcion": "DetalleOrdenDeTrabajo object (49)",
      "precio": "4688.00"
    }
  },
  {
    "model": "facturas.detallefactura",
    "pk": 128,
    "fields": {
      "factura": 50,
      "descripcion": "RepuestoOrdenDeTrabajo object (22)",
      "precio": "0.00"
    }
  },
  {
    "model": "facturas.detallefactura",
    "pk": 129,
    "fields": {
      "factura": 50,
      "descripcion": "RepuestoOrdenDeTrabajo object (26)",
      "precio": "1478.00"
    }
  },
  {
    "model": "facturas.detallefactura",
    "pk": 130,
    "fields": {
      "factura": 50,
      "descripcion": "DetalleOrdenDeTrabajo object (50)",
      "precio": "4688.00"
    }
  },
  {
    "model": "facturas.detallefactura",
    "pk": 131,
    "fields": {
      "factura": 51,
      "descripcion": "DetalleOrdenDeTrabajo object (51)",
      "precio": "2738.00"
    }
  },
  {
    "model": "facturas.detallefactura",
    "pk": 132,
    "fields": {
      "factura": 52,
      "descripcion": "MaterialOrdenDeTrabajo object (58)",
      "precio": "85.00"
    }
  },
  {
    "model": "facturas.detallefactura",
    "pk": 133,
    "fields": {
      "factura": 52,
      "descripcion": "RepuestoOrdenDeTrabajo object (24)",
      "precio": "0.00"
    }
  },
  {
    "model": "facturas.detallefactura",
    "pk": 134,
    "fields": {
      "factura": 52,
      "descripcion": "RepuestoOrdenDeTrabajo object (27)",
      "precio": "3983.00"
    }
  },
  {
    "model": "facturas.detallefactura",
    "pk": 135,
    "fields": {
      "factura": 52,
      "descripcion": "DetalleOrdenDeTrabajo object (53)",
      "precio": "1469.00"
    }
  },
  {
    "model": "facturas.detallefactura",
    "pk": 136,
    "fields": {
      "factura": 53,
      "descripcion": "MaterialOrdenDeTrabajo object (38)",
      "precio": "0.00"
    }
  },
  {
    "model": "facturas.detallefactura",
    "pk": 137,
    "fields": {
      "factura": 53,
      "descripcion": "MaterialOrdenDeTrabajo object (59)",
      "precio": "5695.00"
    }
  },
  {
    "model": "facturas.detallefactura",
    "pk": 138,
    "fields": {
      "factura": 53,
      "descripcion": "DetalleOrdenDeTrabajo object (54)",
      "precio": "1259.00"
    }
  },
  {
    "model": "facturas.detallefactura",
    "pk": 139,
    "fields": {
      "factura": 54,
      "descripcion": "MaterialOrdenDeTrabajo object (57)",
      "precio": "3551.00"
    }
  },
  {
    "model": "facturas.detallefactura",
    "pk": 140,
    "fields": {
      "factura": 54,
      "descripcion": "RepuestoOrdenDeTrabajo object (23)",
      "precio": "0.00"
    }
  },
  {
    "model": "facturas.detallefactura",
    "pk": 141,
    "fields": {
      "factura": 54,
      "descripcion": "DetalleOrdenDeTrabajo object (52)",
      "precio": "1469.00"
    }
  },
  {
    "model": "facturas.pago",
    "pk": 1,
    "fields": {
      "factura": 1,
      "fecha": "2023-01-21",
      "monto": 5042,
      "tipo": 0
    }
  }, {
    "model": "facturas.pago",
    "pk": 2,
    "fields": {
      "factura": 2,
      "fecha": "2023-01-30",
      "monto": 2738,
      "tipo": 0
    }
  }, {
    "model": "facturas.pago",
    "pk": 3,
    "fields": {
      "factura": 3,
      "fecha": "2023-02-08",
      "monto": 1979,
      "tipo": 0
    }
  }, {
    "model": "facturas.pago",
    "pk": 4,
    "fields": {
      "factura": 4,
      "fecha": "2023-02-09",
      "monto": 9675,
      "tipo": 0
    }
  }, {
    "model": "facturas.pago",
    "pk": 5,
    "fields": {
      "factura": 5,
      "fecha": "2023-02-21",
      "monto": 4915,
      "tipo": 0
    }
  }, {
    "model": "facturas.pago",
    "pk": 6,
    "fields": {
      "factura": 6,
      "fecha": "2023-02-28",
      "monto": 2279,
      "tipo": 0
    }
  }, {
    "model": "facturas.pago",
    "pk": 7,
    "fields": {
      "factura": 7,
      "fecha": "2023-03-04",
      "monto": 7930,
      "tipo": 0
    }
  }, {
    "model": "facturas.pago",
    "pk": 8,
    "fields": {
      "factura": 8,
      "fecha": "2023-03-14",
      "monto": 2058,
      "tipo": 0
    }
  }, {
    "model": "facturas.pago",
    "pk": 9,
    "fields": {
      "factura": 9,
      "fecha": "2023-03-18",
      "monto": 7695,
      "tipo": 0
    }
  }, {
    "model": "facturas.pago",
    "pk": 10,
    "fields": {
      "factura": 10,
      "fecha": "2023-03-25",
      "monto": 1684,
      "tipo": 0
    }
  }, {
    "model": "facturas.pago",
    "pk": 11,
    "fields": {
      "factura": 11,
      "fecha": "2023-04-04",
      "monto": 14832,
      "tipo": 0
    }
  }, {
    "model": "facturas.pago",
    "pk": 12,
    "fields": {
      "factura": 12,
      "fecha": "2023-04-08",
      "monto": 4053,
      "tipo": 0
    }
  }, {
    "model": "facturas.pago",
    "pk": 13,
    "fields": {
      "factura": 13,
      "fecha": "2023-04-13",
      "monto": 5999,
      "tipo": 0
    }
  }, {
    "model": "facturas.pago",
    "pk": 14,
    "fields": {
      "factura": 14,
      "fecha": "2023-04-25",
      "monto": 2738,
      "tipo": 0
    }
  }, {
    "model": "facturas.pago",
    "pk": 15,
    "fields": {
      "factura": 15,
      "fecha": "2023-04-29",
      "monto": 2255,
      "tipo": 0
    }
  }, {
    "model": "facturas.pago",
    "pk": 16,
    "fields": {
      "factura": 16,
      "fecha": "2023-04-28",
      "monto": 1524,
      "tipo": 0
    }
  }, {
    "model": "facturas.pago",
    "pk": 17,
    "fields": {
      "factura": 17,
      "fecha": "2023-05-10",
      "monto": 2649,
      "tipo": 0
    }
  }, {
    "model": "facturas.pago",
    "pk": 18,
    "fields": {
      "factura": 18,
      "fecha": "2023-05-12",
      "monto": 11924,
      "tipo": 0
    }
  }, {
    "model": "facturas.pago",
    "pk": 19,
    "fields": {
      "factura": 19,
      "fecha": "2023-05-21",
      "monto": 1469,
      "tipo": 0
    }
  }, {
    "model": "facturas.pago",
    "pk": 20,
    "fields": {
      "factura": 20,
      "fecha": "2023-05-26",
      "monto": 2738,
      "tipo": 0
    }
  }, {
    "model": "facturas.pago",
    "pk": 21,
    "fields": {
      "factura": 21,
      "fecha": "2023-06-03",
      "monto": 2649,
      "tipo": 0
    }
  }, {
    "model": "facturas.pago",
    "pk": 22,
    "fields": {
      "factura": 22,
      "fecha": "2023-06-09",
      "monto": 5181,
      "tipo": 0
    }
  }, {
    "model": "facturas.pago",
    "pk": 23,
    "fields": {
      "factura": 23,
      "fecha": "2023-06-18",
      "monto": 2738,
      "tipo": 0
    }
  }, {
    "model": "facturas.pago",
    "pk": 24,
    "fields": {
      "factura": 24,
      "fecha": "2023-06-27",
      "monto": 2636,
      "tipo": 0
    }
  }, {
    "model": "facturas.pago",
    "pk": 25,
    "fields": {
      "factura": 25,
      "fecha": "2023-07-02",
      "monto": 6424,
      "tipo": 0
    }
  }, {
    "model": "facturas.pago",
    "pk": 26,
    "fields": {
      "factura": 26,
      "fecha": "2023-07-01",
      "monto": 9055,
      "tipo": 0
    }
  }, {
    "model": "facturas.pago",
    "pk": 27,
    "fields": {
      "factura": 27,
      "fecha": "2023-07-12",
      "monto": 6814,
      "tipo": 0
    }
  }, {
    "model": "facturas.pago",
    "pk": 28,
    "fields": {
      "factura": 28,
      "fecha": "2023-07-14",
      "monto": 4437,
      "tipo": 0
    }
  }, {
    "model": "facturas.pago",
    "pk": 29,
    "fields": {
      "factura": 29,
      "fecha": "2023-07-21",
      "monto": 4741,
      "tipo": 0
    }
  }, {
    "model": "facturas.pago",
    "pk": 30,
    "fields": {
      "factura": 30,
      "fecha": "2023-07-30",
      "monto": 8613,
      "tipo": 0
    }
  }, {
    "model": "facturas.pago",
    "pk": 31,
    "fields": {
      "factura": 31,
      "fecha": "2023-08-05",
      "monto": 1531,
      "tipo": 0
    }
  }, {
    "model": "facturas.pago",
    "pk": 32,
    "fields": {
      "factura": 32,
      "fecha": "2023-08-15",
      "monto": 15455,
      "tipo": 0
    }
  }, {
    "model": "facturas.pago",
    "pk": 33,
    "fields": {
      "factura": 33,
      "fecha": "2023-08-21",
      "monto": 1894,
      "tipo": 0
    }
  }, {
    "model": "facturas.pago",
    "pk": 34,
    "fields": {
      "factura": 34,
      "fecha": "2023-08-29",
      "monto": 7889,
      "tipo": 0
    }
  }, {
    "model": "facturas.pago",
    "pk": 35,
    "fields": {
      "factura": 35,
      "fecha": "2023-09-03",
      "monto": 6664,
      "tipo": 0
    }
  }, {
    "model": "facturas.pago",
    "pk": 36,
    "fields": {
      "factura": 36,
      "fecha": "2023-09-09",
      "monto": 1631,
      "tipo": 0
    }
  }, {
    "model": "facturas.pago",
    "pk": 37,
    "fields": {
      "factura": 37,
      "fecha": "2023-09-15",
      "monto": 7929,
      "tipo": 0
    }
  }, {
    "model": "facturas.pago",
    "pk": 38,
    "fields": {
      "factura": 38,
      "fecha": "2023-09-24",
      "monto": 2738,
      "tipo": 0
    }
  }, {
    "model": "facturas.pago",
    "pk": 39,
    "fields": {
      "factura": 39,
      "fecha": "2023-10-02",
      "monto": 2738,
      "tipo": 0
    }
  }, {
    "model": "facturas.pago",
    "pk": 40,
    "fields": {
      "factura": 40,
      "fecha": "2023-09-28",
      "monto": 10610,
      "tipo": 0
    }
  }, {
    "model": "facturas.pago",
    "pk": 41,
    "fields": {
      "factura": 41,
      "fecha": "2023-10-06",
      "monto": 33323,
      "tipo": 0
    }
  }, {
    "model": "facturas.pago",
    "pk": 42,
    "fields": {
      "factura": 42,
      "fecha": "2023-10-15",
      "monto": 7656,
      "tipo": 0
    }
  }, {
    "model": "facturas.pago",
    "pk": 43,
    "fields": {
      "factura": 43,
      "fecha": "2023-10-23",
      "monto": 1469,
      "tipo": 0
    }
  }, {
    "model": "facturas.pago",
    "pk": 44,
    "fields": {
      "factura": 44,
      "fecha": "2023-10-28",
      "monto": 9921,
      "tipo": 0
    }
  }, {
    "model": "facturas.pago",
    "pk": 45,
    "fields": {
      "factura": 45,
      "fecha": "2023-11-04",
      "monto": 1259,
      "tipo": 0
    }
  }, {
    "model": "facturas.pago",
    "pk": 46,
    "fields": {
      "factura": 46,
      "fecha": "2023-11-06",
      "monto": 1524,
      "tipo": 0
    }
  }, {
    "model": "facturas.pago",
    "pk": 47,
    "fields": {
      "factura": 47,
      "fecha": "2023-11-16",
      "monto": 2738,
      "tipo": 0
    }
  }, {
    "model": "facturas.pago",
    "pk": 48,
    "fields": {
      "factura": 48,
      "fecha": "2023-11-20",
      "monto": 9352,
      "tipo": 0
    }
  }, {
    "model": "facturas.pago",
    "pk": 49,
    "fields": {
      "factura": 49,
      "fecha": "2023-11-16",
      "monto": 12654,
      "tipo": 0
    }
  }, {
    "model": "facturas.pago",
    "pk": 50,
    "fields": {
      "factura": 50,
      "fecha": "2023-11-28",
      "monto": 6166,
      "tipo": 0
    }
  }, {
    "model": "facturas.pago",
    "pk": 51,
    "fields": {
      "factura": 51,
      "fecha": "2023-12-05",
      "monto": 2738,
      "tipo": 0
    }
  }, {
    "model": "facturas.pago",
    "pk": 52,
    "fields": {
      "factura": 52,
      "fecha": "2023-12-11",
      "monto": 5537,
      "tipo": 0
    }
  }, {
    "model": "facturas.pago",
    "pk": 53,
    "fields": {
      "factura": 53,
      "fecha": "2023-12-19",
      "monto": 6954,
      "tipo": 0
    }
  }, {
    "model": "facturas.pago",
    "pk": 54,
    "fields": {
      "factura": 54,
      "fecha": "2023-12-23",
      "monto": 5020,
      "tipo": 0
    }
  }
]