[
  {
    "model": "ordenes.ordendetrabajo",
    "pk": 1,
    "fields": {
      "turno": "2023-01-16",
      "ingreso": "2023-01-16",
      "egreso": "2023-01-21",
      "estado": "6"
    }
  }, {
    "model": "ordenes.ordendetrabajo",
    "pk": 2,
    "fields": {
      "turno": "2023-01-23",
      "ingreso": "2023-01-23",
      "egreso": "2023-01-30",
      "estado": "6"
    }
  }, {
    "model": "ordenes.ordendetrabajo",
    "pk": 3,
    "fields": {
      "turno": "2023-01-30",
      "ingreso": "2023-01-30",
      "egreso": "2023-02-08",
      "estado": "6"
    }
  }, {
    "model": "ordenes.ordendetrabajo",
    "pk": 4,
    "fields": {
      "turno": "2023-02-06",
      "ingreso": "2023-02-06",
      "egreso": "2023-02-09",
      "estado": "6"
    }
  }, {
    "model": "ordenes.ordendetrabajo",
    "pk": 5,
    "fields": {
      "turno": "2023-02-13",
      "ingreso": "2023-02-13",
      "egreso": "2023-02-21",
      "estado": "6"
    }
  }, {
    "model": "ordenes.ordendetrabajo",
    "pk": 6,
    "fields": {
      "turno": "2023-02-20",
      "ingreso": "2023-02-20",
      "egreso": "2023-02-28",
      "estado": "6"
    }
  }, {
    "model": "ordenes.ordendetrabajo",
    "pk": 7,
    "fields": {
      "turno": "2023-02-27",
      "ingreso": "2023-02-27",
      "egreso": "2023-03-04",
      "estado": "6"
    }
  }, {
    "model": "ordenes.ordendetrabajo",
    "pk": 8,
    "fields": {
      "turno": "2023-03-06",
      "ingreso": "2023-03-06",
      "egreso": "2023-03-14",
      "estado": "6"
    }
  }, {
    "model": "ordenes.ordendetrabajo",
    "pk": 9,
    "fields": {
      "turno": "2023-03-13",
      "ingreso": "2023-03-13",
      "egreso": "2023-03-18",
      "estado": "6"
    }
  }, {
    "model": "ordenes.ordendetrabajo",
    "pk": 10,
    "fields": {
      "turno": "2023-03-20",
      "ingreso": "2023-03-20",
      "egreso": "2023-03-25",
      "estado": "6"
    }
  }, {
    "model": "ordenes.ordendetrabajo",
    "pk": 11,
    "fields": {
      "turno": "2023-03-27",
      "ingreso": "2023-03-27",
      "egreso": "2023-04-04",
      "estado": "6"
    }
  }, {
    "model": "ordenes.ordendetrabajo",
    "pk": 12,
    "fields": {
      "turno": "2023-04-03",
      "ingreso": "2023-04-03",
      "egreso": "2023-04-08",
      "estado": "6"
    }
  }, {
    "model": "ordenes.ordendetrabajo",
    "pk": 13,
    "fields": {
      "turno": "2023-04-10",
      "ingreso": "2023-04-10",
      "egreso": "2023-04-13",
      "estado": "6"
    }
  }, {
    "model": "ordenes.ordendetrabajo",
    "pk": 14,
    "fields": {
      "turno": "2023-04-17",
      "ingreso": "2023-04-17",
      "egreso": "2023-04-25",
      "estado": "6"
    }
  }, {
    "model": "ordenes.ordendetrabajo",
    "pk": 15,
    "fields": {
      "turno": "2023-04-24",
      "ingreso": "2023-04-24",
      "egreso": "2023-04-29",
      "estado": "6"
    }
  }, {
    "model": "ordenes.ordendetrabajo",
    "pk": 16,
    "fields": {
      "turno": "2023-04-24",
      "ingreso": "2023-04-24",
      "egreso": "2023-04-28",
      "estado": "6"
    }
  }, {
    "model": "ordenes.ordendetrabajo",
    "pk": 17,
    "fields": {
      "turno": "2023-05-01",
      "ingreso": "2023-05-01",
      "egreso": "2023-05-10",
      "estado": "6"
    }
  }, {
    "model": "ordenes.ordendetrabajo",
    "pk": 18,
    "fields": {
      "turno": "2023-05-08",
      "ingreso": "2023-05-08",
      "egreso": "2023-05-12",
      "estado": "6"
    }
  }, {
    "model": "ordenes.ordendetrabajo",
    "pk": 19,
    "fields": {
      "turno": "2023-05-15",
      "ingreso": "2023-05-15",
      "egreso": "2023-05-21",
      "estado": "6"
    }
  }, {
    "model": "ordenes.ordendetrabajo",
    "pk": 20,
    "fields": {
      "turno": "2023-05-22",
      "ingreso": "2023-05-22",
      "egreso": "2023-05-26",
      "estado": "6"
    }
  }, {
    "model": "ordenes.ordendetrabajo",
    "pk": 21,
    "fields": {
      "turno": "2023-05-29",
      "ingreso": "2023-05-29",
      "egreso": "2023-06-03",
      "estado": "6"
    }
  }, {
    "model": "ordenes.ordendetrabajo",
    "pk": 22,
    "fields": {
      "turno": "2023-06-05",
      "ingreso": "2023-06-05",
      "egreso": "2023-06-09",
      "estado": "6"
    }
  }, {
    "model": "ordenes.ordendetrabajo",
    "pk": 23,
    "fields": {
      "turno": "2023-06-12",
      "ingreso": "2023-06-12",
      "egreso": "2023-06-18",
      "estado": "6"
    }
  }, {
    "model": "ordenes.ordendetrabajo",
    "pk": 24,
    "fields": {
      "turno": "2023-06-19",
      "ingreso": "2023-06-19",
      "egreso": "2023-06-27",
      "estado": "6"
    }
  }, {
    "model": "ordenes.ordendetrabajo",
    "pk": 25,
    "fields": {
      "turno": "2023-06-26",
      "ingreso": "2023-06-26",
      "egreso": "2023-07-02",
      "estado": "6"
    }
  }, {
    "model": "ordenes.ordendetrabajo",
    "pk": 26,
    "fields": {
      "turno": "2023-06-26",
      "ingreso": "2023-06-26",
      "egreso": "2023-07-01",
      "estado": "6"
    }
  }, {
    "model": "ordenes.ordendetrabajo",
    "pk": 27,
    "fields": {
      "turno": "2023-07-03",
      "ingreso": "2023-07-03",
      "egreso": "2023-07-12",
      "estado": "6"
    }
  }, {
    "model": "ordenes.ordendetrabajo",
    "pk": 28,
    "fields": {
      "turno": "2023-07-10",
      "ingreso": "2023-07-10",
      "egreso": "2023-07-14",
      "estado": "6"
    }
  }, {
    "model": "ordenes.ordendetrabajo",
    "pk": 29,
    "fields": {
      "turno": "2023-07-17",
      "ingreso": "2023-07-17",
      "egreso": "2023-07-21",
      "estado": "6"
    }
  }, {
    "model": "ordenes.ordendetrabajo",
    "pk": 30,
    "fields": {
      "turno": "2023-07-24",
      "ingreso": "2023-07-24",
      "egreso": "2023-07-30",
      "estado": "6"
    }
  }, {
    "model": "ordenes.ordendetrabajo",
    "pk": 31,
    "fields": {
      "turno": "2023-07-31",
      "ingreso": "2023-07-31",
      "egreso": "2023-08-05",
      "estado": "6"
    }
  }, {
    "model": "ordenes.ordendetrabajo",
    "pk": 32,
    "fields": {
      "turno": "2023-08-07",
      "ingreso": "2023-08-07",
      "egreso": "2023-08-15",
      "estado": "6"
    }
  }, {
    "model": "ordenes.ordendetrabajo",
    "pk": 33,
    "fields": {
      "turno": "2023-08-14",
      "ingreso": "2023-08-14",
      "egreso": "2023-08-21",
      "estado": "6"
    }
  }, {
    "model": "ordenes.ordendetrabajo",
    "pk": 34,
    "fields": {
      "turno": "2023-08-21",
      "ingreso": "2023-08-21",
      "egreso": "2023-08-29",
      "estado": "6"
    }
  }, {
    "model": "ordenes.ordendetrabajo",
    "pk": 35,
    "fields": {
      "turno": "2023-08-28",
      "ingreso": "2023-08-28",
      "egreso": "2023-09-03",
      "estado": "6"
    }
  }, {
    "model": "ordenes.ordendetrabajo",
    "pk": 36,
    "fields": {
      "turno": "2023-09-04",
      "ingreso": "2023-09-04",
      "egreso": "2023-09-09",
      "estado": "6"
    }
  }, {
    "model": "ordenes.ordendetrabajo",
    "pk": 37,
    "fields": {
      "turno": "2023-09-11",
      "ingreso": "2023-09-11",
      "egreso": "2023-09-15",
      "estado": "6"
    }
  }, {
    "model": "ordenes.ordendetrabajo",
    "pk": 38,
    "fields": {
      "turno": "2023-09-18",
      "ingreso": "2023-09-18",
      "egreso": "2023-09-24",
      "estado": "6"
    }
  }, {
    "model": "ordenes.ordendetrabajo",
    "pk": 39,
    "fields": {
      "turno": "2023-09-25",
      "ingreso": "2023-09-25",
      "egreso": "2023-10-02",
      "estado": "6"
    }
  }, {
    "model": "ordenes.ordendetrabajo",
    "pk": 40,
    "fields": {
      "turno": "2023-09-25",
      "ingreso": "2023-09-25",
      "egreso": "2023-09-28",
      "estado": "6"
    }
  }, {
    "model": "ordenes.ordendetrabajo",
    "pk": 41,
    "fields": {
      "turno": "2023-10-02",
      "ingreso": "2023-10-02",
      "egreso": "2023-10-06",
      "estado": "6"
    }
  }, {
    "model": "ordenes.ordendetrabajo",
    "pk": 42,
    "fields": {
      "turno": "2023-10-09",
      "ingreso": "2023-10-09",
      "egreso": "2023-10-15",
      "estado": "6"
    }
  }, {
    "model": "ordenes.ordendetrabajo",
    "pk": 43,
    "fields": {
      "turno": "2023-10-16",
      "ingreso": "2023-10-16",
      "egreso": "2023-10-23",
      "estado": "6"
    }
  }, {
    "model": "ordenes.ordendetrabajo",
    "pk": 44,
    "fields": {
      "turno": "2023-10-23",
      "ingreso": "2023-10-23",
      "egreso": "2023-10-28",
      "estado": "6"
    }
  }, {
    "model": "ordenes.ordendetrabajo",
    "pk": 45,
    "fields": {
      "turno": "2023-10-30",
      "ingreso": "2023-10-30",
      "egreso": "2023-11-04",
      "estado": "6"
    }
  }, {
    "model": "ordenes.ordendetrabajo",
    "pk": 46,
    "fields": {
      "turno": "2023-10-30",
      "ingreso": "2023-10-30",
      "egreso": "2023-11-06",
      "estado": "6"
    }
  }, {
    "model": "ordenes.ordendetrabajo",
    "pk": 47,
    "fields": {
      "turno": "2023-11-06",
      "ingreso": "2023-11-06",
      "egreso": "2023-11-16",
      "estado": "6"
    }
  }, {
    "model": "ordenes.ordendetrabajo",
    "pk": 48,
    "fields": {
      "turno": "2023-11-13",
      "ingreso": "2023-11-13",
      "egreso": "2023-11-20",
      "estado": "6"
    }
  }, {
    "model": "ordenes.ordendetrabajo",
    "pk": 49,
    "fields": {
      "turno": "2023-11-13",
      "ingreso": "2023-11-13",
      "egreso": "2023-11-16",
      "estado": "6"
    }
  }, {
    "model": "ordenes.ordendetrabajo",
    "pk": 50,
    "fields": {
      "turno": "2023-11-20",
      "ingreso": "2023-11-20",
      "egreso": "2023-11-28",
      "estado": "6"
    }
  }, {
    "model": "ordenes.ordendetrabajo",
    "pk": 51,
    "fields": {
      "turno": "2023-11-27",
      "ingreso": "2023-11-27",
      "egreso": "2023-12-05",
      "estado": "6"
    }
  }, {
    "model": "ordenes.ordendetrabajo",
    "pk": 52,
    "fields": {
      "turno": "2023-12-04",
      "ingreso": "2023-12-04",
      "egreso": "2023-12-11",
      "estado": "6"
    }
  }, {
    "model": "ordenes.ordendetrabajo",
    "pk": 53,
    "fields": {
      "turno": "2023-12-11",
      "ingreso": "2023-12-11",
      "egreso": "2023-12-19",
      "estado": "6"
    }
  }, {
    "model": "ordenes.ordendetrabajo",
    "pk": 54,
    "fields": {
      "turno": "2023-12-18",
      "ingreso": "2023-12-18",
      "egreso": "2023-12-23",
      "estado": "6"
    }
  },
  {
    "model": "ordenes.detalleordendetrabajo",
    "pk": 1,
    "fields": {
      "orden": 1,
      "tarea": 1,
      "empleado": 2,
      "inicio": "2023-01-16T15:57:34.000Z",
      "fin": "2023-01-18T17:34:17.000Z",
      "exitosa": "True",
      "observaciones": ""
    }
  }, {
    "model": "ordenes.detalleordendetrabajo",
    "pk": 2,
    "fields": {
      "orden": 2,
      "tarea": 1,
      "empleado": 2,
      "inicio": "2023-01-23T10:54:48.000Z",
      "fin": "2023-01-27T17:47:33.000Z",
      "exitosa": "True",
      "observaciones": ""
    }
  }, {
    "model": "ordenes.detalleordendetrabajo",
    "pk": 3,
    "fields": {
      "orden": 3,
      "tarea": 1,
      "empleado": 3,
      "inicio": "2023-02-01T10:25:23.000Z",
      "fin": "2023-02-06T19:40:48.000Z",
      "exitosa": "True",
      "observaciones": ""
    }
  }, {
    "model": "ordenes.detalleordendetrabajo",
    "pk": 4,
    "fields": {
      "orden": 4,
      "tarea": 4,
      "empleado": 1,
      "inicio": "2023-02-06T10:28:56.000Z",
      "fin": "2023-02-07T15:23:55.000Z",
      "exitosa": "True",
      "observaciones": ""
    }
  }, {
    "model": "ordenes.detalleordendetrabajo",
    "pk": 5,
    "fields": {
      "orden": 5,
      "tarea": 4,
      "empleado": 2,
      "inicio": "2023-02-15T11:42:53.000Z",
      "fin": "2023-02-19T15:15:22.000Z",
      "exitosa": "True",
      "observaciones": ""
    }
  }, {
    "model": "ordenes.detalleordendetrabajo",
    "pk": 6,
    "fields": {
      "orden": 6,
      "tarea": 7,
      "empleado": 3,
      "inicio": "2023-02-21T16:33:50.000Z",
      "fin": "2023-02-26T17:29:36.000Z",
      "exitosa": "True",
      "observaciones": ""
    }
  }, {
    "model": "ordenes.detalleordendetrabajo",
    "pk": 7,
    "fields": {
      "orden": 7,
      "tarea": 5,
      "empleado": 1,
      "inicio": "2023-02-27T15:54:21.000Z",
      "fin": "2023-03-03T17:51:19.000Z",
      "exitosa": "True",
      "observaciones": ""
    }
  }, {
    "model": "ordenes.detalleordendetrabajo",
    "pk": 8,
    "fields": {
      "orden": 8,
      "tarea": 1,
      "empleado": 2,
      "inicio": "2023-03-08T17:23:32.000Z",
      "fin": "2023-03-13T17:39:51.000Z",
      "exitosa": "True",
      "observaciones": ""
    }
  }, {
    "model": "ordenes.detalleordendetrabajo",
    "pk": 9,
    "fields": {
      "orden": 9,
      "tarea": 4,
      "empleado": 3,
      "inicio": "2023-03-13T16:59:21.000Z",
      "fin": "2023-03-15T13:26:26.000Z",
      "exitosa": "True",
      "observaciones": ""
    }
  }, {
    "model": "ordenes.detalleordendetrabajo",
    "pk": 10,
    "fields": {
      "orden": 10,
      "tarea": 7,
      "empleado": 1,
      "inicio": "2023-03-22T16:55:34.000Z",
      "fin": "2023-03-23T15:59:44.000Z",
      "exitosa": "True",
      "observaciones": ""
    }
  }, {
    "model": "ordenes.detalleordendetrabajo",
    "pk": 11,
    "fields": {
      "orden": 11,
      "tarea": 8,
      "empleado": 2,
      "inicio": "2023-03-29T14:34:18.000Z",
      "fin": "2023-04-03T14:50:28.000Z",
      "exitosa": "True",
      "observaciones": ""
    }
  }, {
    "model": "ordenes.detalleordendetrabajo",
    "pk": 12,
    "fields": {
      "orden": 12,
      "tarea": 5,
      "empleado": 2,
      "inicio": "2023-04-03T17:50:14.000Z",
      "fin": "2023-04-07T17:59:23.000Z",
      "exitosa": "True",
      "observaciones": ""
    }
  }, {
    "model": "ordenes.detalleordendetrabajo",
    "pk": 13,
    "fields": {
      "orden": 13,
      "tarea": 3,
      "empleado": 5,
      "inicio": "2023-04-10T14:12:38.000Z",
      "fin": "2023-04-11T17:46:45.000Z",
      "exitosa": "True",
      "observaciones": ""
    }
  }, {
    "model": "ordenes.detalleordendetrabajo",
    "pk": 14,
    "fields": {
      "orden": 14,
      "tarea": 3,
      "empleado": 5,
      "inicio": "2023-04-19T14:14:45.000Z",
      "fin": "2023-04-23T18:48:58.000Z",
      "exitosa": "True",
      "observaciones": ""
    }
  }, {
    "model": "ordenes.detalleordendetrabajo",
    "pk": 15,
    "fields": {
      "orden": 15,
      "tarea": 4,
      "empleado": 2,
      "inicio": "2023-04-25T11:26:50.000Z",
      "fin": "2023-04-28T15:59:35.000Z",
      "exitosa": "True",
      "observaciones": ""
    }
  }, {
    "model": "ordenes.detalleordendetrabajo",
    "pk": 16,
    "fields": {
      "orden": 16,
      "tarea": 4,
      "empleado": 3,
      "inicio": "2023-04-26T16:10:15.000Z",
      "fin": "2023-04-27T18:29:25.000Z",
      "exitosa": "True",
      "observaciones": ""
    }
  }, {
    "model": "ordenes.detalleordendetrabajo",
    "pk": 17,
    "fields": {
      "orden": 17,
      "tarea": 2,
      "empleado": 6,
      "inicio": "2023-05-03T14:22:27.000Z",
      "fin": "2023-05-08T16:33:37.000Z",
      "exitosa": "True",
      "observaciones": ""
    }
  }, {
    "model": "ordenes.detalleordendetrabajo",
    "pk": 18,
    "fields": {
      "orden": 18,
      "tarea": 5,
      "empleado": 3,
      "inicio": "2023-05-08T10:56:45.000Z",
      "fin": "2023-05-11T19:45:13.000Z",
      "exitosa": "True",
      "observaciones": ""
    }
  }, {
    "model": "ordenes.detalleordendetrabajo",
    "pk": 19,
    "fields": {
      "orden": 19,
      "tarea": 5,
      "empleado": 3,
      "inicio": "2023-05-16T17:10:59.000Z",
      "fin": "2023-05-20T15:57:20.000Z",
      "exitosa": "True",
      "observaciones": ""
    }
  }, {
    "model": "ordenes.detalleordendetrabajo",
    "pk": 20,
    "fields": {
      "orden": 20,
      "tarea": 3,
      "empleado": 5,
      "inicio": "2023-05-22T13:18:52.000Z",
      "fin": "2023-05-23T15:19:32.000Z",
      "exitosa": "True",
      "observaciones": ""
    }
  }, {
    "model": "ordenes.detalleordendetrabajo",
    "pk": 21,
    "fields": {
      "orden": 21,
      "tarea": 2,
      "empleado": 6,
      "inicio": "2023-05-30T15:55:30.000Z",
      "fin": "2023-06-02T18:35:58.000Z",
      "exitosa": "True",
      "observaciones": ""
    }
  }, {
    "model": "ordenes.detalleordendetrabajo",
    "pk": 22,
    "fields": {
      "orden": 22,
      "tarea": 4,
      "empleado": 2,
      "inicio": "2023-06-06T14:15:18.000Z",
      "fin": "2023-06-07T16:47:46.000Z",
      "exitosa": "True",
      "observaciones": ""
    }
  }, {
    "model": "ordenes.detalleordendetrabajo",
    "pk": 23,
    "fields": {
      "orden": 23,
      "tarea": 3,
      "empleado": 6,
      "inicio": "2023-06-13T17:21:51.000Z",
      "fin": "2023-06-17T16:20:45.000Z",
      "exitosa": "True",
      "observaciones": ""
    }
  }, {
    "model": "ordenes.detalleordendetrabajo",
    "pk": 24,
    "fields": {
      "orden": 24,
      "tarea": 7,
      "empleado": 1,
      "inicio": "2023-06-20T10:48:22.000Z",
      "fin": "2023-06-24T19:28:26.000Z",
      "exitosa": "True",
      "observaciones": ""
    }
  }, {
    "model": "ordenes.detalleordendetrabajo",
    "pk": 25,
    "fields": {
      "orden": 25,
      "tarea": 6,
      "empleado": 2,
      "inicio": "2023-06-28T16:24:16.000Z",
      "fin": "2023-07-01T17:39:32.000Z",
      "exitosa": "True",
      "observaciones": ""
    }
  }, {
    "model": "ordenes.detalleordendetrabajo",
    "pk": 26,
    "fields": {
      "orden": 26,
      "tarea": 7,
      "empleado": 2,
      "inicio": "2023-06-26T14:27:37.000Z",
      "fin": "2023-06-28T16:53:50.000Z",
      "exitosa": "True",
      "observaciones": ""
    }
  }, {
    "model": "ordenes.detalleordendetrabajo",
    "pk": 27,
    "fields": {
      "orden": 27,
      "tarea": 7,
      "empleado": 1,
      "inicio": "2023-07-04T11:42:19.000Z",
      "fin": "2023-07-09T20:38:52.000Z",
      "exitosa": "True",
      "observaciones": ""
    }
  }, {
    "model": "ordenes.detalleordendetrabajo",
    "pk": 28,
    "fields": {
      "orden": 28,
      "tarea": 5,
      "empleado": 3,
      "inicio": "2023-07-10T15:44:22.000Z",
      "fin": "2023-07-11T13:31:21.000Z",
      "exitosa": "True",
      "observaciones": ""
    }
  }, {
    "model": "ordenes.detalleordendetrabajo",
    "pk": 29,
    "fields": {
      "orden": 29,
      "tarea": 6,
      "empleado": 2,
      "inicio": "2023-07-18T14:20:17.000Z",
      "fin": "2023-07-19T17:58:10.000Z",
      "exitosa": "True",
      "observaciones": ""
    }
  }, {
    "model": "ordenes.detalleordendetrabajo",
    "pk": 30,
    "fields": {
      "orden": 30,
      "tarea": 4,
      "empleado": 2,
      "inicio": "2023-07-25T14:53:56.000Z",
      "fin": "2023-07-29T20:55:12.000Z",
      "exitosa": "True",
      "observaciones": ""
    }
  }, {
    "model": "ordenes.detalleordendetrabajo",
    "pk": 31,
    "fields": {
      "orden": 31,
      "tarea": 5,
      "empleado": 3,
      "inicio": "2023-08-01T11:30:52.000Z",
      "fin": "2023-08-03T19:37:12.000Z",
      "exitosa": "True",
      "observaciones": ""
    }
  }, {
    "model": "ordenes.detalleordendetrabajo",
    "pk": 32,
    "fields": {
      "orden": 32,
      "tarea": 8,
      "empleado": 2,
      "inicio": "2023-08-09T17:19:11.000Z",
      "fin": "2023-08-13T13:10:23.000Z",
      "exitosa": "True",
      "observaciones": ""
    }
  }, {
    "model": "ordenes.detalleordendetrabajo",
    "pk": 33,
    "fields": {
      "orden": 33,
      "tarea": 5,
      "empleado": 2,
      "inicio": "2023-08-15T14:29:43.000Z",
      "fin": "2023-08-18T20:40:43.000Z",
      "exitosa": "True",
      "observaciones": ""
    }
  }, {
    "model": "ordenes.detalleordendetrabajo",
    "pk": 34,
    "fields": {
      "orden": 34,
      "tarea": 4,
      "empleado": 3,
      "inicio": "2023-08-23T17:10:38.000Z",
      "fin": "2023-08-26T16:42:14.000Z",
      "exitosa": "True",
      "observaciones": ""
    }
  }, {
    "model": "ordenes.detalleordendetrabajo",
    "pk": 35,
    "fields": {
      "orden": 35,
      "tarea": 7,
      "empleado": 3,
      "inicio": "2023-08-29T10:30:59.000Z",
      "fin": "2023-08-31T13:39:17.000Z",
      "exitosa": "True",
      "observaciones": ""
    }
  }, {
    "model": "ordenes.detalleordendetrabajo",
    "pk": 36,
    "fields": {
      "orden": 36,
      "tarea": 4,
      "empleado": 2,
      "inicio": "2023-09-04T15:21:31.000Z",
      "fin": "2023-09-07T15:39:39.000Z",
      "exitosa": "True",
      "observaciones": ""
    }
  }, {
    "model": "ordenes.detalleordendetrabajo",
    "pk": 37,
    "fields": {
      "orden": 37,
      "tarea": 5,
      "empleado": 1,
      "inicio": "2023-09-11T10:13:59.000Z",
      "fin": "2023-09-14T19:23:45.000Z",
      "exitosa": "True",
      "observaciones": ""
    }
  }, {
    "model": "ordenes.detalleordendetrabajo",
    "pk": 38,
    "fields": {
      "orden": 38,
      "tarea": 3,
      "empleado": 6,
      "inicio": "2023-09-20T10:14:21.000Z",
      "fin": "2023-09-21T19:16:10.000Z",
      "exitosa": "True",
      "observaciones": ""
    }
  }, {
    "model": "ordenes.detalleordendetrabajo",
    "pk": 39,
    "fields": {
      "orden": 39,
      "tarea": 3,
      "empleado": 6,
      "inicio": "2023-09-26T14:51:47.000Z",
      "fin": "2023-10-01T13:36:27.000Z",
      "exitosa": "True",
      "observaciones": ""
    }
  }, {
    "model": "ordenes.detalleordendetrabajo",
    "pk": 40,
    "fields": {
      "orden": 40,
      "tarea": 8,
      "empleado": 2,
      "inicio": "2023-09-26T11:14:35.000Z",
      "fin": "2023-09-27T15:29:44.000Z",
      "exitosa": "True",
      "observaciones": ""
    }
  }, {
    "model": "ordenes.detalleordendetrabajo",
    "pk": 41,
    "fields": {
      "orden": 41,
      "tarea": 6,
      "empleado": 3,
      "inicio": "2023-10-02T17:38:24.000Z",
      "fin": "2023-10-04T18:41:13.000Z",
      "exitosa": "True",
      "observaciones": ""
    }
  }, {
    "model": "ordenes.detalleordendetrabajo",
    "pk": 42,
    "fields": {
      "orden": 42,
      "tarea": 6,
      "empleado": 1,
      "inicio": "2023-10-09T10:56:31.000Z",
      "fin": "2023-10-13T17:23:59.000Z",
      "exitosa": "True",
      "observaciones": ""
    }
  }, {
    "model": "ordenes.detalleordendetrabajo",
    "pk": 43,
    "fields": {
      "orden": 43,
      "tarea": 5,
      "empleado": 2,
      "inicio": "2023-10-17T16:44:46.000Z",
      "fin": "2023-10-22T17:31:32.000Z",
      "exitosa": "True",
      "observaciones": ""
    }
  }, {
    "model": "ordenes.detalleordendetrabajo",
    "pk": 44,
    "fields": {
      "orden": 44,
      "tarea": 5,
      "empleado": 2,
      "inicio": "2023-10-24T12:29:39.000Z",
      "fin": "2023-10-26T19:37:29.000Z",
      "exitosa": "True",
      "observaciones": ""
    }
  }, {
    "model": "ordenes.detalleordendetrabajo",
    "pk": 45,
    "fields": {
      "orden": 45,
      "tarea": 4,
      "empleado": 3,
      "inicio": "2023-10-31T16:43:56.000Z",
      "fin": "2023-11-02T17:43:57.000Z",
      "exitosa": "True",
      "observaciones": ""
    }
  }, {
    "model": "ordenes.detalleordendetrabajo",
    "pk": 46,
    "fields": {
      "orden": 46,
      "tarea": 4,
      "empleado": 1,
      "inicio": "2023-11-01T15:29:31.000Z",
      "fin": "2023-11-04T19:50:56.000Z",
      "exitosa": "True",
      "observaciones": ""
    }
  }, {
    "model": "ordenes.detalleordendetrabajo",
    "pk": 47,
    "fields": {
      "orden": 47,
      "tarea": 3,
      "empleado": 5,
      "inicio": "2023-11-08T12:47:32.000Z",
      "fin": "2023-11-13T18:53:46.000Z",
      "exitosa": "True",
      "observaciones": ""
    }
  }, {
    "model": "ordenes.detalleordendetrabajo",
    "pk": 48,
    "fields": {
      "orden": 48,
      "tarea": 6,
      "empleado": 3,
      "inicio": "2023-11-13T10:20:11.000Z",
      "fin": "2023-11-17T20:21:56.000Z",
      "exitosa": "True",
      "observaciones": ""
    }
  }, {
    "model": "ordenes.detalleordendetrabajo",
    "pk": 49,
    "fields": {
      "orden": 49,
      "tarea": 6,
      "empleado": 2,
      "inicio": "2023-11-14T10:15:34.000Z",
      "fin": "2023-11-15T16:59:28.000Z",
      "exitosa": "True",
      "observaciones": ""
    }
  }, {
    "model": "ordenes.detalleordendetrabajo",
    "pk": 50,
    "fields": {
      "orden": 50,
      "tarea": 6,
      "empleado": 3,
      "inicio": "2023-11-21T16:28:19.000Z",
      "fin": "2023-11-25T20:29:21.000Z",
      "exitosa": "True",
      "observaciones": ""
    }
  }, {
    "model": "ordenes.detalleordendetrabajo",
    "pk": 51,
    "fields": {
      "orden": 51,
      "tarea": 3,
      "empleado": 5,
      "inicio": "2023-11-28T14:50:48.000Z",
      "fin": "2023-12-02T20:31:22.000Z",
      "exitosa": "True",
      "observaciones": ""
    }
  }, {
    "model": "ordenes.detalleordendetrabajo",
    "pk": 52,
    "fields": {
      "orden": 52,
      "tarea": 5,
      "empleado": 2,
      "inicio": "2023-12-05T14:10:49.000Z",
      "fin": "2023-12-08T18:12:34.000Z",
      "exitosa": "True",
      "observaciones": ""
    }
  }, {
    "model": "ordenes.detalleordendetrabajo",
    "pk": 53,
    "fields": {
      "orden": 53,
      "tarea": 5,
      "empleado": 3,
      "inicio": "2023-12-11T15:19:37.000Z",
      "fin": "2023-12-16T19:37:13.000Z",
      "exitosa": "True",
      "observaciones": ""
    }
  }, {
    "model": "ordenes.detalleordendetrabajo",
    "pk": 54,
    "fields": {
      "orden": 54,
      "tarea": 4,
      "empleado": 2,
      "inicio": "2023-12-20T10:35:34.000Z",
      "fin": "2023-12-21T18:56:56.000Z",
      "exitosa": "True",
      "observaciones": ""
    }
  },
  {
    "model": "ordenes.materialordendetrabajo",
    "pk": 1,
    "fields": {
      "material": 3,
      "orden": 1,
      "cantidad_presupuestada": 1,
      "cantidad_utilizada": 0
    }
  },
  {
    "model": "ordenes.materialordendetrabajo",
    "pk": 2,
    "fields": {
      "material": 1,
      "orden": 1,
      "cantidad_presupuestada": 0,
      "cantidad_utilizada": 20
    }
  },
  {
    "model": "ordenes.materialordendetrabajo",
    "pk": 3,
    "fields": {
      "material": 2,
      "orden": 2,
      "cantidad_presupuestada": 1,
      "cantidad_utilizada": 0
    }
  },
  {
    "model": "ordenes.materialordendetrabajo",
    "pk": 4,
    "fields": {
      "material": 4,
      "orden": 3,
      "cantidad_presupuestada": 1,
      "cantidad_utilizada": 0
    }
  },
  {
    "model": "ordenes.materialordendetrabajo",
    "pk": 5,
    "fields": {
      "material": 4,
      "orden": 4,
      "cantidad_presupuestada": 1,
      "cantidad_utilizada": 14
    }
  },
  {
    "model": "ordenes.materialordendetrabajo",
    "pk": 6,
    "fields": {
      "material": 4,
      "orden": 5,
      "cantidad_presupuestada": 1,
      "cantidad_utilizada": 5
    }
  },
  {
    "model": "ordenes.materialordendetrabajo",
    "pk": 7,
    "fields": {
      "material": 5,
      "orden": 6,
      "cantidad_presupuestada": 1,
      "cantidad_utilizada": 0
    }
  },
  {
    "model": "ordenes.materialordendetrabajo",
    "pk": 8,
    "fields": {
      "material": 2,
      "orden": 8,
      "cantidad_presupuestada": 1,
      "cantidad_utilizada": 0
    }
  },
  {
    "model": "ordenes.materialordendetrabajo",
    "pk": 9,
    "fields": {
      "material": 4,
      "orden": 9,
      "cantidad_presupuestada": 1,
      "cantidad_utilizada": 12
    }
  },
  {
    "model": "ordenes.materialordendetrabajo",
    "pk": 10,
    "fields": {
      "material": 4,
      "orden": 10,
      "cantidad_presupuestada": 1,
      "cantidad_utilizada": 0
    }
  },
  {
    "model": "ordenes.materialordendetrabajo",
    "pk": 11,
    "fields": {
      "material": 3,
      "orden": 11,
      "cantidad_presupuestada": 1,
      "cantidad_utilizada": 0
    }
  },
  {
    "model": "ordenes.materialordendetrabajo",
    "pk": 12,
    "fields": {
      "material": 1,
      "orden": 2,
      "cantidad_presupuestada": 0,
      "cantidad_utilizada": 12
    }
  },
  {
    "model": "ordenes.materialordendetrabajo",
    "pk": 13,
    "fields": {
      "material": 1,
      "orden": 3,
      "cantidad_presupuestada": 0,
      "cantidad_utilizada": 14
    }
  },
  {
    "model": "ordenes.materialordendetrabajo",
    "pk": 14,
    "fields": {
      "material": 3,
      "orden": 4,
      "cantidad_presupuestada": 0,
      "cantidad_utilizada": 208
    }
  },
  {
    "model": "ordenes.materialordendetrabajo",
    "pk": 15,
    "fields": {
      "material": 2,
      "orden": 4,
      "cantidad_presupuestada": 0,
      "cantidad_utilizada": 16
    }
  },
  {
    "model": "ordenes.materialordendetrabajo",
    "pk": 16,
    "fields": {
      "material": 5,
      "orden": 4,
      "cantidad_presupuestada": 0,
      "cantidad_utilizada": 1
    }
  },
  {
    "model": "ordenes.materialordendetrabajo",
    "pk": 17,
    "fields": {
      "material": 1,
      "orden": 6,
      "cantidad_presupuestada": 0,
      "cantidad_utilizada": 67
    }
  },
  {
    "model": "ordenes.materialordendetrabajo",
    "pk": 18,
    "fields": {
      "material": 5,
      "orden": 7,
      "cantidad_presupuestada": 0,
      "cantidad_utilizada": 19
    }
  },
  {
    "model": "ordenes.materialordendetrabajo",
    "pk": 19,
    "fields": {
      "material": 4,
      "orden": 8,
      "cantidad_presupuestada": 0,
      "cantidad_utilizada": 77
    }
  },
  {
    "model": "ordenes.materialordendetrabajo",
    "pk": 20,
    "fields": {
      "material": 3,
      "orden": 10,
      "cantidad_presupuestada": 0,
      "cantidad_utilizada": 55
    }
  },
  {
    "model": "ordenes.materialordendetrabajo",
    "pk": 21,
    "fields": {
      "material": 4,
      "orden": 11,
      "cantidad_presupuestada": 0,
      "cantidad_utilizada": 55
    }
  },
  {
    "model": "ordenes.materialordendetrabajo",
    "pk": 22,
    "fields": {
      "material": 4,
      "orden": 12,
      "cantidad_presupuestada": 0,
      "cantidad_utilizada": 6
    }
  },
  {
    "model": "ordenes.materialordendetrabajo",
    "pk": 23,
    "fields": {
      "material": 4,
      "orden": 15,
      "cantidad_presupuestada": 1,
      "cantidad_utilizada": 0
    }
  },
  {
    "model": "ordenes.materialordendetrabajo",
    "pk": 24,
    "fields": {
      "material": 3,
      "orden": 16,
      "cantidad_presupuestada": 1,
      "cantidad_utilizada": 5
    }
  },
  {
    "model": "ordenes.materialordendetrabajo",
    "pk": 25,
    "fields": {
      "material": 5,
      "orden": 16,
      "cantidad_presupuestada": 1,
      "cantidad_utilizada": 0
    }
  },
  {
    "model": "ordenes.materialordendetrabajo",
    "pk": 26,
    "fields": {
      "material": 3,
      "orden": 22,
      "cantidad_presupuestada": 1,
      "cantidad_utilizada": 74
    }
  },
  {
    "model": "ordenes.materialordendetrabajo",
    "pk": 27,
    "fields": {
      "material": 3,
      "orden": 24,
      "cantidad_presupuestada": 1,
      "cantidad_utilizada": 12
    }
  },
  {
    "model": "ordenes.materialordendetrabajo",
    "pk": 28,
    "fields": {
      "material": 2,
      "orden": 26,
      "cantidad_presupuestada": 1,
      "cantidad_utilizada": 0
    }
  },
  {
    "model": "ordenes.materialordendetrabajo",
    "pk": 29,
    "fields": {
      "material": 3,
      "orden": 27,
      "cantidad_presupuestada": 1,
      "cantidad_utilizada": 0
    }
  },
  {
    "model": "ordenes.materialordendetrabajo",
    "pk": 30,
    "fields": {
      "material": 3,
      "orden": 30,
      "cantidad_presupuestada": 1,
      "cantidad_utilizada": 56
    }
  },
  {
    "model": "ordenes.materialordendetrabajo",
    "pk": 31,
    "fields": {
      "material": 3,
      "orden": 32,
      "cantidad_presupuestada": 1,
      "cantidad_utilizada": 0
    }
  },
  {
    "model": "ordenes.materialordendetrabajo",
    "pk": 32,
    "fields": {
      "material": 4,
      "orden": 34,
      "cantidad_presupuestada": 1,
      "cantidad_utilizada": 78
    }
  },
  {
    "model": "ordenes.materialordendetrabajo",
    "pk": 33,
    "fields": {
      "material": 5,
      "orden": 35,
      "cantidad_presupuestada": 1,
      "cantidad_utilizada": 0
    }
  },
  {
    "model": "ordenes.materialordendetrabajo",
    "pk": 34,
    "fields": {
      "material": 4,
      "orden": 36,
      "cantidad_presupuestada": 1,
      "cantidad_utilizada": 0
    }
  },
  {
    "model": "ordenes.materialordendetrabajo",
    "pk": 35,
    "fields": {
      "material": 3,
      "orden": 40,
      "cantidad_presupuestada": 1,
      "cantidad_utilizada": 0
    }
  },
  {
    "model": "ordenes.materialordendetrabajo",
    "pk": 36,
    "fields": {
      "material": 1,
      "orden": 45,
      "cantidad_presupuestada": 1,
      "cantidad_utilizada": 0
    }
  },
  {
    "model": "ordenes.materialordendetrabajo",
    "pk": 37,
    "fields": {
      "material": 3,
      "orden": 46,
      "cantidad_presupuestada": 1,
      "cantidad_utilizada": 5
    }
  },
  {
    "model": "ordenes.materialordendetrabajo",
    "pk": 38,
    "fields": {
      "material": 1,
      "orden": 54,
      "cantidad_presupuestada": 1,
      "cantidad_utilizada": 0
    }
  },
  {
    "model": "ordenes.materialordendetrabajo",
    "pk": 39,
    "fields": {
      "material": 2,
      "orden": 15,
      "cantidad_presupuestada": 0,
      "cantidad_utilizada": 12
    }
  },
  {
    "model": "ordenes.materialordendetrabajo",
    "pk": 40,
    "fields": {
      "material": 4,
      "orden": 18,
      "cantidad_presupuestada": 0,
      "cantidad_utilizada": 123
    }
  },
  {
    "model": "ordenes.materialordendetrabajo",
    "pk": 41,
    "fields": {
      "material": 5,
      "orden": 25,
      "cantidad_presupuestada": 0,
      "cantidad_utilizada": 56
    }
  },
  {
    "model": "ordenes.materialordendetrabajo",
    "pk": 42,
    "fields": {
      "material": 4,
      "orden": 26,
      "cantidad_presupuestada": 0,
      "cantidad_utilizada": 83
    }
  },
  {
    "model": "ordenes.materialordendetrabajo",
    "pk": 43,
    "fields": {
      "material": 2,
      "orden": 27,
      "cantidad_presupuestada": 0,
      "cantidad_utilizada": 58
    }
  },
  {
    "model": "ordenes.materialordendetrabajo",
    "pk": 44,
    "fields": {
      "material": 3,
      "orden": 28,
      "cantidad_presupuestada": 0,
      "cantidad_utilizada": 56
    }
  },
  {
    "model": "ordenes.materialordendetrabajo",
    "pk": 45,
    "fields": {
      "material": 3,
      "orden": 29,
      "cantidad_presupuestada": 0,
      "cantidad_utilizada": 1
    }
  },
  {
    "model": "ordenes.materialordendetrabajo",
    "pk": 46,
    "fields": {
      "material": 5,
      "orden": 31,
      "cantidad_presupuestada": 0,
      "cantidad_utilizada": 2
    }
  },
  {
    "model": "ordenes.materialordendetrabajo",
    "pk": 47,
    "fields": {
      "material": 4,
      "orden": 32,
      "cantidad_presupuestada": 0,
      "cantidad_utilizada": 123
    }
  },
  {
    "model": "ordenes.materialordendetrabajo",
    "pk": 48,
    "fields": {
      "material": 4,
      "orden": 33,
      "cantidad_presupuestada": 0,
      "cantidad_utilizada": 5
    }
  },
  {
    "model": "ordenes.materialordendetrabajo",
    "pk": 49,
    "fields": {
      "material": 3,
      "orden": 35,
      "cantidad_presupuestada": 0,
      "cantidad_utilizada": 88
    }
  },
  {
    "model": "ordenes.materialordendetrabajo",
    "pk": 50,
    "fields": {
      "material": 5,
      "orden": 36,
      "cantidad_presupuestada": 0,
      "cantidad_utilizada": 12
    }
  },
  {
    "model": "ordenes.materialordendetrabajo",
    "pk": 51,
    "fields": {
      "material": 4,
      "orden": 37,
      "cantidad_presupuestada": 0,
      "cantidad_utilizada": 76
    }
  },
  {
    "model": "ordenes.materialordendetrabajo",
    "pk": 52,
    "fields": {
      "material": 4,
      "orden": 40,
      "cantidad_presupuestada": 0,
      "cantidad_utilizada": 66
    }
  },
  {
    "model": "ordenes.materialordendetrabajo",
    "pk": 53,
    "fields": {
      "material": 2,
      "orden": 41,
      "cantidad_presupuestada": 0,
      "cantidad_utilizada": 345
    }
  },
  {
    "model": "ordenes.materialordendetrabajo",
    "pk": 54,
    "fields": {
      "material": 3,
      "orden": 42,
      "cantidad_presupuestada": 0,
      "cantidad_utilizada": 56
    }
  },
  {
    "model": "ordenes.materialordendetrabajo",
    "pk": 55,
    "fields": {
      "material": 2,
      "orden": 44,
      "cantidad_presupuestada": 0,
      "cantidad_utilizada": 1
    }
  },
  {
    "model": "ordenes.materialordendetrabajo",
    "pk": 56,
    "fields": {
      "material": 3,
      "orden": 48,
      "cantidad_presupuestada": 0,
      "cantidad_utilizada": 88
    }
  },
  {
    "model": "ordenes.materialordendetrabajo",
    "pk": 57,
    "fields": {
      "material": 3,
      "orden": 52,
      "cantidad_presupuestada": 0,
      "cantidad_utilizada": 67
    }
  },
  {
    "model": "ordenes.materialordendetrabajo",
    "pk": 58,
    "fields": {
      "material": 4,
      "orden": 53,
      "cantidad_presupuestada": 0,
      "cantidad_utilizada": 1
    }
  },
  {
    "model": "ordenes.materialordendetrabajo",
    "pk": 59,
    "fields": {
      "material": 4,
      "orden": 54,
      "cantidad_presupuestada": 0,
      "cantidad_utilizada": 67
    }
  },
  {
    "model": "ordenes.repuestoordendetrabajo",
    "pk": 1,
    "fields": {
      "repuesto": 1,
      "orden": 1,
      "cantidad_presupuestada": 1,
      "cantidad_utilizada": 1
    }
  },
  {
    "model": "ordenes.repuestoordendetrabajo",
    "pk": 2,
    "fields": {
      "repuesto": 5,
      "orden": 2,
      "cantidad_presupuestada": 1,
      "cantidad_utilizada": 0
    }
  },
  {
    "model": "ordenes.repuestoordendetrabajo",
    "pk": 3,
    "fields": {
      "repuesto": 4,
      "orden": 3,
      "cantidad_presupuestada": 1,
      "cantidad_utilizada": 1
    }
  },
  {
    "model": "ordenes.repuestoordendetrabajo",
    "pk": 4,
    "fields": {
      "repuesto": 5,
      "orden": 7,
      "cantidad_presupuestada": 1,
      "cantidad_utilizada": 0
    }
  },
  {
    "model": "ordenes.repuestoordendetrabajo",
    "pk": 5,
    "fields": {
      "repuesto": 5,
      "orden": 8,
      "cantidad_presupuestada": 1,
      "cantidad_utilizada": 0
    }
  },
  {
    "model": "ordenes.repuestoordendetrabajo",
    "pk": 6,
    "fields": {
      "repuesto": 7,
      "orden": 12,
      "cantidad_presupuestada": 1,
      "cantidad_utilizada": 0
    }
  },
  {
    "model": "ordenes.repuestoordendetrabajo",
    "pk": 7,
    "fields": {
      "repuesto": 2,
      "orden": 2,
      "cantidad_presupuestada": 0,
      "cantidad_utilizada": 1
    }
  },
  {
    "model": "ordenes.repuestoordendetrabajo",
    "pk": 8,
    "fields": {
      "repuesto": 6,
      "orden": 18,
      "cantidad_presupuestada": 1,
      "cantidad_utilizada": 0
    }
  },
  {
    "model": "ordenes.repuestoordendetrabajo",
    "pk": 9,
    "fields": {
      "repuesto": 6,
      "orden": 19,
      "cantidad_presupuestada": 1,
      "cantidad_utilizada": 0
    }
  },
  {
    "model": "ordenes.repuestoordendetrabajo",
    "pk": 10,
    "fields": {
      "repuesto": 4,
      "orden": 25,
      "cantidad_presupuestada": 1,
      "cantidad_utilizada": 0
    }
  },
  {
    "model": "ordenes.repuestoordendetrabajo",
    "pk": 11,
    "fields": {
      "repuesto": 3,
      "orden": 28,
      "cantidad_presupuestada": 1,
      "cantidad_utilizada": 0
    }
  },
  {
    "model": "ordenes.repuestoordendetrabajo",
    "pk": 12,
    "fields": {
      "repuesto": 6,
      "orden": 29,
      "cantidad_presupuestada": 1,
      "cantidad_utilizada": 0
    }
  },
  {
    "model": "ordenes.repuestoordendetrabajo",
    "pk": 13,
    "fields": {
      "repuesto": 5,
      "orden": 31,
      "cantidad_presupuestada": 1,
      "cantidad_utilizada": 0
    }
  },
  {
    "model": "ordenes.repuestoordendetrabajo",
    "pk": 14,
    "fields": {
      "repuesto": 4,
      "orden": 33,
      "cantidad_presupuestada": 1,
      "cantidad_utilizada": 0
    }
  },
  {
    "model": "ordenes.repuestoordendetrabajo",
    "pk": 15,
    "fields": {
      "repuesto": 6,
      "orden": 37,
      "cantidad_presupuestada": 1,
      "cantidad_utilizada": 0
    }
  },
  {
    "model": "ordenes.repuestoordendetrabajo",
    "pk": 16,
    "fields": {
      "repuesto": 5,
      "orden": 41,
      "cantidad_presupuestada": 1,
      "cantidad_utilizada": 0
    }
  },
  {
    "model": "ordenes.repuestoordendetrabajo",
    "pk": 17,
    "fields": {
      "repuesto": 4,
      "orden": 42,
      "cantidad_presupuestada": 1,
      "cantidad_utilizada": 0
    }
  },
  {
    "model": "ordenes.repuestoordendetrabajo",
    "pk": 18,
    "fields": {
      "repuesto": 5,
      "orden": 43,
      "cantidad_presupuestada": 1,
      "cantidad_utilizada": 0
    }
  },
  {
    "model": "ordenes.repuestoordendetrabajo",
    "pk": 19,
    "fields": {
      "repuesto": 5,
      "orden": 44,
      "cantidad_presupuestada": 1,
      "cantidad_utilizada": 1
    }
  },
  {
    "model": "ordenes.repuestoordendetrabajo",
    "pk": 20,
    "fields": {
      "repuesto": 4,
      "orden": 48,
      "cantidad_presupuestada": 1,
      "cantidad_utilizada": 0
    }
  },
  {
    "model": "ordenes.repuestoordendetrabajo",
    "pk": 21,
    "fields": {
      "repuesto": 5,
      "orden": 49,
      "cantidad_presupuestada": 1,
      "cantidad_utilizada": 2
    }
  },
  {
    "model": "ordenes.repuestoordendetrabajo",
    "pk": 22,
    "fields": {
      "repuesto": 5,
      "orden": 50,
      "cantidad_presupuestada": 1,
      "cantidad_utilizada": 0
    }
  },
  {
    "model": "ordenes.repuestoordendetrabajo",
    "pk": 23,
    "fields": {
      "repuesto": 5,
      "orden": 52,
      "cantidad_presupuestada": 1,
      "cantidad_utilizada": 0
    }
  },
  {
    "model": "ordenes.repuestoordendetrabajo",
    "pk": 24,
    "fields": {
      "repuesto": 6,
      "orden": 53,
      "cantidad_presupuestada": 1,
      "cantidad_utilizada": 0
    }
  },
  {
    "model": "ordenes.repuestoordendetrabajo",
    "pk": 25,
    "fields": {
      "repuesto": 3,
      "orden": 44,
      "cantidad_presupuestada": 0,
      "cantidad_utilizada": 1
    }
  },
  {
    "model": "ordenes.repuestoordendetrabajo",
    "pk": 26,
    "fields": {
      "repuesto": 4,
      "orden": 50,
      "cantidad_presupuestada": 0,
      "cantidad_utilizada": 1
    }
  },
  {
    "model": "ordenes.repuestoordendetrabajo",
    "pk": 27,
    "fields": {
      "repuesto": 5,
      "orden": 53,
      "cantidad_presupuestada": 0,
      "cantidad_utilizada": 1
    }
  },
  {
    "model": "ordenes.repuestoordendetrabajo",
    "pk": 28,
    "fields": {
      "repuesto": 3,
      "orden": 30,
      "cantidad_presupuestada": 0,
      "cantidad_utilizada": 1
    }
  },
  {
    "model": "ordenes.presupuesto",
    "pk": 1,
    "fields": {
      "cliente": 5,
      "vehiculo": 5,
      "detalles": "",
      "fecha": "2023-01-15",
      "validez": 60,
      "orden": 1,
      "ampliado": "False",
      "confirmado": "True",
      "tareas": [1]
    }
  }, {
    "model": "ordenes.presupuesto",
    "pk": 2,
    "fields": {
      "cliente": 2,
      "vehiculo": 2,
      "detalles": "",
      "fecha": "2023-01-21",
      "validez": 60,
      "orden": 2,
      "ampliado": "False",
      "confirmado": "True",
      "tareas": [1]
    }
  }, {
    "model": "ordenes.presupuesto",
    "pk": 7,
    "fields": {
      "cliente": 8,
      "vehiculo": 8,
      "detalles": "",
      "fecha": "2023-01-27",
      "validez": 60,
      "orden": 3,
      "ampliado": "False",
      "confirmado": "True",
      "tareas": [1]
    }
  }, {
    "model": "ordenes.presupuesto",
    "pk": 8,
    "fields": {
      "cliente": 9,
      "vehiculo": 9,
      "detalles": "",
      "fecha": "2023-02-03",
      "validez": 60,
      "orden": 4,
      "ampliado": "False",
      "confirmado": "True",
      "tareas": [4]
    }
  }, {
    "model": "ordenes.presupuesto",
    "pk": 9,
    "fields": {
      "cliente": 10,
      "vehiculo": 10,
      "detalles": "",
      "fecha": "2023-02-12",
      "validez": 60,
      "orden": 5,
      "ampliado": "False",
      "confirmado": "True",
      "tareas": [4]
    }
  }, {
    "model": "ordenes.presupuesto",
    "pk": 10,
    "fields": {
      "cliente": 12,
      "vehiculo": 12,
      "detalles": "",
      "fecha": "2023-02-17",
      "validez": 60,
      "orden": 6,
      "ampliado": "False",
      "confirmado": "True",
      "tareas": [7]
    }
  }, {
    "model": "ordenes.presupuesto",
    "pk": 11,
    "fields": {
      "cliente": 12,
      "vehiculo": 12,
      "detalles": "",
      "fecha": "2023-02-26",
      "validez": 60,
      "orden": 7,
      "ampliado": "False",
      "confirmado": "True",
      "tareas": [5]
    }
  }, {
    "model": "ordenes.presupuesto",
    "pk": 12,
    "fields": {
      "cliente": 15,
      "vehiculo": 15,
      "detalles": "",
      "fecha": "2023-03-04",
      "validez": 60,
      "orden": 8,
      "ampliado": "False",
      "confirmado": "True",
      "tareas": [1]
    }
  }, {
    "model": "ordenes.presupuesto",
    "pk": 13,
    "fields": {
      "cliente": 7,
      "vehiculo": 7,
      "detalles": "",
      "fecha": "2023-03-11",
      "validez": 60,
      "orden": 9,
      "ampliado": "False",
      "confirmado": "True",
      "tareas": [4]
    }
  }, {
    "model": "ordenes.presupuesto",
    "pk": 14,
    "fields": {
      "cliente": 48,
      "vehiculo": 48,
      "detalles": "",
      "fecha": "2023-03-19",
      "validez": 60,
      "orden": 10,
      "ampliado": "False",
      "confirmado": "True",
      "tareas": [7]
    }
  }, {
    "model": "ordenes.presupuesto",
    "pk": 15,
    "fields": {
      "cliente": 41,
      "vehiculo": 41,
      "detalles": "",
      "fecha": "2023-03-25",
      "validez": 60,
      "orden": 11,
      "ampliado": "False",
      "confirmado": "True",
      "tareas": [8]
    }
  }, {
    "model": "ordenes.presupuesto",
    "pk": 16,
    "fields": {
      "cliente": 47,
      "vehiculo": 47,
      "detalles": "",
      "fecha": "2023-04-02",
      "validez": 60,
      "orden": 12,
      "ampliado": "False",
      "confirmado": "True",
      "tareas": [5]
    }
  }, {
    "model": "ordenes.presupuesto",
    "pk": 17,
    "fields": {
      "cliente": 6,
      "vehiculo": 6,
      "detalles": "",
      "fecha": "2023-04-09",
      "validez": 60,
      "orden": 13,
      "ampliado": "False",
      "confirmado": "True",
      "tareas": [3]
    }
  }, {
    "model": "ordenes.presupuesto",
    "pk": 18,
    "fields": {
      "cliente": 9,
      "vehiculo": 9,
      "detalles": "",
      "fecha": "2023-04-15",
      "validez": 60,
      "orden": 14,
      "ampliado": "False",
      "confirmado": "True",
      "tareas": [3]
    }
  }, {
    "model": "ordenes.presupuesto",
    "pk": 19,
    "fields": {
      "cliente": 12,
      "vehiculo": 12,
      "detalles": "",
      "fecha": "2023-04-23",
      "validez": 60,
      "orden": 15,
      "ampliado": "False",
      "confirmado": "True",
      "tareas": [4]
    }
  }, {
    "model": "ordenes.presupuesto",
    "pk": 20,
    "fields": {
      "cliente": 57,
      "vehiculo": 57,
      "detalles": "",
      "fecha": "2023-04-22",
      "validez": 60,
      "orden": 16,
      "ampliado": "False",
      "confirmado": "True",
      "tareas": [4]
    }
  }, {
    "model": "ordenes.presupuesto",
    "pk": 21,
    "fields": {
      "cliente": 40,
      "vehiculo": 40,
      "detalles": "",
      "fecha": "2023-04-30",
      "validez": 60,
      "orden": 17,
      "ampliado": "False",
      "confirmado": "True",
      "tareas": [2]
    }
  }, {
    "model": "ordenes.presupuesto",
    "pk": 22,
    "fields": {
      "cliente": 76,
      "vehiculo": 76,
      "detalles": "",
      "fecha": "2023-05-07",
      "validez": 60,
      "orden": 18,
      "ampliado": "False",
      "confirmado": "True",
      "tareas": [5]
    }
  }, {
    "model": "ordenes.presupuesto",
    "pk": 23,
    "fields": {
      "cliente": 61,
      "vehiculo": 61,
      "detalles": "",
      "fecha": "2023-05-14",
      "validez": 60,
      "orden": 19,
      "ampliado": "False",
      "confirmado": "True",
      "tareas": [5]
    }
  }, {
    "model": "ordenes.presupuesto",
    "pk": 24,
    "fields": {
      "cliente": 94,
      "vehiculo": 94,
      "detalles": "",
      "fecha": "2023-05-21",
      "validez": 60,
      "orden": 20,
      "ampliado": "False",
      "confirmado": "True",
      "tareas": [3]
    }
  }, {
    "model": "ordenes.presupuesto",
    "pk": 25,
    "fields": {
      "cliente": 98,
      "vehiculo": 98,
      "detalles": "",
      "fecha": "2023-05-28",
      "validez": 60,
      "orden": 21,
      "ampliado": "False",
      "confirmado": "True",
      "tareas": [2]
    }
  }, {
    "model": "ordenes.presupuesto",
    "pk": 26,
    "fields": {
      "cliente": 100,
      "vehiculo": 100,
      "detalles": "",
      "fecha": "2023-06-03",
      "validez": 60,
      "orden": 22,
      "ampliado": "False",
      "confirmado": "True",
      "tareas": [4]
    }
  }, {
    "model": "ordenes.presupuesto",
    "pk": 27,
    "fields": {
      "cliente": 65,
      "vehiculo": 65,
      "detalles": "",
      "fecha": "2023-06-10",
      "validez": 60,
      "orden": 23,
      "ampliado": "False",
      "confirmado": "True",
      "tareas": [3]
    }
  }, {
    "model": "ordenes.presupuesto",
    "pk": 28,
    "fields": {
      "cliente": 57,
      "vehiculo": 57,
      "detalles": "",
      "fecha": "2023-06-18",
      "validez": 60,
      "orden": 24,
      "ampliado": "False",
      "confirmado": "True",
      "tareas": [7]
    }
  }, {
    "model": "ordenes.presupuesto",
    "pk": 29,
    "fields": {
      "cliente": 67,
      "vehiculo": 67,
      "detalles": "",
      "fecha": "2023-06-24",
      "validez": 60,
      "orden": 25,
      "ampliado": "False",
      "confirmado": "True",
      "tareas": [6]
    }
  }, {
    "model": "ordenes.presupuesto",
    "pk": 30,
    "fields": {
      "cliente": 95,
      "vehiculo": 95,
      "detalles": "",
      "fecha": "2023-06-25",
      "validez": 60,
      "orden": 26,
      "ampliado": "False",
      "confirmado": "True",
      "tareas": [7]
    }
  }, {
    "model": "ordenes.presupuesto",
    "pk": 31,
    "fields": {
      "cliente": 44,
      "vehiculo": 44,
      "detalles": "",
      "fecha": "2023-07-01",
      "validez": 60,
      "orden": 27,
      "ampliado": "False",
      "confirmado": "True",
      "tareas": [7]
    }
  }, {
    "model": "ordenes.presupuesto",
    "pk": 32,
    "fields": {
      "cliente": 77,
      "vehiculo": 77,
      "detalles": "",
      "fecha": "2023-07-09",
      "validez": 60,
      "orden": 28,
      "ampliado": "False",
      "confirmado": "True",
      "tareas": [5]
    }
  }, {
    "model": "ordenes.presupuesto",
    "pk": 33,
    "fields": {
      "cliente": 60,
      "vehiculo": 60,
      "detalles": "",
      "fecha": "2023-07-14",
      "validez": 60,
      "orden": 29,
      "ampliado": "False",
      "confirmado": "True",
      "tareas": [6]
    }
  }, {
    "model": "ordenes.presupuesto",
    "pk": 34,
    "fields": {
      "cliente": 59,
      "vehiculo": 59,
      "detalles": "",
      "fecha": "2023-07-21",
      "validez": 60,
      "orden": 30,
      "ampliado": "False",
      "confirmado": "True",
      "tareas": [4]
    }
  }, {
    "model": "ordenes.presupuesto",
    "pk": 35,
    "fields": {
      "cliente": 10,
      "vehiculo": 10,
      "detalles": "",
      "fecha": "2023-07-28",
      "validez": 60,
      "orden": 31,
      "ampliado": "False",
      "confirmado": "True",
      "tareas": [5]
    }
  }, {
    "model": "ordenes.presupuesto",
    "pk": 36,
    "fields": {
      "cliente": 2,
      "vehiculo": 2,
      "detalles": "",
      "fecha": "2023-08-05",
      "validez": 60,
      "orden": 32,
      "ampliado": "False",
      "confirmado": "True",
      "tareas": [8]
    }
  }, {
    "model": "ordenes.presupuesto",
    "pk": 37,
    "fields": {
      "cliente": 12,
      "vehiculo": 12,
      "detalles": "",
      "fecha": "2023-08-13",
      "validez": 60,
      "orden": 33,
      "ampliado": "False",
      "confirmado": "True",
      "tareas": [5]
    }
  }, {
    "model": "ordenes.presupuesto",
    "pk": 38,
    "fields": {
      "cliente": 64,
      "vehiculo": 64,
      "detalles": "",
      "fecha": "2023-08-20",
      "validez": 60,
      "orden": 34,
      "ampliado": "False",
      "confirmado": "True",
      "tareas": [4]
    }
  }, {
    "model": "ordenes.presupuesto",
    "pk": 39,
    "fields": {
      "cliente": 49,
      "vehiculo": 49,
      "detalles": "",
      "fecha": "2023-08-25",
      "validez": 60,
      "orden": 35,
      "ampliado": "False",
      "confirmado": "True",
      "tareas": [7]
    }
  }, {
    "model": "ordenes.presupuesto",
    "pk": 40,
    "fields": {
      "cliente": 10,
      "vehiculo": 10,
      "detalles": "",
      "fecha": "2023-09-02",
      "validez": 60,
      "orden": 36,
      "ampliado": "False",
      "confirmado": "True",
      "tareas": [4]
    }
  }, {
    "model": "ordenes.presupuesto",
    "pk": 41,
    "fields": {
      "cliente": 95,
      "vehiculo": 95,
      "detalles": "",
      "fecha": "2023-09-08",
      "validez": 60,
      "orden": 37,
      "ampliado": "False",
      "confirmado": "True",
      "tareas": [5]
    }
  }, {
    "model": "ordenes.presupuesto",
    "pk": 42,
    "fields": {
      "cliente": 2,
      "vehiculo": 2,
      "detalles": "",
      "fecha": "2023-09-17",
      "validez": 60,
      "orden": 38,
      "ampliado": "False",
      "confirmado": "True",
      "tareas": [3]
    }
  }, {
    "model": "ordenes.presupuesto",
    "pk": 43,
    "fields": {
      "cliente": 60,
      "vehiculo": 60,
      "detalles": "",
      "fecha": "2023-09-23",
      "validez": 60,
      "orden": 39,
      "ampliado": "False",
      "confirmado": "True",
      "tareas": [3]
    }
  }, {
    "model": "ordenes.presupuesto",
    "pk": 44,
    "fields": {
      "cliente": 14,
      "vehiculo": 14,
      "detalles": "",
      "fecha": "2023-09-22",
      "validez": 60,
      "orden": 40,
      "ampliado": "False",
      "confirmado": "True",
      "tareas": [8]
    }
  }, {
    "model": "ordenes.presupuesto",
    "pk": 45,
    "fields": {
      "cliente": 93,
      "vehiculo": 93,
      "detalles": "",
      "fecha": "2023-10-01",
      "validez": 60,
      "orden": 41,
      "ampliado": "False",
      "confirmado": "True",
      "tareas": [6]
    }
  }, {
    "model": "ordenes.presupuesto",
    "pk": 46,
    "fields": {
      "cliente": 10,
      "vehiculo": 10,
      "detalles": "",
      "fecha": "2023-10-07",
      "validez": 60,
      "orden": 42,
      "ampliado": "False",
      "confirmado": "True",
      "tareas": [6]
    }
  }, {
    "model": "ordenes.presupuesto",
    "pk": 47,
    "fields": {
      "cliente": 95,
      "vehiculo": 95,
      "detalles": "",
      "fecha": "2023-10-13",
      "validez": 60,
      "orden": 43,
      "ampliado": "False",
      "confirmado": "True",
      "tareas": [5]
    }
  }, {
    "model": "ordenes.presupuesto",
    "pk": 48,
    "fields": {
      "cliente": 59,
      "vehiculo": 59,
      "detalles": "",
      "fecha": "2023-10-22",
      "validez": 60,
      "orden": 44,
      "ampliado": "False",
      "confirmado": "True",
      "tareas": [5]
    }
  }, {
    "model": "ordenes.presupuesto",
    "pk": 49,
    "fields": {
      "cliente": 95,
      "vehiculo": 95,
      "detalles": "",
      "fecha": "2023-10-29",
      "validez": 60,
      "orden": 45,
      "ampliado": "False",
      "confirmado": "True",
      "tareas": [4]
    }
  }, {
    "model": "ordenes.presupuesto",
    "pk": 50,
    "fields": {
      "cliente": 96,
      "vehiculo": 96,
      "detalles": "",
      "fecha": "2023-10-27",
      "validez": 60,
      "orden": 46,
      "ampliado": "False",
      "confirmado": "True",
      "tareas": [4]
    }
  }, {
    "model": "ordenes.presupuesto",
    "pk": 51,
    "fields": {
      "cliente": 95,
      "vehiculo": 95,
      "detalles": "",
      "fecha": "2023-11-03",
      "validez": 60,
      "orden": 47,
      "ampliado": "False",
      "confirmado": "True",
      "tareas": [3]
    }
  }, {
    "model": "ordenes.presupuesto",
    "pk": 52,
    "fields": {
      "cliente": 13,
      "vehiculo": 13,
      "detalles": "",
      "fecha": "2023-11-12",
      "validez": 60,
      "orden": 48,
      "ampliado": "False",
      "confirmado": "True",
      "tareas": [6]
    }
  }, {
    "model": "ordenes.presupuesto",
    "pk": 53,
    "fields": {
      "cliente": 1,
      "vehiculo": 1,
      "detalles": "",
      "fecha": "2023-11-11",
      "validez": 60,
      "orden": 49,
      "ampliado": "False",
      "confirmado": "True",
      "tareas": [6]
    }
  }, {
    "model": "ordenes.presupuesto",
    "pk": 54,
    "fields": {
      "cliente": 10,
      "vehiculo": 10,
      "detalles": "",
      "fecha": "2023-11-17",
      "validez": 60,
      "orden": 50,
      "ampliado": "False",
      "confirmado": "True",
      "tareas": [6]
    }
  },
  {
    "model": "ordenes.presupuestomaterial",
    "pk": 1,
    "fields": {
      "material": 3,
      "presupuesto": 1,
      "cantidad": 1
    }
  },
  {
    "model": "ordenes.presupuestomaterial",
    "pk": 2,
    "fields": {
      "material": 2,
      "presupuesto": 2,
      "cantidad": 1
    }
  },
  {
    "model": "ordenes.presupuestomaterial",
    "pk": 3,
    "fields": {
      "material": 4,
      "presupuesto": 3,
      "cantidad": 1
    }
  },
  {
    "model": "ordenes.presupuestomaterial",
    "pk": 4,
    "fields": {
      "material": 4,
      "presupuesto": 5,
      "cantidad": 1
    }
  },
  {
    "model": "ordenes.presupuestomaterial",
    "pk": 5,
    "fields": {
      "material": 4,
      "presupuesto": 7,
      "cantidad": 1
    }
  },
  {
    "model": "ordenes.presupuestomaterial",
    "pk": 6,
    "fields": {
      "material": 4,
      "presupuesto": 8,
      "cantidad": 1
    }
  },
  {
    "model": "ordenes.presupuestomaterial",
    "pk": 7,
    "fields": {
      "material": 4,
      "presupuesto": 9,
      "cantidad": 1
    }
  },
  {
    "model": "ordenes.presupuestomaterial",
    "pk": 8,
    "fields": {
      "material": 5,
      "presupuesto": 10,
      "cantidad": 1
    }
  },
  {
    "model": "ordenes.presupuestomaterial",
    "pk": 9,
    "fields": {
      "material": 2,
      "presupuesto": 12,
      "cantidad": 1
    }
  },
  {
    "model": "ordenes.presupuestomaterial",
    "pk": 10,
    "fields": {
      "material": 4,
      "presupuesto": 13,
      "cantidad": 1
    }
  },
  {
    "model": "ordenes.presupuestomaterial",
    "pk": 11,
    "fields": {
      "material": 4,
      "presupuesto": 14,
      "cantidad": 1
    }
  },
  {
    "model": "ordenes.presupuestomaterial",
    "pk": 12,
    "fields": {
      "material": 3,
      "presupuesto": 15,
      "cantidad": 1
    }
  },
  {
    "model": "ordenes.presupuestomaterial",
    "pk": 13,
    "fields": {
      "material": 4,
      "presupuesto": 19,
      "cantidad": 1
    }
  },
  {
    "model": "ordenes.presupuestomaterial",
    "pk": 14,
    "fields": {
      "material": 3,
      "presupuesto": 20,
      "cantidad": 1
    }
  },
  {
    "model": "ordenes.presupuestomaterial",
    "pk": 15,
    "fields": {
      "material": 5,
      "presupuesto": 20,
      "cantidad": 1
    }
  },
  {
    "model": "ordenes.presupuestomaterial",
    "pk": 16,
    "fields": {
      "material": 3,
      "presupuesto": 26,
      "cantidad": 1
    }
  },
  {
    "model": "ordenes.presupuestomaterial",
    "pk": 17,
    "fields": {
      "material": 3,
      "presupuesto": 28,
      "cantidad": 1
    }
  },
  {
    "model": "ordenes.presupuestomaterial",
    "pk": 18,
    "fields": {
      "material": 2,
      "presupuesto": 30,
      "cantidad": 1
    }
  },
  {
    "model": "ordenes.presupuestomaterial",
    "pk": 19,
    "fields": {
      "material": 3,
      "presupuesto": 31,
      "cantidad": 1
    }
  },
  {
    "model": "ordenes.presupuestomaterial",
    "pk": 20,
    "fields": {
      "material": 3,
      "presupuesto": 34,
      "cantidad": 1
    }
  },
  {
    "model": "ordenes.presupuestomaterial",
    "pk": 21,
    "fields": {
      "material": 3,
      "presupuesto": 36,
      "cantidad": 1
    }
  },
  {
    "model": "ordenes.presupuestomaterial",
    "pk": 22,
    "fields": {
      "material": 4,
      "presupuesto": 38,
      "cantidad": 1
    }
  },
  {
    "model": "ordenes.presupuestomaterial",
    "pk": 23,
    "fields": {
      "material": 5,
      "presupuesto": 39,
      "cantidad": 1
    }
  },
  {
    "model": "ordenes.presupuestomaterial",
    "pk": 24,
    "fields": {
      "material": 4,
      "presupuesto": 40,
      "cantidad": 1
    }
  },
  {
    "model": "ordenes.presupuestomaterial",
    "pk": 25,
    "fields": {
      "material": 3,
      "presupuesto": 44,
      "cantidad": 1
    }
  },
  {
    "model": "ordenes.presupuestomaterial",
    "pk": 26,
    "fields": {
      "material": 1,
      "presupuesto": 49,
      "cantidad": 1
    }
  },
  {
    "model": "ordenes.presupuestomaterial",
    "pk": 27,
    "fields": {
      "material": 3,
      "presupuesto": 50,
      "cantidad": 1
    }
  },
  {
    "model": "ordenes.presupuestomaterial",
    "pk": 28,
    "fields": {
      "material": 1,
      "presupuesto": 58,
      "cantidad": 1
    }
  },
  {
    "model": "ordenes.presupuestorepuesto",
    "pk": 1,
    "fields": {
      "repuesto": 1,
      "presupuesto": 1,
      "cantidad": 1
    }
  },
  {
    "model": "ordenes.presupuestorepuesto",
    "pk": 2,
    "fields": {
      "repuesto": 5,
      "presupuesto": 2,
      "cantidad": 1
    }
  },
  {
    "model": "ordenes.presupuestorepuesto",
    "pk": 3,
    "fields": {
      "repuesto": 5,
      "presupuesto": 4,
      "cantidad": 1
    }
  },
  {
    "model": "ordenes.presupuestorepuesto",
    "pk": 4,
    "fields": {
      "repuesto": 6,
      "presupuesto": 6,
      "cantidad": 1
    }
  },
  {
    "model": "ordenes.presupuestorepuesto",
    "pk": 5,
    "fields": {
      "repuesto": 4,
      "presupuesto": 7,
      "cantidad": 1
    }
  },
  {
    "model": "ordenes.presupuestorepuesto",
    "pk": 6,
    "fields": {
      "repuesto": 5,
      "presupuesto": 11,
      "cantidad": 1
    }
  },
  {
    "model": "ordenes.presupuestorepuesto",
    "pk": 7,
    "fields": {
      "repuesto": 5,
      "presupuesto": 12,
      "cantidad": 1
    }
  },
  {
    "model": "ordenes.presupuestorepuesto",
    "pk": 8,
    "fields": {
      "repuesto": 7,
      "presupuesto": 16,
      "cantidad": 1
    }
  },
  {
    "model": "ordenes.presupuestorepuesto",
    "pk": 9,
    "fields": {
      "repuesto": 6,
      "presupuesto": 22,
      "cantidad": 1
    }
  },
  {
    "model": "ordenes.presupuestorepuesto",
    "pk": 10,
    "fields": {
      "repuesto": 6,
      "presupuesto": 23,
      "cantidad": 1
    }
  },
  {
    "model": "ordenes.presupuestorepuesto",
    "pk": 11,
    "fields": {
      "repuesto": 4,
      "presupuesto": 29,
      "cantidad": 1
    }
  },
  {
    "model": "ordenes.presupuestorepuesto",
    "pk": 12,
    "fields": {
      "repuesto": 3,
      "presupuesto": 32,
      "cantidad": 1
    }
  },
  {
    "model": "ordenes.presupuestorepuesto",
    "pk": 13,
    "fields": {
      "repuesto": 6,
      "presupuesto": 33,
      "cantidad": 1
    }
  },
  {
    "model": "ordenes.presupuestorepuesto",
    "pk": 14,
    "fields": {
      "repuesto": 5,
      "presupuesto": 35,
      "cantidad": 1
    }
  },
  {
    "model": "ordenes.presupuestorepuesto",
    "pk": 15,
    "fields": {
      "repuesto": 4,
      "presupuesto": 37,
      "cantidad": 1
    }
  },
  {
    "model": "ordenes.presupuestorepuesto",
    "pk": 16,
    "fields": {
      "repuesto": 6,
      "presupuesto": 41,
      "cantidad": 1
    }
  },
  {
    "model": "ordenes.presupuestorepuesto",
    "pk": 17,
    "fields": {
      "repuesto": 5,
      "presupuesto": 45,
      "cantidad": 1
    }
  },
  {
    "model": "ordenes.presupuestorepuesto",
    "pk": 18,
    "fields": {
      "repuesto": 4,
      "presupuesto": 46,
      "cantidad": 1
    }
  },
  {
    "model": "ordenes.presupuestorepuesto",
    "pk": 19,
    "fields": {
      "repuesto": 5,
      "presupuesto": 47,
      "cantidad": 1
    }
  },
  {
    "model": "ordenes.presupuestorepuesto",
    "pk": 20,
    "fields": {
      "repuesto": 5,
      "presupuesto": 48,
      "cantidad": 1
    }
  },
  {
    "model": "ordenes.presupuestorepuesto",
    "pk": 21,
    "fields": {
      "repuesto": 4,
      "presupuesto": 52,
      "cantidad": 1
    }
  },
  {
    "model": "ordenes.presupuestorepuesto",
    "pk": 22,
    "fields": {
      "repuesto": 5,
      "presupuesto": 53,
      "cantidad": 1
    }
  },
  {
    "model": "ordenes.presupuestorepuesto",
    "pk": 23,
    "fields": {
      "repuesto": 5,
      "presupuesto": 54,
      "cantidad": 1
    }
  },
  {
    "model": "ordenes.presupuestorepuesto",
    "pk": 24,
    "fields": {
      "repuesto": 5,
      "presupuesto": 56,
      "cantidad": 1
    }
  },
  {
    "model": "ordenes.presupuestorepuesto",
    "pk": 25,
    "fields": {
      "repuesto": 6,
      "presupuesto": 57,
      "cantidad": 1
    }
  },
  {
    "model": "ordenes.planilladepintura",
    "pk": 1,
    "fields": {
      "orden": 13,
      "fecha": "2023-04-10T16:24:44.711Z",
      "nombre_de_color": "a"
    }
  },
  {
    "model": "ordenes.planilladepintura",
    "pk": 2,
    "fields": {
      "orden": 14,
      "fecha": "2023-04-19T16:41:39.094Z",
      "nombre_de_color": "a"
    }
  },
  {
    "model": "ordenes.planilladepintura",
    "pk": 3,
    "fields": {
      "orden": 17,
      "fecha": "2023-05-01T16:43:00.644Z",
      "nombre_de_color": "a"
    }
  },
  {
    "model": "ordenes.planilladepintura",
    "pk": 4,
    "fields": {
      "orden": 20,
      "fecha": "2023-05-22T16:43:22.726Z",
      "nombre_de_color": "a"
    }
  },
  {
    "model": "ordenes.planilladepintura",
    "pk": 5,
    "fields": {
      "orden": 21,
      "fecha": "2023-05-30T16:43:30.521Z",
      "nombre_de_color": "a"
    }
  },
  {
    "model": "ordenes.planilladepintura",
    "pk": 6,
    "fields": {
      "orden": 23,
      "fecha": "2023-06-12T16:43:46.361Z",
      "nombre_de_color": "a"
    }
  },
  {
    "model": "ordenes.planilladepintura",
    "pk": 7,
    "fields": {
      "orden": 38,
      "fecha": "2023-09-19T16:45:30.483Z",
      "nombre_de_color": "a"
    }
  },
  {
    "model": "ordenes.planilladepintura",
    "pk": 8,
    "fields": {
      "orden": 39,
      "fecha": "2023-09-26T16:45:39.201Z",
      "nombre_de_color": "asd"
    }
  },
  {
    "model": "ordenes.planilladepintura",
    "pk": 9,
    "fields": {
      "orden": 47,
      "fecha": "2023-11-06T16:46:45.284Z",
      "nombre_de_color": "a"
    }
  },
  {
    "model": "ordenes.planilladepintura",
    "pk": 10,
    "fields": {
      "orden": 51,
      "fecha": "2023-11-28T16:47:13.184Z",
      "nombre_de_color": "a"
    }
  },
  {
    "model": "ordenes.detalleplanilladepintura",
    "pk": 1,
    "fields": {
      "planilla": 1,
      "formula": "a",
      "cantidad": 1
    }
  },
  {
    "model": "ordenes.detalleplanilladepintura",
    "pk": 2,
    "fields": {
      "planilla": 2,
      "formula": "a",
      "cantidad": 1
    }
  },
  {
    "model": "ordenes.detalleplanilladepintura",
    "pk": 3,
    "fields": {
      "planilla": 3,
      "formula": "a",
      "cantidad": 1
    }
  },
  {
    "model": "ordenes.detalleplanilladepintura",
    "pk": 4,
    "fields": {
      "planilla": 4,
      "formula": "a",
      "cantidad": 123
    }
  },
  {
    "model": "ordenes.detalleplanilladepintura",
    "pk": 5,
    "fields": {
      "planilla": 5,
      "formula": "a",
      "cantidad": 55
    }
  },
  {
    "model": "ordenes.detalleplanilladepintura",
    "pk": 6,
    "fields": {
      "planilla": 6,
      "formula": "a",
      "cantidad": 44
    }
  },
  {
    "model": "ordenes.detalleplanilladepintura",
    "pk": 7,
    "fields": {
      "planilla": 7,
      "formula": "a",
      "cantidad": 123
    }
  },
  {
    "model": "ordenes.detalleplanilladepintura",
    "pk": 8,
    "fields": {
      "planilla": 8,
      "formula": "ad",
      "cantidad": 10
    }
  },
  {
    "model": "ordenes.detalleplanilladepintura",
    "pk": 9,
    "fields": {
      "planilla": 9,
      "formula": "a",
      "cantidad": 67
    }
  },
  {
    "model": "ordenes.detalleplanilladepintura",
    "pk": 10,
    "fields": {
      "planilla": 10,
      "formula": "a",
      "cantidad": 111
    }
  }
]