[
  {
    "model": "facturas.factura",
    "pk": 1,
    "fields": { "orden": 1, "fecha": "2022-01-06", "estado": 3, "cuotas": 1 }
  },
  {
    "model": "facturas.factura",
    "pk": 2,
    "fields": { "orden": 2, "fecha": "2022-01-06", "estado": 3, "cuotas": 1 }
  },
  {
    "model": "facturas.factura",
    "pk": 3,
    "fields": { "orden": 3, "fecha": "2022-01-07", "estado": 3, "cuotas": 1 }
  },
  {
    "model": "facturas.factura",
    "pk": 4,
    "fields": { "orden": 4, "fecha": "2022-01-08", "estado": 3, "cuotas": 1 }
  },
  {
    "model": "facturas.factura",
    "pk": 5,
    "fields": { "orden": 5, "fecha": "2022-01-10", "estado": 3, "cuotas": 1 }
  },
  {
    "model": "facturas.factura",
    "pk": 6,
    "fields": { "orden": 6, "fecha": "2022-01-11", "estado": 3, "cuotas": 1 }
  },
  {
    "model": "facturas.factura",
    "pk": 7,
    "fields": { "orden": 7, "fecha": "2022-01-13", "estado": 3, "cuotas": 1 }
  },
  {
    "model": "facturas.factura",
    "pk": 8,
    "fields": { "orden": 8, "fecha": "2022-01-13", "estado": 3, "cuotas": 1 }
  },
  {
    "model": "facturas.factura",
    "pk": 9,
    "fields": { "orden": 9, "fecha": "2022-01-14", "estado": 3, "cuotas": 1 }
  },
  {
    "model": "facturas.factura",
    "pk": 10,
    "fields": { "orden": 10, "fecha": "2022-01-15", "estado": 3, "cuotas": 1 }
  },
  {
    "model": "facturas.factura",
    "pk": 11,
    "fields": { "orden": 11, "fecha": "2022-01-16", "estado": 3, "cuotas": 1 }
  },
  {
    "model": "facturas.factura",
    "pk": 12,
    "fields": { "orden": 12, "fecha": "2022-01-16", "estado": 3, "cuotas": 1 }
  },
  {
    "model": "facturas.factura",
    "pk": 13,
    "fields": { "orden": 13, "fecha": "2022-01-17", "estado": 3, "cuotas": 1 }
  },
  {
    "model": "facturas.detallefactura",
    "pk": 1,
    "fields": {
      "factura": 1,
      "descripcion": "RepuestoOrdenDeTrabajo object (1)",
      "precio": "0.00"
    }
  },
  {
    "model": "facturas.detallefactura",
    "pk": 2,
    "fields": {
      "factura": 1,
      "descripcion": "DetalleOrdenDeTrabajo object (1)",
      "precio": "1385.00"
    }
  },
  {
    "model": "facturas.detallefactura",
    "pk": 3,
    "fields": {
      "factura": 2,
      "descripcion": "DetalleOrdenDeTrabajo object (2)",
      "precio": "2738.00"
    }
  },
  {
    "model": "facturas.detallefactura",
    "pk": 4,
    "fields": {
      "factura": 3,
      "descripcion": "RepuestoOrdenDeTrabajo object (2)",
      "precio": "0.00"
    }
  },
  {
    "model": "facturas.detallefactura",
    "pk": 5,
    "fields": {
      "factura": 3,
      "descripcion": "DetalleOrdenDeTrabajo object (3)",
      "precio": "1469.00"
    }
  },
  {
    "model": "facturas.detallefactura",
    "pk": 6,
    "fields": {
      "factura": 4,
      "descripcion": "DetalleOrdenDeTrabajo object (4)",
      "precio": "2738.00"
    }
  },
  {
    "model": "facturas.detallefactura",
    "pk": 7,
    "fields": {
      "factura": 5,
      "descripcion": "MaterialOrdenDeTrabajo object (1)",
      "precio": "0.00"
    }
  },
  {
    "model": "facturas.detallefactura",
    "pk": 8,
    "fields": {
      "factura": 5,
      "descripcion": "DetalleOrdenDeTrabajo object (5)",
      "precio": "1259.00"
    }
  },
  {
    "model": "facturas.detallefactura",
    "pk": 9,
    "fields": {
      "factura": 6,
      "descripcion": "MaterialOrdenDeTrabajo object (2)",
      "precio": "0.00"
    }
  },
  {
    "model": "facturas.detallefactura",
    "pk": 10,
    "fields": {
      "factura": 6,
      "descripcion": "DetalleOrdenDeTrabajo object (6)",
      "precio": "1259.00"
    }
  },
  {
    "model": "facturas.detallefactura",
    "pk": 11,
    "fields": {
      "factura": 7,
      "descripcion": "RepuestoOrdenDeTrabajo object (3)",
      "precio": "0.00"
    }
  },
  {
    "model": "facturas.detallefactura",
    "pk": 12,
    "fields": {
      "factura": 7,
      "descripcion": "DetalleOrdenDeTrabajo object (7)",
      "precio": "1469.00"
    }
  },
  {
    "model": "facturas.detallefactura",
    "pk": 13,
    "fields": {
      "factura": 8,
      "descripcion": "RepuestoOrdenDeTrabajo object (4)",
      "precio": "0.00"
    }
  },
  {
    "model": "facturas.detallefactura",
    "pk": 14,
    "fields": {
      "factura": 8,
      "descripcion": "DetalleOrdenDeTrabajo object (8)",
      "precio": "1385.00"
    }
  },
  {
    "model": "facturas.detallefactura",
    "pk": 15,
    "fields": {
      "factura": 9,
      "descripcion": "RepuestoOrdenDeTrabajo object (5)",
      "precio": "0.00"
    }
  },
  {
    "model": "facturas.detallefactura",
    "pk": 16,
    "fields": {
      "factura": 9,
      "descripcion": "DetalleOrdenDeTrabajo object (9)",
      "precio": "1385.00"
    }
  },
  {
    "model": "facturas.detallefactura",
    "pk": 17,
    "fields": {
      "factura": 10,
      "descripcion": "RepuestoOrdenDeTrabajo object (6)",
      "precio": "0.00"
    }
  },
  {
    "model": "facturas.detallefactura",
    "pk": 18,
    "fields": {
      "factura": 10,
      "descripcion": "DetalleOrdenDeTrabajo object (10)",
      "precio": "4688.00"
    }
  },
  {
    "model": "facturas.detallefactura",
    "pk": 19,
    "fields": {
      "factura": 11,
      "descripcion": "MaterialOrdenDeTrabajo object (3)",
      "precio": "0.00"
    }
  },
  {
    "model": "facturas.detallefactura",
    "pk": 20,
    "fields": {
      "factura": 11,
      "descripcion": "DetalleOrdenDeTrabajo object (11)",
      "precio": "1259.00"
    }
  },
  {
    "model": "facturas.detallefactura",
    "pk": 21,
    "fields": {
      "factura": 12,
      "descripcion": "RepuestoOrdenDeTrabajo object (7)",
      "precio": "0.00"
    }
  },
  {
    "model": "facturas.detallefactura",
    "pk": 22,
    "fields": {
      "factura": 12,
      "descripcion": "DetalleOrdenDeTrabajo object (12)",
      "precio": "1385.00"
    }
  },
  {
    "model": "facturas.detallefactura",
    "pk": 23,
    "fields": {
      "factura": 13,
      "descripcion": "DetalleOrdenDeTrabajo object (13)",
      "precio": "2649.00"
    }
  },
  {
    "model": "facturas.pago",
    "pk": 1,
    "fields": {
      "factura": 1,
      "fecha": "2022-01-06",
      "monto": "1385.00",
      "tipo": 0
    }
  },
  {
    "model": "facturas.pago",
    "pk": 2,
    "fields": {
      "factura": 2,
      "fecha": "2022-01-06",
      "monto": "2738.00",
      "tipo": 0
    }
  },
  {
    "model": "facturas.pago",
    "pk": 3,
    "fields": {
      "factura": 3,
      "fecha": "2022-01-07",
      "monto": "1469.00",
      "tipo": 0
    }
  },
  {
    "model": "facturas.pago",
    "pk": 4,
    "fields": {
      "factura": 4,
      "fecha": "2022-01-08",
      "monto": "2738.00",
      "tipo": 0
    }
  },
  {
    "model": "facturas.pago",
    "pk": 5,
    "fields": {
      "factura": 5,
      "fecha": "2022-01-10",
      "monto": "1259.00",
      "tipo": 0
    }
  },
  {
    "model": "facturas.pago",
    "pk": 6,
    "fields": {
      "factura": 6,
      "fecha": "2022-01-11",
      "monto": "1259.00",
      "tipo": 0
    }
  },
  {
    "model": "facturas.pago",
    "pk": 7,
    "fields": {
      "factura": 7,
      "fecha": "2022-01-13",
      "monto": "1469.00",
      "tipo": 0
    }
  },
  {
    "model": "facturas.pago",
    "pk": 8,
    "fields": {
      "factura": 8,
      "fecha": "2022-01-13",
      "monto": "1385.00",
      "tipo": 0
    }
  },
  {
    "model": "facturas.pago",
    "pk": 9,
    "fields": {
      "factura": 9,
      "fecha": "2022-01-14",
      "monto": "1385.00",
      "tipo": 0
    }
  },
  {
    "model": "facturas.pago",
    "pk": 10,
    "fields": {
      "factura": 10,
      "fecha": "2022-01-15",
      "monto": "4688.00",
      "tipo": 0
    }
  },
  {
    "model": "facturas.pago",
    "pk": 11,
    "fields": {
      "factura": 11,
      "fecha": "2022-01-16",
      "monto": "1259.00",
      "tipo": 0
    }
  },
  {
    "model": "facturas.pago",
    "pk": 12,
    "fields": {
      "factura": 12,
      "fecha": "2022-01-16",
      "monto": "1385.00",
      "tipo": 0
    }
  },
  {
    "model": "facturas.pago",
    "pk": 13,
    "fields": {
      "factura": 13,
      "fecha": "2022-01-17",
      "monto": "2649.00",
      "tipo": 0
    }
  }
]
