[
  {
    "model": "ordenes.ordendetrabajo",
    "pk": 1,
    "fields": {
      "turno": "2022-01-03T10:00:00Z",
      "ingreso": "2022-01-03T10:00:00Z",
      "egreso": "2022-01-06T11:00:00Z",
      "estado": 6
    }
  },
  {
    "model": "ordenes.ordendetrabajo",
    "pk": 2,
    "fields": {
      "turno": "2022-01-04T10:00:00Z",
      "ingreso": "2022-01-04T10:00:00Z",
      "egreso": "2022-01-06T15:00:00Z",
      "estado": 6
    }
  },
  {
    "model": "ordenes.ordendetrabajo",
    "pk": 3,
    "fields": {
      "turno": "2022-01-05T10:00:00Z",
      "ingreso": "2022-01-05T10:00:00Z",
      "egreso": "2022-01-07T15:00:00Z",
      "estado": 6
    }
  },
  {
    "model": "ordenes.ordendetrabajo",
    "pk": 4,
    "fields": {
      "turno": "2022-01-06T10:00:00Z",
      "ingreso": "2022-01-06T10:00:00Z",
      "egreso": "2022-01-08T15:00:00Z",
      "estado": 6
    }
  },
  {
    "model": "ordenes.ordendetrabajo",
    "pk": 5,
    "fields": {
      "turno": "2022-01-07T10:00:00Z",
      "ingreso": "2022-01-07T10:00:00Z",
      "egreso": "2022-01-10T14:00:00Z",
      "estado": 6
    }
  },
  {
    "model": "ordenes.ordendetrabajo",
    "pk": 6,
    "fields": {
      "turno": "2022-01-08T10:00:00Z",
      "ingreso": "2022-01-08T10:00:00Z",
      "egreso": "2022-01-11T12:00:00Z",
      "estado": 6
    }
  },
  {
    "model": "ordenes.ordendetrabajo",
    "pk": 7,
    "fields": {
      "turno": "2022-01-09T10:00:00Z",
      "ingreso": "2022-01-09T10:00:00Z",
      "egreso": "2022-01-13T10:00:00Z",
      "estado": 6
    }
  },
  {
    "model": "ordenes.ordendetrabajo",
    "pk": 8,
    "fields": {
      "turno": "2022-01-10T10:00:00Z",
      "ingreso": "2022-01-10T10:00:00Z",
      "egreso": "2022-01-13T18:00:00Z",
      "estado": 6
    }
  },
  {
    "model": "ordenes.ordendetrabajo",
    "pk": 9,
    "fields": {
      "turno": "2022-01-11T10:00:00Z",
      "ingreso": "2022-01-11T10:00:00Z",
      "egreso": "2022-01-14T17:00:00Z",
      "estado": 6
    }
  },
  {
    "model": "ordenes.ordendetrabajo",
    "pk": 10,
    "fields": {
      "turno": "2022-01-12T10:00:00Z",
      "ingreso": "2022-01-12T10:00:00Z",
      "egreso": "2022-01-15T16:00:00Z",
      "estado": 6
    }
  },
  {
    "model": "ordenes.ordendetrabajo",
    "pk": 11,
    "fields": {
      "turno": "2022-01-13T10:00:00Z",
      "ingreso": "2022-01-13T10:00:00Z",
      "egreso": "2022-01-16T16:00:00Z",
      "estado": 6
    }
  },
  {
    "model": "ordenes.ordendetrabajo",
    "pk": 12,
    "fields": {
      "turno": "2022-01-14T10:00:00Z",
      "ingreso": "2022-01-14T10:00:00Z",
      "egreso": "2022-01-16T14:00:00Z",
      "estado": 6
    }
  },
  {
    "model": "ordenes.ordendetrabajo",
    "pk": 13,
    "fields": {
      "turno": "2022-01-15T10:00:00Z",
      "ingreso": "2022-01-15T10:00:00Z",
      "egreso": "2022-01-17T14:00:00Z",
      "estado": 6
    }
  },
  {
    "model": "ordenes.detalleordendetrabajo",
    "pk": 1,
    "fields": {
      "orden": 1,
      "tarea": 1,
      "empleado": 2,
      "inicio": "2022-01-03T11:00:00Z",
      "fin": "2022-01-06T20:00:00Z",
      "exitosa": true,
      "observaciones": ""
    }
  },
  {
    "model": "ordenes.detalleordendetrabajo",
    "pk": 2,
    "fields": {
      "orden": 2,
      "tarea": 3,
      "empleado": 3,
      "inicio": "2022-01-04T11:00:00Z",
      "fin": "2022-01-07T20:00:00Z",
      "exitosa": true,
      "observaciones": ""
    }
  },
  {
    "model": "ordenes.detalleordendetrabajo",
    "pk": 3,
    "fields": {
      "orden": 3,
      "tarea": 5,
      "empleado": 1,
      "inicio": "2022-01-05T11:00:00Z",
      "fin": "2022-01-06T20:00:00Z",
      "exitosa": true,
      "observaciones": ""
    }
  },
  {
    "model": "ordenes.detalleordendetrabajo",
    "pk": 4,
    "fields": {
      "orden": 4,
      "tarea": 3,
      "empleado": 4,
      "inicio": "2022-01-06T11:00:00Z",
      "fin": "2022-01-07T20:00:00Z",
      "exitosa": true,
      "observaciones": ""
    }
  },
  {
    "model": "ordenes.detalleordendetrabajo",
    "pk": 5,
    "fields": {
      "orden": 5,
      "tarea": 4,
      "empleado": 1,
      "inicio": "2022-01-07T11:00:00Z",
      "fin": "2022-01-08T20:00:00Z",
      "exitosa": true,
      "observaciones": ""
    }
  },
  {
    "model": "ordenes.detalleordendetrabajo",
    "pk": 6,
    "fields": {
      "orden": 6,
      "tarea": 4,
      "empleado": 1,
      "inicio": "2022-01-08T11:00:00Z",
      "fin": "2022-01-10T20:00:00Z",
      "exitosa": true,
      "observaciones": ""
    }
  },
  {
    "model": "ordenes.detalleordendetrabajo",
    "pk": 7,
    "fields": {
      "orden": 7,
      "tarea": 5,
      "empleado": 5,
      "inicio": "2022-01-09T11:00:00Z",
      "fin": "2022-01-11T20:00:00Z",
      "exitosa": true,
      "observaciones": ""
    }
  },
  {
    "model": "ordenes.detalleordendetrabajo",
    "pk": 8,
    "fields": {
      "orden": 8,
      "tarea": 1,
      "empleado": 1,
      "inicio": "2022-01-10T11:00:00Z",
      "fin": "2022-01-10T21:00:00Z",
      "exitosa": true,
      "observaciones": ""
    }
  },
  {
    "model": "ordenes.detalleordendetrabajo",
    "pk": 9,
    "fields": {
      "orden": 9,
      "tarea": 1,
      "empleado": 2,
      "inicio": "2022-01-11T11:00:00Z",
      "fin": "2022-01-11T22:00:00Z",
      "exitosa": true,
      "observaciones": ""
    }
  },
  {
    "model": "ordenes.detalleordendetrabajo",
    "pk": 10,
    "fields": {
      "orden": 10,
      "tarea": 6,
      "empleado": 1,
      "inicio": "2022-01-12T11:00:00Z",
      "fin": "2022-01-13T20:00:00Z",
      "exitosa": true,
      "observaciones": ""
    }
  },
  {
    "model": "ordenes.detalleordendetrabajo",
    "pk": 11,
    "fields": {
      "orden": 11,
      "tarea": 4,
      "empleado": 5,
      "inicio": "2022-01-13T11:00:00Z",
      "fin": "2022-01-15T20:00:00Z",
      "exitosa": true,
      "observaciones": ""
    }
  },
  {
    "model": "ordenes.detalleordendetrabajo",
    "pk": 12,
    "fields": {
      "orden": 12,
      "tarea": 1,
      "empleado": 5,
      "inicio": "2022-01-14T11:00:00Z",
      "fin": "2022-01-15T20:00:00Z",
      "exitosa": true,
      "observaciones": ""
    }
  },
  {
    "model": "ordenes.detalleordendetrabajo",
    "pk": 13,
    "fields": {
      "orden": 13,
      "tarea": 2,
      "empleado": 3,
      "inicio": "2022-01-15T11:00:00Z",
      "fin": "2022-01-16T20:00:00Z",
      "exitosa": true,
      "observaciones": ""
    }
  },
  {
    "model": "ordenes.materialordendetrabajo",
    "pk": 1,
    "fields": {
      "material": 1,
      "orden": 5,
      "cantidad_presupuestada": 1,
      "cantidad_utilizada": 0
    }
  },
  {
    "model": "ordenes.materialordendetrabajo",
    "pk": 2,
    "fields": {
      "material": 3,
      "orden": 6,
      "cantidad_presupuestada": 100,
      "cantidad_utilizada": 0
    }
  },
  {
    "model": "ordenes.materialordendetrabajo",
    "pk": 3,
    "fields": {
      "material": 1,
      "orden": 11,
      "cantidad_presupuestada": 100,
      "cantidad_utilizada": 0
    }
  },
  {
    "model": "ordenes.repuestoordendetrabajo",
    "pk": 1,
    "fields": {
      "repuesto": 2,
      "orden": 1,
      "cantidad_presupuestada": 1,
      "cantidad_utilizada": 0
    }
  },
  {
    "model": "ordenes.repuestoordendetrabajo",
    "pk": 2,
    "fields": {
      "repuesto": 6,
      "orden": 3,
      "cantidad_presupuestada": 1,
      "cantidad_utilizada": 0
    }
  },
  {
    "model": "ordenes.repuestoordendetrabajo",
    "pk": 3,
    "fields": {
      "repuesto": 6,
      "orden": 7,
      "cantidad_presupuestada": 1,
      "cantidad_utilizada": 0
    }
  },
  {
    "model": "ordenes.repuestoordendetrabajo",
    "pk": 4,
    "fields": {
      "repuesto": 2,
      "orden": 8,
      "cantidad_presupuestada": 1,
      "cantidad_utilizada": 0
    }
  },
  {
    "model": "ordenes.repuestoordendetrabajo",
    "pk": 5,
    "fields": {
      "repuesto": 2,
      "orden": 9,
      "cantidad_presupuestada": 1,
      "cantidad_utilizada": 0
    }
  },
  {
    "model": "ordenes.repuestoordendetrabajo",
    "pk": 6,
    "fields": {
      "repuesto": 5,
      "orden": 10,
      "cantidad_presupuestada": 1,
      "cantidad_utilizada": 0
    }
  },
  {
    "model": "ordenes.repuestoordendetrabajo",
    "pk": 7,
    "fields": {
      "repuesto": 1,
      "orden": 12,
      "cantidad_presupuestada": 1,
      "cantidad_utilizada": 0
    }
  },
  {
    "model": "ordenes.presupuesto",
    "pk": 1,
    "fields": {
      "cliente": 8,
      "vehiculo": 8,
      "detalles": "",
      "fecha": "2022-01-03T08:00:00Z",
      "validez": 60,
      "orden": 1,
      "ampliado": false,
      "confirmado": true,
      "tareas": [1]
    }
  },
  {
    "model": "ordenes.presupuesto",
    "pk": 2,
    "fields": {
      "cliente": 6,
      "vehiculo": 6,
      "detalles": "",
      "fecha": "2022-01-03T08:00:00Z",
      "validez": 60,
      "orden": 2,
      "ampliado": false,
      "confirmado": true,
      "tareas": [3]
    }
  },
  {
    "model": "ordenes.presupuesto",
    "pk": 3,
    "fields": {
      "cliente": 9,
      "vehiculo": 9,
      "detalles": "",
      "fecha": "2022-01-03T08:00:00Z",
      "validez": 60,
      "orden": 3,
      "ampliado": false,
      "confirmado": true,
      "tareas": [5]
    }
  },
  {
    "model": "ordenes.presupuesto",
    "pk": 4,
    "fields": {
      "cliente": 13,
      "vehiculo": 13,
      "detalles": "",
      "fecha": "2022-01-03T08:00:00Z",
      "validez": 60,
      "orden": 4,
      "ampliado": false,
      "confirmado": true,
      "tareas": [3]
    }
  },
  {
    "model": "ordenes.presupuesto",
    "pk": 5,
    "fields": {
      "cliente": 15,
      "vehiculo": 15,
      "detalles": "",
      "fecha": "2022-01-03T08:00:00Z",
      "validez": 60,
      "orden": 5,
      "ampliado": false,
      "confirmado": true,
      "tareas": [4]
    }
  },
  {
    "model": "ordenes.presupuesto",
    "pk": 6,
    "fields": {
      "cliente": 9,
      "vehiculo": 9,
      "detalles": "",
      "fecha": "2022-01-03T08:00:00Z",
      "validez": 60,
      "orden": 6,
      "ampliado": false,
      "confirmado": true,
      "tareas": [4]
    }
  },
  {
    "model": "ordenes.presupuesto",
    "pk": 7,
    "fields": {
      "cliente": 17,
      "vehiculo": 17,
      "detalles": "",
      "fecha": "2022-01-03T08:00:00Z",
      "validez": 60,
      "orden": 7,
      "ampliado": false,
      "confirmado": true,
      "tareas": [5]
    }
  },
  {
    "model": "ordenes.presupuesto",
    "pk": 8,
    "fields": {
      "cliente": 4,
      "vehiculo": 4,
      "detalles": "",
      "fecha": "2022-01-03T08:00:00Z",
      "validez": 60,
      "orden": 8,
      "ampliado": false,
      "confirmado": true,
      "tareas": [1]
    }
  },
  {
    "model": "ordenes.presupuesto",
    "pk": 9,
    "fields": {
      "cliente": 3,
      "vehiculo": 3,
      "detalles": "",
      "fecha": "2022-01-03T08:00:00Z",
      "validez": 60,
      "orden": 9,
      "ampliado": false,
      "confirmado": true,
      "tareas": [1]
    }
  },
  {
    "model": "ordenes.presupuesto",
    "pk": 10,
    "fields": {
      "cliente": 9,
      "vehiculo": 9,
      "detalles": "",
      "fecha": "2022-01-03T08:00:00Z",
      "validez": 60,
      "orden": 10,
      "ampliado": false,
      "confirmado": true,
      "tareas": [6]
    }
  },
  {
    "model": "ordenes.presupuesto",
    "pk": 11,
    "fields": {
      "cliente": 3,
      "vehiculo": 3,
      "detalles": "",
      "fecha": "2022-01-03T08:00:00Z",
      "validez": 60,
      "orden": 11,
      "ampliado": false,
      "confirmado": true,
      "tareas": [4]
    }
  },
  {
    "model": "ordenes.presupuesto",
    "pk": 12,
    "fields": {
      "cliente": 24,
      "vehiculo": 24,
      "detalles": "",
      "fecha": "2022-01-03T08:00:00Z",
      "validez": 60,
      "orden": 12,
      "ampliado": false,
      "confirmado": true,
      "tareas": [1]
    }
  },
  {
    "model": "ordenes.presupuesto",
    "pk": 13,
    "fields": {
      "cliente": 4,
      "vehiculo": 4,
      "detalles": "",
      "fecha": "2022-01-03T08:00:00Z",
      "validez": 60,
      "orden": 13,
      "ampliado": false,
      "confirmado": true,
      "tareas": [2]
    }
  },
  {
    "model": "ordenes.presupuestomaterial",
    "pk": 1,
    "fields": { "material": 1, "presupuesto": 5, "cantidad": 1 }
  },
  {
    "model": "ordenes.presupuestomaterial",
    "pk": 2,
    "fields": { "material": 3, "presupuesto": 6, "cantidad": 100 }
  },
  {
    "model": "ordenes.presupuestomaterial",
    "pk": 3,
    "fields": { "material": 1, "presupuesto": 11, "cantidad": 100 }
  },
  {
    "model": "ordenes.presupuestorepuesto",
    "pk": 1,
    "fields": { "repuesto": 2, "presupuesto": 1, "cantidad": 1 }
  },
  {
    "model": "ordenes.presupuestorepuesto",
    "pk": 3,
    "fields": { "repuesto": 6, "presupuesto": 3, "cantidad": 1 }
  },
  {
    "model": "ordenes.presupuestorepuesto",
    "pk": 4,
    "fields": { "repuesto": 6, "presupuesto": 7, "cantidad": 1 }
  },
  {
    "model": "ordenes.presupuestorepuesto",
    "pk": 5,
    "fields": { "repuesto": 2, "presupuesto": 8, "cantidad": 1 }
  },
  {
    "model": "ordenes.presupuestorepuesto",
    "pk": 6,
    "fields": { "repuesto": 2, "presupuesto": 9, "cantidad": 1 }
  },
  {
    "model": "ordenes.presupuestorepuesto",
    "pk": 7,
    "fields": { "repuesto": 5, "presupuesto": 10, "cantidad": 1 }
  },
  {
    "model": "ordenes.presupuestorepuesto",
    "pk": 8,
    "fields": { "repuesto": 1, "presupuesto": 12, "cantidad": 1 }
  },
  {
    "model": "ordenes.planilladepintura",
    "pk": 1,
    "fields": {
      "orden": 13,
      "fecha": "2022-01-10T08:00:00Z",
      "nombre_de_color": "1"
    }
  },
  {
    "model": "ordenes.planilladepintura",
    "pk": 2,
    "fields": {
      "orden": 2,
      "fecha": "2022-01-10T08:00:00Z",
      "nombre_de_color": "1"
    }
  },
  {
    "model": "ordenes.planilladepintura",
    "pk": 3,
    "fields": {
      "orden": 4,
      "fecha": "2022-01-10T08:00:00Z",
      "nombre_de_color": "1"
    }
  },
  {
    "model": "ordenes.detalleplanilladepintura",
    "pk": 1,
    "fields": { "planilla": 1, "formula": "1", "cantidad": 1 }
  },
  {
    "model": "ordenes.detalleplanilladepintura",
    "pk": 2,
    "fields": { "planilla": 2, "formula": "1", "cantidad": 1 }
  },
  {
    "model": "ordenes.detalleplanilladepintura",
    "pk": 3,
    "fields": { "planilla": 3, "formula": "1", "cantidad": 1 }
  }
]
