[
    {
        "model": "ordenes.ordendetrabajo",
        "pk": 89,
        "fields": {
            "turno": "2022-11-23T21:14:00Z",
            "ingreso": "2022-11-18T21:14:00Z",
            "egreso": "2022-11-22T21:14:00Z",
            "estado": 5
        }
    },
    {
        "model": "ordenes.ordendetrabajo",
        "pk": 90,
        "fields": {
            "turno": "2022-11-24T21:15:00Z",
            "ingreso": "2022-11-18T21:15:00Z",
            "egreso": "2022-11-21T21:14:00Z",
            "estado": 5
        }
    },
    {
        "model": "ordenes.ordendetrabajo",
        "pk": 91,
        "fields": {
            "turno": "2022-11-18T21:15:00Z",
            "ingreso": "2022-11-18T21:16:00Z",
            "egreso": "2022-11-21T18:14:00Z",
            "estado": 5
        }
    },
    {
        "model": "ordenes.ordendetrabajo",
        "pk": 92,
        "fields": {
            "turno": "2022-11-18T21:17:00Z",
            "ingreso": "2022-11-25T21:17:00Z",
            "egreso": "2022-11-28T13:14:00Z",
            "estado": 5
        }
    },
    {
        "model": "ordenes.ordendetrabajo",
        "pk": 93,
        "fields": {
            "turno": "2022-11-26T21:17:00Z",
            "ingreso": "2022-11-18T21:17:00Z",
            "egreso": "2022-11-21T20:14:00Z",
            "estado": 5
        }
    },
    {
        "model": "ordenes.ordendetrabajo",
        "pk": 94,
        "fields": {
            "turno": "2022-11-18T21:17:00Z",
            "ingreso": "2022-11-18T21:17:00Z",
            "egreso": "2022-11-20T14:14:00Z",
            "estado": 5
        }
    },
    {
        "model": "ordenes.ordendetrabajo",
        "pk": 95,
        "fields": {
            "turno": "2022-11-26T21:18:00Z",
            "ingreso": "2022-11-24T21:18:00Z",
            "egreso": "2022-11-27T22:14:00Z",
            "estado": 5
        }
    },
    {
        "model": "ordenes.ordendetrabajo",
        "pk": 96,
        "fields": {
            "turno": "2022-11-18T21:18:00Z",
            "ingreso": "2022-11-20T21:18:00Z",
            "egreso": "2022-11-22T21:14:00Z",
            "estado": 5
        }
    },
    {
        "model": "ordenes.ordendetrabajo",
        "pk": 97,
        "fields": {
            "turno": "2022-12-02T21:18:00Z",
            "ingreso": "2022-11-26T21:18:00Z",
            "egreso": "2022-11-29T18:14:00Z",
            "estado": 5
        }
    },
    {
        "model": "ordenes.ordendetrabajo",
        "pk": 98,
        "fields": {
            "turno": "2022-12-03T21:19:00Z",
            "ingreso": "2022-11-18T21:19:00Z",
            "egreso": "2022-11-20T15:14:00Z",
            "estado": 5
        }
    },
    {
        "model": "ordenes.ordendetrabajo",
        "pk": 99,
        "fields": {
            "turno": "2022-12-04T21:19:00Z",
            "ingreso": "2022-11-20T21:19:00Z",
            "egreso": "2022-11-24T17:14:00Z",
            "estado": 5
        }
    },
    {
        "model": "ordenes.ordendetrabajo",
        "pk": 100,
        "fields": {
            "turno": "2022-12-04T21:20:00Z",
            "ingreso": "2022-11-18T21:20:00Z",
            "egreso": "2022-11-20T11:14:00Z",
            "estado": 5
        }
    },
    {
        "model": "ordenes.ordendetrabajo",
        "pk": 101,
        "fields": {
            "turno": "2022-11-18T21:20:00Z",
            "ingreso": "2022-11-18T21:20:00Z",
            "egreso": "2022-11-20T12:14:00Z",
            "estado": 5
        }
    },
    {
        "model": "ordenes.ordendetrabajo",
        "pk": 102,
        "fields": {
            "turno": "2022-11-25T21:20:00Z",
            "ingreso": "2022-11-18T21:20:00Z",
            "egreso": "2022-11-19T21:14:00Z",
            "estado": 5
        }
    },
    {
        "model": "ordenes.ordendetrabajo",
        "pk": 103,
        "fields": {
            "turno": "2022-12-03T21:20:00Z",
            "ingreso": "2022-12-02T21:34:00Z",
            "egreso": "2022-12-04T18:34:00Z",
            "estado": 5
        }
    },
    {
        "model": "ordenes.ordendetrabajo",
        "pk": 104,
        "fields": {
            "turno": "2022-12-03T21:21:00Z",
            "ingreso": "2022-11-19T23:21:00Z",
            "egreso": "2022-11-22T14:34:00Z",
            "estado": 5
        }
    },
    {
        "model": "ordenes.ordendetrabajo",
        "pk": 105,
        "fields": {
            "turno": "2022-11-25T21:21:00Z",
            "ingreso": "2022-11-23T21:21:00Z",
            "egreso": "2022-11-25T17:34:00Z",
            "estado": 5
        }
    },
    {
        "model": "ordenes.ordendetrabajo",
        "pk": 106,
        "fields": {
            "turno": "2022-12-08T21:21:00Z",
            "ingreso": "2022-11-26T21:35:00Z",
            "egreso": "2022-11-29T16:34:00Z",
            "estado": 5
        }
    },
    {
        "model": "ordenes.ordendetrabajo",
        "pk": 107,
        "fields": {
            "turno": "2022-12-01T21:22:00Z",
            "ingreso": "2022-11-27T21:35:00Z",
            "egreso": "2022-11-29T13:34:00Z",
            "estado": 5
        }
    },
    {
        "model": "ordenes.ordendetrabajo",
        "pk": 108,
        "fields": {
            "turno": "2022-12-02T21:22:00Z",
            "ingreso": "2022-11-18T21:22:00Z",
            "egreso": "2022-11-21T13:34:00Z",
            "estado": 5
        }
    },
    {
        "model": "ordenes.ordendetrabajo",
        "pk": 109,
        "fields": {
            "turno": "2022-11-18T21:23:00Z",
            "ingreso": "2022-11-19T21:25:00Z",
            "egreso": "2022-11-23T17:34:00Z",
            "estado": 5
        }
    },
    {
        "model": "ordenes.detalleordendetrabajo",
        "pk": 186,
        "fields": {
            "orden": 89,
            "tarea": 1,
            "empleado": 5,
            "inicio": "2022-11-19T00:47:32Z",
            "fin": "2022-11-19T12:47:32Z",
            "exitosa": true,
            "observaciones": null
        }
    },
    {
        "model": "ordenes.detalleordendetrabajo",
        "pk": 187,
        "fields": {
            "orden": 90,
            "tarea": 2,
            "empleado": 2,
            "inicio": "2022-11-21T00:23:45.625Z",
            "fin": "2022-11-22T00:23:45.625Z",
            "exitosa": true,
            "observaciones": ""
        }
    },
    {
        "model": "ordenes.detalleordendetrabajo",
        "pk": 188,
        "fields": {
            "orden": 91,
            "tarea": 4,
            "empleado": 1,
            "inicio": "2022-11-19T00:28:49Z",
            "fin": "2022-11-19T11:28:49Z",
            "exitosa": true,
            "observaciones": null
        }
    },
    {
        "model": "ordenes.detalleordendetrabajo",
        "pk": 189,
        "fields": {
            "orden": 92,
            "tarea": 4,
            "empleado": 1,
            "inicio": "2022-11-19T00:28:49Z",
            "fin": "2022-11-19T10:28:49Z",
            "exitosa": true,
            "observaciones": null
        }
    },
    {
        "model": "ordenes.detalleordendetrabajo",
        "pk": 190,
        "fields": {
            "orden": 93,
            "tarea": 2,
            "empleado": 2,
            "inicio": "2022-11-21T00:23:45.625Z",
            "fin": "2022-11-22T00:14:45.625Z",
            "exitosa": true,
            "observaciones": ""
        }
    },
    {
        "model": "ordenes.detalleordendetrabajo",
        "pk": 191,
        "fields": {
            "orden": 93,
            "tarea": 5,
            "empleado": 1,
            "inicio": "2022-11-21T00:23:45.625Z",
            "fin": "2022-11-22T11:23:45.625Z",
            "exitosa": true,
            "observaciones": ""
        }
    },
    {
        "model": "ordenes.detalleordendetrabajo",
        "pk": 192,
        "fields": {
            "orden": 94,
            "tarea": 1,
            "empleado": 3,
            "inicio": "2022-11-19T00:28:49Z",
            "fin": "2022-11-20T11:28:49Z",
            "exitosa": true,
            "observaciones": null
        }
    },
    {
        "model": "ordenes.detalleordendetrabajo",
        "pk": 193,
        "fields": {
            "orden": 94,
            "tarea": 2,
            "empleado": 2,
            "inicio": "2022-11-19T00:28:49Z",
            "fin": "2022-11-20T04:28:49Z",
            "exitosa": true,
            "observaciones": null
        }
    },
    {
        "model": "ordenes.detalleordendetrabajo",
        "pk": 194,
        "fields": {
            "orden": 94,
            "tarea": 3,
            "empleado": 2,
            "inicio": "2022-11-19T00:28:49Z",
            "fin": "2022-11-19T03:28:49Z",
            "exitosa": true,
            "observaciones": null
        }
    },
    {
        "model": "ordenes.detalleordendetrabajo",
        "pk": 195,
        "fields": {
            "orden": 95,
            "tarea": 2,
            "empleado": 4,
            "inicio": "2022-11-21T00:23:45.625Z",
            "fin": "2022-11-21T11:23:45.625Z",
            "exitosa": true,
            "observaciones": ""
        }
    },
    {
        "model": "ordenes.detalleordendetrabajo",
        "pk": 196,
        "fields": {
            "orden": 96,
            "tarea": 3,
            "empleado": 2,
            "inicio": "2022-11-19T00:28:49.307Z",
            "fin": "2022-11-19T04:28:49.307Z",
            "exitosa": true,
            "observaciones": ""
        }
    },
    {
        "model": "ordenes.detalleordendetrabajo",
        "pk": 197,
        "fields": {
            "orden": 97,
            "tarea": 3,
            "empleado": 2,
            "inicio": "2022-11-21T00:23:45.625Z",
            "fin": "2022-11-21T06:23:45.625Z",
            "exitosa": true,
            "observaciones": ""
        }
    },
    {
        "model": "ordenes.detalleordendetrabajo",
        "pk": 198,
        "fields": {
            "orden": 97,
            "tarea": 4,
            "empleado": 1,
            "inicio": "2022-11-21T00:23:45.625Z",
            "fin": "2022-11-21T04:23:45.625Z",
            "exitosa": true,
            "observaciones": ""
        }
    },
    {
        "model": "ordenes.detalleordendetrabajo",
        "pk": 199,
        "fields": {
            "orden": 98,
            "tarea": 3,
            "empleado": 2,
            "inicio": "2022-11-21T00:23:45.625Z",
            "fin": "2022-11-21T04:23:45.625Z",
            "exitosa": true,
            "observaciones": ""
        }
    },
    {
        "model": "ordenes.detalleordendetrabajo",
        "pk": 200,
        "fields": {
            "orden": 99,
            "tarea": 4,
            "empleado": 5,
            "inicio": "2022-11-21T00:23:45.625Z",
            "fin": "2022-11-21T02:23:45.625Z",
            "exitosa": true,
            "observaciones": ""
        }
    },
    {
        "model": "ordenes.detalleordendetrabajo",
        "pk": 201,
        "fields": {
            "orden": 99,
            "tarea": 6,
            "empleado": 6,
            "inicio": "2022-11-21T00:23:45.625Z",
            "fin": "2022-11-21T03:23:45.625Z",
            "exitosa": true,
            "observaciones": ""
        }
    },
    {
        "model": "ordenes.detalleordendetrabajo",
        "pk": 202,
        "fields": {
            "orden": 100,
            "tarea": 2,
            "empleado": 2,
            "inicio": "2022-11-21T00:23:45.625Z",
            "fin": "2022-11-21T03:23:45.625Z",
            "exitosa": true,
            "observaciones": ""
        }
    },
    {
        "model": "ordenes.detalleordendetrabajo",
        "pk": 203,
        "fields": {
            "orden": 101,
            "tarea": 2,
            "empleado": 2,
            "inicio": "2022-11-19T00:28:49Z",
            "fin": "2022-11-19T15:28:49Z",
            "exitosa": true,
            "observaciones": null
        }
    },
    {
        "model": "ordenes.detalleordendetrabajo",
        "pk": 204,
        "fields": {
            "orden": 101,
            "tarea": 6,
            "empleado": 6,
            "inicio": "2022-11-19T00:47:32.066Z",
            "fin": "2022-11-19T11:47:32.066Z",
            "exitosa": true,
            "observaciones": ""
        }
    },
    {
        "model": "ordenes.detalleordendetrabajo",
        "pk": 205,
        "fields": {
            "orden": 102,
            "tarea": 1,
            "empleado": 3,
            "inicio": "2022-11-19T00:28:49.307Z",
            "fin": "2022-11-19T12:28:49.307Z",
            "exitosa": true,
            "observaciones": ""
        }
    },
    {
        "model": "ordenes.detalleordendetrabajo",
        "pk": 206,
        "fields": {
            "orden": 102,
            "tarea": 2,
            "empleado": 4,
            "inicio": "2022-11-19T00:28:49Z",
            "fin": "2022-11-19T12:28:49Z",
            "exitosa": true,
            "observaciones": null
        }
    },
    {
        "model": "ordenes.detalleordendetrabajo",
        "pk": 207,
        "fields": {
            "orden": 103,
            "tarea": 3,
            "empleado": 2,
            "inicio": "2022-11-21T00:32:23.600Z",
            "fin": "2022-11-21T13:32:23.600Z",
            "exitosa": true,
            "observaciones": ""
        }
    },
    {
        "model": "ordenes.detalleordendetrabajo",
        "pk": 208,
        "fields": {
            "orden": 104,
            "tarea": 4,
            "empleado": 5,
            "inicio": "2022-11-21T00:23:45.625Z",
            "fin": "2022-11-21T01:23:45.625Z",
            "exitosa": true,
            "observaciones": ""
        }
    },
    {
        "model": "ordenes.detalleordendetrabajo",
        "pk": 209,
        "fields": {
            "orden": 105,
            "tarea": 3,
            "empleado": 4,
            "inicio": "2022-11-21T00:23:45.625Z",
            "fin": "2022-11-21T14:23:45.625Z",
            "exitosa": true,
            "observaciones": ""
        }
    },
    {
        "model": "ordenes.detalleordendetrabajo",
        "pk": 210,
        "fields": {
            "orden": 105,
            "tarea": 4,
            "empleado": 1,
            "inicio": "2022-11-21T00:23:45.625Z",
            "fin": "2022-11-21T04:23:45.625Z",
            "exitosa": true,
            "observaciones": ""
        }
    },
    {
        "model": "ordenes.detalleordendetrabajo",
        "pk": 211,
        "fields": {
            "orden": 105,
            "tarea": 5,
            "empleado": 3,
            "inicio": "2022-11-21T00:23:45.625Z",
            "fin": "2022-11-21T05:23:45.625Z",
            "exitosa": true,
            "observaciones": ""
        }
    },
    {
        "model": "ordenes.detalleordendetrabajo",
        "pk": 212,
        "fields": {
            "orden": 106,
            "tarea": 1,
            "empleado": 3,
            "inicio": "2022-11-21T00:32:23.600Z",
            "fin": "2022-11-21T11:32:23.600Z",
            "exitosa": true,
            "observaciones": ""
        }
    },
    {
        "model": "ordenes.detalleordendetrabajo",
        "pk": 213,
        "fields": {
            "orden": 107,
            "tarea": 3,
            "empleado": 2,
            "inicio": "2022-11-21T00:32:23.600Z",
            "fin": "2022-11-21T09:32:23.600Z",
            "exitosa": true,
            "observaciones": ""
        }
    },
    {
        "model": "ordenes.detalleordendetrabajo",
        "pk": 214,
        "fields": {
            "orden": 108,
            "tarea": 2,
            "empleado": 4,
            "inicio": "2022-11-21T00:23:45.625Z",
            "fin": "2022-11-21T02:23:45.625Z",
            "exitosa": true,
            "observaciones": ""
        }
    },
    {
        "model": "ordenes.detalleordendetrabajo",
        "pk": 215,
        "fields": {
            "orden": 108,
            "tarea": 3,
            "empleado": 4,
            "inicio": "2022-11-21T00:23:45.625Z",
            "fin": "2022-11-21T04:23:45.625Z",
            "exitosa": true,
            "observaciones": ""
        }
    },
    {
        "model": "ordenes.detalleordendetrabajo",
        "pk": 216,
        "fields": {
            "orden": 109,
            "tarea": 1,
            "empleado": 3,
            "inicio": "2022-11-19T00:28:49Z",
            "fin": "2022-11-21T17:28:49Z",
            "exitosa": true,
            "observaciones": null
        }
    },
    {
        "model": "ordenes.detalleordendetrabajo",
        "pk": 217,
        "fields": {
            "orden": 109,
            "tarea": 2,
            "empleado": 4,
            "inicio": "2022-11-19T00:28:49Z",
            "fin": "2022-11-21T06:28:49Z",
            "exitosa": true,
            "observaciones": null
        }
    },
    {
        "model": "ordenes.materialordendetrabajo",
        "pk": 77,
        "fields": {
            "material": 4,
            "orden": 89,
            "cantidad": 0
        }
    },
    {
        "model": "ordenes.materialordendetrabajo",
        "pk": 78,
        "fields": {
            "material": 2,
            "orden": 94,
            "cantidad": 0
        }
    },
    {
        "model": "ordenes.materialordendetrabajo",
        "pk": 79,
        "fields": {
            "material": 2,
            "orden": 96,
            "cantidad": 0
        }
    },
    {
        "model": "ordenes.materialordendetrabajo",
        "pk": 80,
        "fields": {
            "material": 2,
            "orden": 97,
            "cantidad": 0
        }
    },
    {
        "model": "ordenes.materialordendetrabajo",
        "pk": 81,
        "fields": {
            "material": 2,
            "orden": 98,
            "cantidad": 0
        }
    },
    {
        "model": "ordenes.materialordendetrabajo",
        "pk": 82,
        "fields": {
            "material": 2,
            "orden": 102,
            "cantidad": 0
        }
    },
    {
        "model": "ordenes.materialordendetrabajo",
        "pk": 83,
        "fields": {
            "material": 3,
            "orden": 103,
            "cantidad": 0
        }
    },
    {
        "model": "ordenes.materialordendetrabajo",
        "pk": 84,
        "fields": {
            "material": 2,
            "orden": 105,
            "cantidad": 0
        }
    },
    {
        "model": "ordenes.materialordendetrabajo",
        "pk": 85,
        "fields": {
            "material": 3,
            "orden": 106,
            "cantidad": 0
        }
    },
    {
        "model": "ordenes.materialordendetrabajo",
        "pk": 86,
        "fields": {
            "material": 4,
            "orden": 107,
            "cantidad": 0
        }
    },
    {
        "model": "ordenes.materialordendetrabajo",
        "pk": 87,
        "fields": {
            "material": 3,
            "orden": 108,
            "cantidad": 0
        }
    },
    {
        "model": "ordenes.materialordendetrabajo",
        "pk": 88,
        "fields": {
            "material": 1,
            "orden": 109,
            "cantidad": 0
        }
    },
    {
        "model": "ordenes.materialordendetrabajo",
        "pk": 89,
        "fields": {
            "material": 2,
            "orden": 109,
            "cantidad": 0
        }
    },
    {
        "model": "ordenes.repuestoordendetrabajo",
        "pk": 75,
        "fields": {
            "repuesto": 5,
            "orden": 90,
            "cantidad": 0
        }
    },
    {
        "model": "ordenes.repuestoordendetrabajo",
        "pk": 76,
        "fields": {
            "repuesto": 2,
            "orden": 93,
            "cantidad": 0
        }
    },
    {
        "model": "ordenes.repuestoordendetrabajo",
        "pk": 77,
        "fields": {
            "repuesto": 7,
            "orden": 94,
            "cantidad": 0
        }
    },
    {
        "model": "ordenes.repuestoordendetrabajo",
        "pk": 78,
        "fields": {
            "repuesto": 4,
            "orden": 95,
            "cantidad": 0
        }
    },
    {
        "model": "ordenes.repuestoordendetrabajo",
        "pk": 79,
        "fields": {
            "repuesto": 3,
            "orden": 100,
            "cantidad": 0
        }
    },
    {
        "model": "ordenes.repuestoordendetrabajo",
        "pk": 80,
        "fields": {
            "repuesto": 4,
            "orden": 101,
            "cantidad": 0
        }
    },
    {
        "model": "ordenes.repuestoordendetrabajo",
        "pk": 81,
        "fields": {
            "repuesto": 5,
            "orden": 102,
            "cantidad": 0
        }
    },
    {
        "model": "ordenes.repuestoordendetrabajo",
        "pk": 82,
        "fields": {
            "repuesto": 5,
            "orden": 105,
            "cantidad": 0
        }
    },
    {
        "model": "ordenes.repuestoordendetrabajo",
        "pk": 83,
        "fields": {
            "repuesto": 5,
            "orden": 108,
            "cantidad": 0
        }
    },
    {
        "model": "ordenes.repuestoordendetrabajo",
        "pk": 84,
        "fields": {
            "repuesto": 7,
            "orden": 108,
            "cantidad": 0
        }
    },
    {
        "model": "ordenes.repuestoordendetrabajo",
        "pk": 85,
        "fields": {
            "repuesto": 5,
            "orden": 109,
            "cantidad": 0
        }
    },
    {
        "model": "ordenes.repuestoordendetrabajo",
        "pk": 86,
        "fields": {
            "repuesto": 7,
            "orden": 109,
            "cantidad": 0
        }
    },
    {
        "model": "ordenes.presupuesto",
        "pk": 298,
        "fields": {
            "cliente": 1,
            "vehiculo": 122,
            "detalles": "",
            "fecha": "2022-11-18T00:14:11.552Z",
            "validez": 60,
            "orden": 89,
            "ampliado": false,
            "confirmado": true,
            "tareas": [
                1
            ]
        }
    },
    {
        "model": "ordenes.presupuesto",
        "pk": 299,
        "fields": {
            "cliente": 2,
            "vehiculo": 2,
            "detalles": "",
            "fecha": "2022-11-18T00:15:20.183Z",
            "validez": 60,
            "orden": 90,
            "ampliado": false,
            "confirmado": true,
            "tareas": [
                2
            ]
        }
    },
    {
        "model": "ordenes.presupuesto",
        "pk": 300,
        "fields": {
            "cliente": 7,
            "vehiculo": 7,
            "detalles": "",
            "fecha": "2022-11-18T00:15:42.941Z",
            "validez": 60,
            "orden": 91,
            "ampliado": false,
            "confirmado": true,
            "tareas": [
                4
            ]
        }
    },
    {
        "model": "ordenes.presupuesto",
        "pk": 301,
        "fields": {
            "cliente": 15,
            "vehiculo": 15,
            "detalles": "",
            "fecha": "2022-11-18T00:17:00.308Z",
            "validez": 60,
            "orden": 92,
            "ampliado": false,
            "confirmado": true,
            "tareas": [
                4
            ]
        }
    },
    {
        "model": "ordenes.presupuesto",
        "pk": 302,
        "fields": {
            "cliente": 15,
            "vehiculo": 15,
            "detalles": "",
            "fecha": "2022-11-18T00:17:20.963Z",
            "validez": 60,
            "orden": 93,
            "ampliado": false,
            "confirmado": true,
            "tareas": [
                2,
                5
            ]
        }
    },
    {
        "model": "ordenes.presupuesto",
        "pk": 303,
        "fields": {
            "cliente": 97,
            "vehiculo": 97,
            "detalles": "",
            "fecha": "2022-11-18T00:17:44.780Z",
            "validez": 60,
            "orden": 94,
            "ampliado": false,
            "confirmado": true,
            "tareas": [
                1,
                2,
                3
            ]
        }
    },
    {
        "model": "ordenes.presupuesto",
        "pk": 304,
        "fields": {
            "cliente": 9,
            "vehiculo": 110,
            "detalles": "",
            "fecha": "2022-11-18T00:18:04.186Z",
            "validez": 60,
            "orden": 95,
            "ampliado": false,
            "confirmado": true,
            "tareas": [
                2
            ]
        }
    },
    {
        "model": "ordenes.presupuesto",
        "pk": 305,
        "fields": {
            "cliente": 3,
            "vehiculo": 3,
            "detalles": "",
            "fecha": "2022-11-18T00:18:26.401Z",
            "validez": 60,
            "orden": 96,
            "ampliado": false,
            "confirmado": true,
            "tareas": [
                3
            ]
        }
    },
    {
        "model": "ordenes.presupuesto",
        "pk": 306,
        "fields": {
            "cliente": 8,
            "vehiculo": 105,
            "detalles": "",
            "fecha": "2022-11-18T00:18:47.865Z",
            "validez": 60,
            "orden": 97,
            "ampliado": false,
            "confirmado": true,
            "tareas": [
                3,
                4
            ]
        }
    },
    {
        "model": "ordenes.presupuesto",
        "pk": 307,
        "fields": {
            "cliente": 4,
            "vehiculo": 126,
            "detalles": "",
            "fecha": "2022-11-18T00:19:06.840Z",
            "validez": 60,
            "orden": 98,
            "ampliado": false,
            "confirmado": true,
            "tareas": [
                3
            ]
        }
    },
    {
        "model": "ordenes.presupuesto",
        "pk": 308,
        "fields": {
            "cliente": 2,
            "vehiculo": 2,
            "detalles": "",
            "fecha": "2022-11-18T00:19:43.431Z",
            "validez": 60,
            "orden": 99,
            "ampliado": false,
            "confirmado": true,
            "tareas": [
                4,
                6
            ]
        }
    },
    {
        "model": "ordenes.presupuesto",
        "pk": 309,
        "fields": {
            "cliente": 4,
            "vehiculo": 4,
            "detalles": "",
            "fecha": "2022-11-18T00:19:59.377Z",
            "validez": 60,
            "orden": 100,
            "ampliado": false,
            "confirmado": true,
            "tareas": [
                2
            ]
        }
    },
    {
        "model": "ordenes.presupuesto",
        "pk": 310,
        "fields": {
            "cliente": 44,
            "vehiculo": 44,
            "detalles": "",
            "fecha": "2022-11-18T00:20:14.712Z",
            "validez": 60,
            "orden": 101,
            "ampliado": false,
            "confirmado": true,
            "tareas": [
                2,
                6
            ]
        }
    },
    {
        "model": "ordenes.presupuesto",
        "pk": 311,
        "fields": {
            "cliente": 9,
            "vehiculo": 110,
            "detalles": "",
            "fecha": "2022-11-18T00:20:33.793Z",
            "validez": 60,
            "orden": 102,
            "ampliado": false,
            "confirmado": true,
            "tareas": [
                1,
                2
            ]
        }
    },
    {
        "model": "ordenes.presupuesto",
        "pk": 312,
        "fields": {
            "cliente": 13,
            "vehiculo": 13,
            "detalles": "",
            "fecha": "2022-11-18T00:20:49.374Z",
            "validez": 60,
            "orden": 103,
            "ampliado": false,
            "confirmado": true,
            "tareas": [
                3
            ]
        }
    },
    {
        "model": "ordenes.presupuesto",
        "pk": 313,
        "fields": {
            "cliente": 1,
            "vehiculo": 122,
            "detalles": "",
            "fecha": "2022-11-18T00:21:00.947Z",
            "validez": 60,
            "orden": 104,
            "ampliado": false,
            "confirmado": true,
            "tareas": [
                4
            ]
        }
    },
    {
        "model": "ordenes.presupuesto",
        "pk": 314,
        "fields": {
            "cliente": 13,
            "vehiculo": 13,
            "detalles": "",
            "fecha": "2022-11-18T00:21:20.590Z",
            "validez": 60,
            "orden": 105,
            "ampliado": false,
            "confirmado": true,
            "tareas": [
                3,
                4,
                5
            ]
        }
    },
    {
        "model": "ordenes.presupuesto",
        "pk": 315,
        "fields": {
            "cliente": 7,
            "vehiculo": 7,
            "detalles": "",
            "fecha": "2022-11-18T00:21:45.328Z",
            "validez": 60,
            "orden": 106,
            "ampliado": false,
            "confirmado": true,
            "tareas": [
                1
            ]
        }
    },
    {
        "model": "ordenes.presupuesto",
        "pk": 316,
        "fields": {
            "cliente": 1,
            "vehiculo": 122,
            "detalles": "",
            "fecha": "2022-11-18T00:22:26.371Z",
            "validez": 60,
            "orden": 107,
            "ampliado": false,
            "confirmado": true,
            "tareas": [
                3
            ]
        }
    },
    {
        "model": "ordenes.presupuesto",
        "pk": 317,
        "fields": {
            "cliente": 1,
            "vehiculo": 122,
            "detalles": "",
            "fecha": "2022-11-18T00:22:45.838Z",
            "validez": 60,
            "orden": 108,
            "ampliado": false,
            "confirmado": true,
            "tareas": [
                2,
                3
            ]
        }
    },
    {
        "model": "ordenes.presupuesto",
        "pk": 318,
        "fields": {
            "cliente": 3,
            "vehiculo": 3,
            "detalles": "",
            "fecha": "2022-11-18T00:23:28.527Z",
            "validez": 60,
            "orden": 109,
            "ampliado": false,
            "confirmado": true,
            "tareas": [
                1,
                2
            ]
        }
    },
    {
        "model": "ordenes.presupuestomaterial",
        "pk": 240,
        "fields": {
            "material": 4,
            "presupuesto": 298,
            "cantidad": 100
        }
    },
    {
        "model": "ordenes.presupuestomaterial",
        "pk": 241,
        "fields": {
            "material": 2,
            "presupuesto": 303,
            "cantidad": 199
        }
    },
    {
        "model": "ordenes.presupuestomaterial",
        "pk": 242,
        "fields": {
            "material": 2,
            "presupuesto": 305,
            "cantidad": 566
        }
    },
    {
        "model": "ordenes.presupuestomaterial",
        "pk": 243,
        "fields": {
            "material": 2,
            "presupuesto": 306,
            "cantidad": 787
        }
    },
    {
        "model": "ordenes.presupuestomaterial",
        "pk": 244,
        "fields": {
            "material": 2,
            "presupuesto": 307,
            "cantidad": 10
        }
    },
    {
        "model": "ordenes.presupuestomaterial",
        "pk": 245,
        "fields": {
            "material": 2,
            "presupuesto": 311,
            "cantidad": 10
        }
    },
    {
        "model": "ordenes.presupuestomaterial",
        "pk": 246,
        "fields": {
            "material": 3,
            "presupuesto": 312,
            "cantidad": 100
        }
    },
    {
        "model": "ordenes.presupuestomaterial",
        "pk": 247,
        "fields": {
            "material": 2,
            "presupuesto": 314,
            "cantidad": 111
        }
    },
    {
        "model": "ordenes.presupuestomaterial",
        "pk": 248,
        "fields": {
            "material": 3,
            "presupuesto": 315,
            "cantidad": 111
        }
    },
    {
        "model": "ordenes.presupuestomaterial",
        "pk": 249,
        "fields": {
            "material": 4,
            "presupuesto": 316,
            "cantidad": 41
        }
    },
    {
        "model": "ordenes.presupuestomaterial",
        "pk": 250,
        "fields": {
            "material": 3,
            "presupuesto": 317,
            "cantidad": 19
        }
    },
    {
        "model": "ordenes.presupuestomaterial",
        "pk": 251,
        "fields": {
            "material": 1,
            "presupuesto": 318,
            "cantidad": 12
        }
    },
    {
        "model": "ordenes.presupuestomaterial",
        "pk": 252,
        "fields": {
            "material": 2,
            "presupuesto": 318,
            "cantidad": 188
        }
    },
    {
        "model": "ordenes.presupuestorepuesto",
        "pk": 164,
        "fields": {
            "repuesto": 5,
            "presupuesto": 299,
            "cantidad": 3
        }
    },
    {
        "model": "ordenes.presupuestorepuesto",
        "pk": 165,
        "fields": {
            "repuesto": 2,
            "presupuesto": 302,
            "cantidad": 1
        }
    },
    {
        "model": "ordenes.presupuestorepuesto",
        "pk": 166,
        "fields": {
            "repuesto": 7,
            "presupuesto": 303,
            "cantidad": 1
        }
    },
    {
        "model": "ordenes.presupuestorepuesto",
        "pk": 167,
        "fields": {
            "repuesto": 4,
            "presupuesto": 304,
            "cantidad": 1
        }
    },
    {
        "model": "ordenes.presupuestorepuesto",
        "pk": 168,
        "fields": {
            "repuesto": 3,
            "presupuesto": 309,
            "cantidad": 1
        }
    },
    {
        "model": "ordenes.presupuestorepuesto",
        "pk": 169,
        "fields": {
            "repuesto": 4,
            "presupuesto": 310,
            "cantidad": 1
        }
    },
    {
        "model": "ordenes.presupuestorepuesto",
        "pk": 170,
        "fields": {
            "repuesto": 5,
            "presupuesto": 311,
            "cantidad": 1
        }
    },
    {
        "model": "ordenes.presupuestorepuesto",
        "pk": 171,
        "fields": {
            "repuesto": 5,
            "presupuesto": 314,
            "cantidad": 1
        }
    },
    {
        "model": "ordenes.presupuestorepuesto",
        "pk": 172,
        "fields": {
            "repuesto": 5,
            "presupuesto": 317,
            "cantidad": 1
        }
    },
    {
        "model": "ordenes.presupuestorepuesto",
        "pk": 173,
        "fields": {
            "repuesto": 7,
            "presupuesto": 317,
            "cantidad": 1
        }
    },
    {
        "model": "ordenes.presupuestorepuesto",
        "pk": 174,
        "fields": {
            "repuesto": 5,
            "presupuesto": 318,
            "cantidad": 2
        }
    },
    {
        "model": "ordenes.presupuestorepuesto",
        "pk": 175,
        "fields": {
            "repuesto": 7,
            "presupuesto": 318,
            "cantidad": 1
        }
    },
    {
        "model": "ordenes.planilladepintura",
        "pk": 39,
        "fields": {
            "orden": 193,
            "fecha": "2022-11-19T00:37:46.697Z",
            "nombre_de_color": "color"
        }
    },
    {
        "model": "ordenes.planilladepintura",
        "pk": 40,
        "fields": {
            "orden": 194,
            "fecha": "2022-11-19T00:38:00.966Z",
            "nombre_de_color": "hola"
        }
    },
    {
        "model": "ordenes.planilladepintura",
        "pk": 41,
        "fields": {
            "orden": 196,
            "fecha": "2022-11-19T00:38:10.276Z",
            "nombre_de_color": "1"
        }
    },
    {
        "model": "ordenes.planilladepintura",
        "pk": 42,
        "fields": {
            "orden": 203,
            "fecha": "2022-11-19T00:38:23.142Z",
            "nombre_de_color": "a"
        }
    },
    {
        "model": "ordenes.planilladepintura",
        "pk": 43,
        "fields": {
            "orden": 217,
            "fecha": "2022-11-19T00:38:31.788Z",
            "nombre_de_color": "1"
        }
    },
    {
        "model": "ordenes.planilladepintura",
        "pk": 44,
        "fields": {
            "orden": 206,
            "fecha": "2022-11-19T00:38:41.669Z",
            "nombre_de_color": "1"
        }
    },
    {
        "model": "ordenes.planilladepintura",
        "pk": 45,
        "fields": {
            "orden": 187,
            "fecha": "2022-11-21T00:26:08.115Z",
            "nombre_de_color": "color verde"
        }
    },
    {
        "model": "ordenes.planilladepintura",
        "pk": 46,
        "fields": {
            "orden": 209,
            "fecha": "2022-11-21T00:26:21.869Z",
            "nombre_de_color": "color naranja"
        }
    },
    {
        "model": "ordenes.planilladepintura",
        "pk": 47,
        "fields": {
            "orden": 190,
            "fecha": "2022-11-21T00:26:39.477Z",
            "nombre_de_color": "color marron"
        }
    },
    {
        "model": "ordenes.planilladepintura",
        "pk": 48,
        "fields": {
            "orden": 195,
            "fecha": "2022-11-21T00:27:36.171Z",
            "nombre_de_color": "color1"
        }
    },
    {
        "model": "ordenes.planilladepintura",
        "pk": 49,
        "fields": {
            "orden": 197,
            "fecha": "2022-11-21T00:27:47.698Z",
            "nombre_de_color": "1"
        }
    },
    {
        "model": "ordenes.planilladepintura",
        "pk": 50,
        "fields": {
            "orden": 214,
            "fecha": "2022-11-21T00:27:53.187Z",
            "nombre_de_color": "1"
        }
    },
    {
        "model": "ordenes.planilladepintura",
        "pk": 51,
        "fields": {
            "orden": 215,
            "fecha": "2022-11-21T00:28:00.730Z",
            "nombre_de_color": "1"
        }
    },
    {
        "model": "ordenes.planilladepintura",
        "pk": 52,
        "fields": {
            "orden": 199,
            "fecha": "2022-11-21T00:28:06.003Z",
            "nombre_de_color": "1"
        }
    },
    {
        "model": "ordenes.planilladepintura",
        "pk": 53,
        "fields": {
            "orden": 202,
            "fecha": "2022-11-21T00:28:15.899Z",
            "nombre_de_color": "2"
        }
    },
    {
        "model": "ordenes.planilladepintura",
        "pk": 54,
        "fields": {
            "orden": 207,
            "fecha": "2022-11-21T00:34:27.127Z",
            "nombre_de_color": "1"
        }
    },
    {
        "model": "ordenes.planilladepintura",
        "pk": 55,
        "fields": {
            "orden": 213,
            "fecha": "2022-11-21T00:35:31.653Z",
            "nombre_de_color": "1"
        }
    },
    {
        "model": "ordenes.detalleplanilladepintura",
        "pk": 154,
        "fields": {
            "planilla": 39,
            "formula": "1",
            "cantidad": 1
        }
    },
    {
        "model": "ordenes.detalleplanilladepintura",
        "pk": 155,
        "fields": {
            "planilla": 39,
            "formula": "2",
            "cantidad": 2
        }
    },
    {
        "model": "ordenes.detalleplanilladepintura",
        "pk": 156,
        "fields": {
            "planilla": 40,
            "formula": "a",
            "cantidad": 1
        }
    },
    {
        "model": "ordenes.detalleplanilladepintura",
        "pk": 157,
        "fields": {
            "planilla": 41,
            "formula": "a",
            "cantidad": 2
        }
    },
    {
        "model": "ordenes.detalleplanilladepintura",
        "pk": 158,
        "fields": {
            "planilla": 42,
            "formula": "2",
            "cantidad": 1
        }
    },
    {
        "model": "ordenes.detalleplanilladepintura",
        "pk": 159,
        "fields": {
            "planilla": 43,
            "formula": "2",
            "cantidad": 2
        }
    },
    {
        "model": "ordenes.detalleplanilladepintura",
        "pk": 160,
        "fields": {
            "planilla": 44,
            "formula": "2",
            "cantidad": 1
        }
    },
    {
        "model": "ordenes.detalleplanilladepintura",
        "pk": 161,
        "fields": {
            "planilla": 45,
            "formula": "verde",
            "cantidad": 100
        }
    },
    {
        "model": "ordenes.detalleplanilladepintura",
        "pk": 162,
        "fields": {
            "planilla": 46,
            "formula": "naranjin",
            "cantidad": 180
        }
    },
    {
        "model": "ordenes.detalleplanilladepintura",
        "pk": 167,
        "fields": {
            "planilla": 47,
            "formula": "marron",
            "cantidad": 120
        }
    },
    {
        "model": "ordenes.detalleplanilladepintura",
        "pk": 168,
        "fields": {
            "planilla": 47,
            "formula": "negro",
            "cantidad": 40
        }
    },
    {
        "model": "ordenes.detalleplanilladepintura",
        "pk": 169,
        "fields": {
            "planilla": 48,
            "formula": "1",
            "cantidad": 100
        }
    },
    {
        "model": "ordenes.detalleplanilladepintura",
        "pk": 170,
        "fields": {
            "planilla": 49,
            "formula": "1",
            "cantidad": 1
        }
    },
    {
        "model": "ordenes.detalleplanilladepintura",
        "pk": 171,
        "fields": {
            "planilla": 50,
            "formula": "11",
            "cantidad": 1
        }
    },
    {
        "model": "ordenes.detalleplanilladepintura",
        "pk": 172,
        "fields": {
            "planilla": 51,
            "formula": "1",
            "cantidad": 1
        }
    },
    {
        "model": "ordenes.detalleplanilladepintura",
        "pk": 173,
        "fields": {
            "planilla": 52,
            "formula": "1",
            "cantidad": 1
        }
    },
    {
        "model": "ordenes.detalleplanilladepintura",
        "pk": 176,
        "fields": {
            "planilla": 53,
            "formula": "2",
            "cantidad": 2
        }
    },
    {
        "model": "ordenes.detalleplanilladepintura",
        "pk": 177,
        "fields": {
            "planilla": 53,
            "formula": "1",
            "cantidad": 1
        }
    },
    {
        "model": "ordenes.detalleplanilladepintura",
        "pk": 178,
        "fields": {
            "planilla": 54,
            "formula": "1",
            "cantidad": 1
        }
    },
    {
        "model": "ordenes.detalleplanilladepintura",
        "pk": 179,
        "fields": {
            "planilla": 55,
            "formula": "1",
            "cantidad": 1
        }
    }
]