[
  {
    "model": "ordenes.ordendetrabajo",
    "pk": 1,
    "fields": {
      "turno": "2022-12-01T21:11:00Z",
      "ingreso": "2022-12-02T10:00:00Z",
      "egreso": "2022-12-06T10:00:00Z",
      "estado": 0
    }
  },
  {
    "model": "ordenes.ordendetrabajo",
    "pk": 2,
    "fields": {
      "turno": "2022-12-02T21:12:00Z",
      "ingreso": "2022-12-02T10:00:00Z",
      "egreso": "2022-12-06T10:00:00Z",
      "estado": 1
    }
  },
  {
    "model": "ordenes.ordendetrabajo",
    "pk": 3,
    "fields": {
      "turno": "2022-12-03T21:13:00Z",
      "ingreso": "2022-12-03T10:00:00Z",
      "egreso": "2022-12-07T10:00:00Z",
      "estado": 1
    }
  },
  {
    "model": "ordenes.ordendetrabajo",
    "pk": 4,
    "fields": {
      "turno": "2022-12-04T10:00:00Z",
      "ingreso": "2022-12-04T10:00:00Z",
      "egreso": "2022-12-08T10:00:00Z",
      "estado": 0
    }
  },
  {
    "model": "ordenes.ordendetrabajo",
    "pk": 5,
    "fields": {
      "turno": "2022-12-05T10:00:00Z",
      "ingreso": "2022-12-05T10:00:00Z",
      "egreso": "2022-12-08T10:00:00Z",
      "estado": 0
    }
  },
  {
    "model": "ordenes.ordendetrabajo",
    "pk": 6,
    "fields": {
      "turno": "2022-12-06T10:00:00Z",
      "ingreso": "2022-12-06T10:00:00Z",
      "egreso": "2022-12-07T10:00:00Z",
      "estado": 0
    }
  },
  {
    "model": "ordenes.ordendetrabajo",
    "pk": 7,
    "fields": {
      "turno": "2022-12-07T10:00:00Z",
      "ingreso": "2022-12-07T10:00:00Z",
      "egreso": "2022-12-09T10:00:00Z",
      "estado": 0
    }
  },
  {
    "model": "ordenes.ordendetrabajo",
    "pk": 8,
    "fields": {
      "turno": "2022-12-08T10:00:00Z",
      "ingreso": "2022-12-08T10:00:00Z",
      "egreso": "2022-12-12T10:00:00Z",
      "estado": 0
    }
  },
  {
    "model": "ordenes.ordendetrabajo",
    "pk": 9,
    "fields": {
      "turno": "2022-12-09T10:00:00Z",
      "ingreso": "2022-12-09T10:00:00Z",
      "egreso": "2022-12-11T10:00:00Z",
      "estado": 0
    }
  },
  {
    "model": "ordenes.ordendetrabajo",
    "pk": 10,
    "fields": {
      "turno": "2022-12-10T10:00:00Z",
      "ingreso": "2022-12-10T10:00:00Z",
      "egreso": "2022-12-13T10:00:00Z",
      "estado": 0
    }
  },
  {
    "model": "ordenes.ordendetrabajo",
    "pk": 11,
    "fields": {
      "turno": "2022-12-11T10:00:00Z",
      "ingreso": "2022-12-11T10:00:00Z",
      "egreso": "2022-12-13T10:00:00Z",
      "estado": 0
    }
  },
  {
    "model": "ordenes.ordendetrabajo",
    "pk": 12,
    "fields": {
      "turno": "2022-12-12T10:00:00Z",
      "ingreso": "2022-12-12T10:00:00Z",
      "egreso": "2022-12-15T10:00:00Z",
      "estado": 0
    }
  },
  {
    "model": "ordenes.ordendetrabajo",
    "pk": 13,
    "fields": {
      "turno": "2022-12-13T10:00:00Z",
      "ingreso": "2022-12-13T10:00:00Z",
      "egreso": "2022-12-14T10:00:00Z",
      "estado": 0
    }
  },
  {
    "model": "ordenes.ordendetrabajo",
    "pk": 14,
    "fields": {
      "turno": "2022-12-14T10:00:00Z",
      "ingreso": "2022-12-14T10:00:00Z",
      "egreso": "2022-12-18T10:00:00Z",
      "estado": 0
    }
  },
  {
    "model": "ordenes.ordendetrabajo",
    "pk": 15,
    "fields": {
      "turno": "2022-12-15T10:00:00Z",
      "ingreso": "2022-12-15T10:00:00Z",
      "egreso": "2022-12-18T10:00:00Z",
      "estado": 0
    }
  },
  {
    "model": "ordenes.ordendetrabajo",
    "pk": 16,
    "fields": {
      "turno": "2022-12-16T10:00:00Z",
      "ingreso": "2022-12-16T10:00:00Z",
      "egreso": "2022-12-19T10:00:00Z",
      "estado": 0
    }
  },
  {
    "model": "ordenes.ordendetrabajo",
    "pk": 17,
    "fields": {
      "turno": "2022-12-17T10:00:00Z",
      "ingreso": "2022-12-17T10:00:00Z",
      "egreso": "2022-12-19T10:00:00Z",
      "estado": 0
    }
  },
  {
    "model": "ordenes.ordendetrabajo",
    "pk": 18,
    "fields": {
      "turno": "2022-12-18T10:00:00Z",
      "ingreso": "2022-12-18T10:00:00Z",
      "egreso": "2022-12-21T10:00:00Z",
      "estado": 0
    }
  },
  {
    "model": "ordenes.ordendetrabajo",
    "pk": 19,
    "fields": {
      "turno": "2022-12-19T10:00:00Z",
      "ingreso": "2022-12-19T10:00:00Z",
      "egreso": "2022-12-22T10:00:00Z",
      "estado": 0
    }
  },
  {
    "model": "ordenes.ordendetrabajo",
    "pk": 20,
    "fields": {
      "turno": "2022-12-20T10:00:00Z",
      "ingreso": "2022-12-20T10:00:00Z",
      "egreso": "2022-12-23T10:00:00Z",
      "estado": 0
    }
  },
  {
    "model": "ordenes.ordendetrabajo",
    "pk": 21,
    "fields": {
      "turno": "2022-12-21T10:00:00Z",
      "ingreso": "2022-12-21T10:00:00Z",
      "egreso": "2022-12-25T10:00:00Z",
      "estado": 0
    }
  },
  {
    "model": "ordenes.ordendetrabajo",
    "pk": 22,
    "fields": {
      "turno": "2022-12-22T10:00:00Z",
      "ingreso": "2022-12-22T10:00:00Z",
      "egreso": "2022-12-24T10:00:00Z",
      "estado": 0
    }
  },
  {
    "model": "ordenes.ordendetrabajo",
    "pk": 23,
    "fields": {
      "turno": "2022-12-23T10:00:00Z",
      "ingreso": "2022-12-23T10:00:00Z",
      "egreso": "2022-12-26T10:00:00Z",
      "estado": 0
    }
  },
  {
    "model": "ordenes.ordendetrabajo",
    "pk": 24,
    "fields": {
      "turno": "2022-12-24T10:00:00Z",
      "ingreso": "2022-12-24T10:00:00Z",
      "egreso": "2022-12-27T10:00:00Z",
      "estado": 0
    }
  },
  {
    "model": "ordenes.ordendetrabajo",
    "pk": 25,
    "fields": {
      "turno": "2022-12-25T10:00:00Z",
      "ingreso": "2022-12-25T10:00:00Z",
      "egreso": "2022-12-28T10:00:00Z",
      "estado": 0
    }
  },
  {
    "model": "ordenes.detalleordendetrabajo",
    "pk": 1,
    "fields": {
      "orden": 1,
      "tarea": 4,
      "empleado": null,
      "inicio": null,
      "fin": null,
      "exitosa": true,
      "observaciones": null
    }
  },
  {
    "model": "ordenes.detalleordendetrabajo",
    "pk": 2,
    "fields": {
      "orden": 2,
      "tarea": 5,
      "empleado": null,
      "inicio": null,
      "fin": null,
      "exitosa": true,
      "observaciones": null
    }
  },
  {
    "model": "ordenes.detalleordendetrabajo",
    "pk": 3,
    "fields": {
      "orden": 2,
      "tarea": 6,
      "empleado": null,
      "inicio": null,
      "fin": null,
      "exitosa": true,
      "observaciones": null
    }
  },
  {
    "model": "ordenes.detalleordendetrabajo",
    "pk": 4,
    "fields": {
      "orden": 3,
      "tarea": 6,
      "empleado": null,
      "inicio": null,
      "fin": null,
      "exitosa": true,
      "observaciones": null
    }
  },
  {
    "model": "ordenes.detalleordendetrabajo",
    "pk": 5,
    "fields": {
      "orden": 4,
      "tarea": 5,
      "empleado": null,
      "inicio": null,
      "fin": null,
      "exitosa": true,
      "observaciones": null
    }
  },
  {
    "model": "ordenes.detalleordendetrabajo",
    "pk": 6,
    "fields": {
      "orden": 5,
      "tarea": 2,
      "empleado": null,
      "inicio": null,
      "fin": null,
      "exitosa": true,
      "observaciones": null
    }
  },
  {
    "model": "ordenes.detalleordendetrabajo",
    "pk": 7,
    "fields": {
      "orden": 6,
      "tarea": 3,
      "empleado": null,
      "inicio": null,
      "fin": null,
      "exitosa": true,
      "observaciones": null
    }
  },
  {
    "model": "ordenes.detalleordendetrabajo",
    "pk": 8,
    "fields": {
      "orden": 6,
      "tarea": 4,
      "empleado": null,
      "inicio": null,
      "fin": null,
      "exitosa": true,
      "observaciones": null
    }
  },
  {
    "model": "ordenes.detalleordendetrabajo",
    "pk": 9,
    "fields": {
      "orden": 7,
      "tarea": 3,
      "empleado": null,
      "inicio": null,
      "fin": null,
      "exitosa": true,
      "observaciones": null
    }
  },
  {
    "model": "ordenes.detalleordendetrabajo",
    "pk": 10,
    "fields": {
      "orden": 8,
      "tarea": 5,
      "empleado": null,
      "inicio": null,
      "fin": null,
      "exitosa": true,
      "observaciones": null
    }
  },
  {
    "model": "ordenes.detalleordendetrabajo",
    "pk": 11,
    "fields": {
      "orden": 9,
      "tarea": 6,
      "empleado": null,
      "inicio": null,
      "fin": null,
      "exitosa": true,
      "observaciones": null
    }
  },
  {
    "model": "ordenes.detalleordendetrabajo",
    "pk": 12,
    "fields": {
      "orden": 10,
      "tarea": 2,
      "empleado": null,
      "inicio": null,
      "fin": null,
      "exitosa": true,
      "observaciones": null
    }
  },
  {
    "model": "ordenes.detalleordendetrabajo",
    "pk": 13,
    "fields": {
      "orden": 10,
      "tarea": 4,
      "empleado": null,
      "inicio": null,
      "fin": null,
      "exitosa": true,
      "observaciones": null
    }
  },
  {
    "model": "ordenes.detalleordendetrabajo",
    "pk": 14,
    "fields": {
      "orden": 11,
      "tarea": 3,
      "empleado": null,
      "inicio": null,
      "fin": null,
      "exitosa": true,
      "observaciones": null
    }
  },
  {
    "model": "ordenes.detalleordendetrabajo",
    "pk": 15,
    "fields": {
      "orden": 12,
      "tarea": 4,
      "empleado": null,
      "inicio": null,
      "fin": null,
      "exitosa": true,
      "observaciones": null
    }
  },
  {
    "model": "ordenes.detalleordendetrabajo",
    "pk": 16,
    "fields": {
      "orden": 13,
      "tarea": 1,
      "empleado": null,
      "inicio": null,
      "fin": null,
      "exitosa": true,
      "observaciones": null
    }
  },
  {
    "model": "ordenes.detalleordendetrabajo",
    "pk": 17,
    "fields": {
      "orden": 14,
      "tarea": 3,
      "empleado": null,
      "inicio": null,
      "fin": null,
      "exitosa": true,
      "observaciones": null
    }
  },
  {
    "model": "ordenes.detalleordendetrabajo",
    "pk": 18,
    "fields": {
      "orden": 15,
      "tarea": 2,
      "empleado": null,
      "inicio": null,
      "fin": null,
      "exitosa": true,
      "observaciones": null
    }
  },
  {
    "model": "ordenes.detalleordendetrabajo",
    "pk": 19,
    "fields": {
      "orden": 16,
      "tarea": 1,
      "empleado": null,
      "inicio": null,
      "fin": null,
      "exitosa": true,
      "observaciones": null
    }
  },
  {
    "model": "ordenes.detalleordendetrabajo",
    "pk": 20,
    "fields": {
      "orden": 17,
      "tarea": 5,
      "empleado": null,
      "inicio": null,
      "fin": null,
      "exitosa": true,
      "observaciones": null
    }
  },
  {
    "model": "ordenes.detalleordendetrabajo",
    "pk": 21,
    "fields": {
      "orden": 17,
      "tarea": 6,
      "empleado": null,
      "inicio": null,
      "fin": null,
      "exitosa": true,
      "observaciones": null
    }
  },
  {
    "model": "ordenes.detalleordendetrabajo",
    "pk": 22,
    "fields": {
      "orden": 18,
      "tarea": 2,
      "empleado": null,
      "inicio": null,
      "fin": null,
      "exitosa": true,
      "observaciones": null
    }
  },
  {
    "model": "ordenes.detalleordendetrabajo",
    "pk": 23,
    "fields": {
      "orden": 19,
      "tarea": 6,
      "empleado": null,
      "inicio": null,
      "fin": null,
      "exitosa": true,
      "observaciones": null
    }
  },
  {
    "model": "ordenes.detalleordendetrabajo",
    "pk": 24,
    "fields": {
      "orden": 20,
      "tarea": 5,
      "empleado": null,
      "inicio": null,
      "fin": null,
      "exitosa": true,
      "observaciones": null
    }
  },
  {
    "model": "ordenes.detalleordendetrabajo",
    "pk": 25,
    "fields": {
      "orden": 21,
      "tarea": 2,
      "empleado": null,
      "inicio": null,
      "fin": null,
      "exitosa": true,
      "observaciones": null
    }
  },
  {
    "model": "ordenes.detalleordendetrabajo",
    "pk": 26,
    "fields": {
      "orden": 22,
      "tarea": 4,
      "empleado": null,
      "inicio": null,
      "fin": null,
      "exitosa": true,
      "observaciones": null
    }
  },
  {
    "model": "ordenes.detalleordendetrabajo",
    "pk": 27,
    "fields": {
      "orden": 23,
      "tarea": 1,
      "empleado": null,
      "inicio": null,
      "fin": null,
      "exitosa": true,
      "observaciones": null
    }
  },
  {
    "model": "ordenes.detalleordendetrabajo",
    "pk": 28,
    "fields": {
      "orden": 24,
      "tarea": 2,
      "empleado": null,
      "inicio": null,
      "fin": null,
      "exitosa": true,
      "observaciones": null
    }
  },
  {
    "model": "ordenes.detalleordendetrabajo",
    "pk": 29,
    "fields": {
      "orden": 25,
      "tarea": 2,
      "empleado": null,
      "inicio": null,
      "fin": null,
      "exitosa": true,
      "observaciones": null
    }
  },
  {
    "model": "ordenes.detalleordendetrabajo",
    "pk": 30,
    "fields": {
      "orden": 25,
      "tarea": 4,
      "empleado": null,
      "inicio": null,
      "fin": null,
      "exitosa": true,
      "observaciones": null
    }
  },
  {
    "model": "ordenes.materialordendetrabajo",
    "pk": 1,
    "fields": {
      "material": 3,
      "orden": 1,
      "cantidad_presupuestada": 200,
      "cantidad_utilizada": 0
    }
  },
  {
    "model": "ordenes.materialordendetrabajo",
    "pk": 2,
    "fields": {
      "material": 1,
      "orden": 1,
      "cantidad_presupuestada": 400,
      "cantidad_utilizada": 0
    }
  },
  {
    "model": "ordenes.materialordendetrabajo",
    "pk": 3,
    "fields": {
      "material": 5,
      "orden": 6,
      "cantidad_presupuestada": 100,
      "cantidad_utilizada": 0
    }
  },
  {
    "model": "ordenes.materialordendetrabajo",
    "pk": 4,
    "fields": {
      "material": 3,
      "orden": 6,
      "cantidad_presupuestada": 100,
      "cantidad_utilizada": 0
    }
  },
  {
    "model": "ordenes.materialordendetrabajo",
    "pk": 5,
    "fields": {
      "material": 1,
      "orden": 10,
      "cantidad_presupuestada": 150,
      "cantidad_utilizada": 0
    }
  },
  {
    "model": "ordenes.materialordendetrabajo",
    "pk": 6,
    "fields": {
      "material": 3,
      "orden": 12,
      "cantidad_presupuestada": 150,
      "cantidad_utilizada": 0
    }
  },
  {
    "model": "ordenes.materialordendetrabajo",
    "pk": 7,
    "fields": {
      "material": 1,
      "orden": 13,
      "cantidad_presupuestada": 100,
      "cantidad_utilizada": 0
    }
  },
  {
    "model": "ordenes.materialordendetrabajo",
    "pk": 8,
    "fields": {
      "material": 1,
      "orden": 16,
      "cantidad_presupuestada": 100,
      "cantidad_utilizada": 0
    }
  },
  {
    "model": "ordenes.materialordendetrabajo",
    "pk": 9,
    "fields": {
      "material": 3,
      "orden": 22,
      "cantidad_presupuestada": 100,
      "cantidad_utilizada": 0
    }
  },
  {
    "model": "ordenes.materialordendetrabajo",
    "pk": 10,
    "fields": {
      "material": 3,
      "orden": 23,
      "cantidad_presupuestada": 100,
      "cantidad_utilizada": 0
    }
  },
  {
    "model": "ordenes.materialordendetrabajo",
    "pk": 11,
    "fields": {
      "material": 1,
      "orden": 25,
      "cantidad_presupuestada": 20,
      "cantidad_utilizada": 0
    }
  },
  {
    "model": "ordenes.repuestoordendetrabajo",
    "pk": 1,
    "fields": {
      "repuesto": 6,
      "orden": 2,
      "cantidad_presupuestada": 1,
      "cantidad_utilizada": 0
    }
  },
  {
    "model": "ordenes.repuestoordendetrabajo",
    "pk": 2,
    "fields": {
      "repuesto": 5,
      "orden": 2,
      "cantidad_presupuestada": 1,
      "cantidad_utilizada": 0
    }
  },
  {
    "model": "ordenes.repuestoordendetrabajo",
    "pk": 3,
    "fields": {
      "repuesto": 5,
      "orden": 3,
      "cantidad_presupuestada": 1,
      "cantidad_utilizada": 0
    }
  },
  {
    "model": "ordenes.repuestoordendetrabajo",
    "pk": 4,
    "fields": {
      "repuesto": 6,
      "orden": 4,
      "cantidad_presupuestada": 1,
      "cantidad_utilizada": 0
    }
  },
  {
    "model": "ordenes.repuestoordendetrabajo",
    "pk": 5,
    "fields": {
      "repuesto": 6,
      "orden": 8,
      "cantidad_presupuestada": 1,
      "cantidad_utilizada": 0
    }
  },
  {
    "model": "ordenes.repuestoordendetrabajo",
    "pk": 6,
    "fields": {
      "repuesto": 5,
      "orden": 9,
      "cantidad_presupuestada": 1,
      "cantidad_utilizada": 0
    }
  },
  {
    "model": "ordenes.repuestoordendetrabajo",
    "pk": 7,
    "fields": {
      "repuesto": 2,
      "orden": 13,
      "cantidad_presupuestada": 1,
      "cantidad_utilizada": 0
    }
  },
  {
    "model": "ordenes.repuestoordendetrabajo",
    "pk": 8,
    "fields": {
      "repuesto": 2,
      "orden": 16,
      "cantidad_presupuestada": 1,
      "cantidad_utilizada": 0
    }
  },
  {
    "model": "ordenes.repuestoordendetrabajo",
    "pk": 9,
    "fields": {
      "repuesto": 5,
      "orden": 17,
      "cantidad_presupuestada": 1,
      "cantidad_utilizada": 0
    }
  },
  {
    "model": "ordenes.repuestoordendetrabajo",
    "pk": 10,
    "fields": {
      "repuesto": 6,
      "orden": 17,
      "cantidad_presupuestada": 1,
      "cantidad_utilizada": 0
    }
  },
  {
    "model": "ordenes.repuestoordendetrabajo",
    "pk": 11,
    "fields": {
      "repuesto": 7,
      "orden": 17,
      "cantidad_presupuestada": 1,
      "cantidad_utilizada": 0
    }
  },
  {
    "model": "ordenes.repuestoordendetrabajo",
    "pk": 12,
    "fields": {
      "repuesto": 5,
      "orden": 19,
      "cantidad_presupuestada": 1,
      "cantidad_utilizada": 0
    }
  },
  {
    "model": "ordenes.repuestoordendetrabajo",
    "pk": 13,
    "fields": {
      "repuesto": 6,
      "orden": 20,
      "cantidad_presupuestada": 1,
      "cantidad_utilizada": 0
    }
  },
  {
    "model": "ordenes.repuestoordendetrabajo",
    "pk": 14,
    "fields": {
      "repuesto": 6,
      "orden": 23,
      "cantidad_presupuestada": 1,
      "cantidad_utilizada": 0
    }
  },
  {
    "model": "ordenes.presupuesto",
    "pk": 1,
    "fields": {
      "cliente": 1,
      "vehiculo": 1,
      "detalles": "",
      "fecha": "2022-12-01T00:04:09.687Z",
      "validez": 60,
      "orden": 25,
      "ampliado": false,
      "confirmado": true,
      "tareas": [2, 4]
    }
  },
  {
    "model": "ordenes.presupuesto",
    "pk": 2,
    "fields": {
      "cliente": 2,
      "vehiculo": 2,
      "detalles": "",
      "fecha": "2022-12-01T00:04:18.844Z",
      "validez": 60,
      "orden": 24,
      "ampliado": false,
      "confirmado": true,
      "tareas": [2]
    }
  },
  {
    "model": "ordenes.presupuesto",
    "pk": 3,
    "fields": {
      "cliente": 3,
      "vehiculo": 28,
      "detalles": "",
      "fecha": "2022-12-01T00:04:34.149Z",
      "validez": 60,
      "orden": 23,
      "ampliado": false,
      "confirmado": true,
      "tareas": [1]
    }
  },
  {
    "model": "ordenes.presupuesto",
    "pk": 4,
    "fields": {
      "cliente": 4,
      "vehiculo": 4,
      "detalles": "",
      "fecha": "2022-12-01T00:04:53.131Z",
      "validez": 60,
      "orden": 22,
      "ampliado": false,
      "confirmado": true,
      "tareas": [4]
    }
  },
  {
    "model": "ordenes.presupuesto",
    "pk": 5,
    "fields": {
      "cliente": 5,
      "vehiculo": 5,
      "detalles": "",
      "fecha": "2022-12-01T00:05:05.650Z",
      "validez": 60,
      "orden": 21,
      "ampliado": false,
      "confirmado": true,
      "tareas": [2]
    }
  },
  {
    "model": "ordenes.presupuesto",
    "pk": 6,
    "fields": {
      "cliente": 6,
      "vehiculo": 6,
      "detalles": "",
      "fecha": "2022-12-01T00:05:32.218Z",
      "validez": 60,
      "orden": 20,
      "ampliado": false,
      "confirmado": true,
      "tareas": [5]
    }
  },
  {
    "model": "ordenes.presupuesto",
    "pk": 7,
    "fields": {
      "cliente": 7,
      "vehiculo": 7,
      "detalles": "",
      "fecha": "2022-12-01T00:05:43.662Z",
      "validez": 60,
      "orden": 19,
      "ampliado": false,
      "confirmado": true,
      "tareas": [6]
    }
  },
  {
    "model": "ordenes.presupuesto",
    "pk": 8,
    "fields": {
      "cliente": 8,
      "vehiculo": 8,
      "detalles": "",
      "fecha": "2022-12-01T00:05:53.712Z",
      "validez": 60,
      "orden": 18,
      "ampliado": false,
      "confirmado": true,
      "tareas": [2]
    }
  },
  {
    "model": "ordenes.presupuesto",
    "pk": 9,
    "fields": {
      "cliente": 9,
      "vehiculo": 9,
      "detalles": "",
      "fecha": "2022-12-01T00:06:16.373Z",
      "validez": 60,
      "orden": 17,
      "ampliado": false,
      "confirmado": true,
      "tareas": [5, 6]
    }
  },
  {
    "model": "ordenes.presupuesto",
    "pk": 10,
    "fields": {
      "cliente": 10,
      "vehiculo": 10,
      "detalles": "",
      "fecha": "2022-12-01T00:06:39.152Z",
      "validez": 60,
      "orden": 16,
      "ampliado": false,
      "confirmado": true,
      "tareas": [1]
    }
  },
  {
    "model": "ordenes.presupuesto",
    "pk": 11,
    "fields": {
      "cliente": 11,
      "vehiculo": 11,
      "detalles": "",
      "fecha": "2022-12-01T00:06:47.024Z",
      "validez": 60,
      "orden": 15,
      "ampliado": false,
      "confirmado": true,
      "tareas": [2]
    }
  },
  {
    "model": "ordenes.presupuesto",
    "pk": 12,
    "fields": {
      "cliente": 12,
      "vehiculo": 12,
      "detalles": "",
      "fecha": "2022-12-01T00:06:59.477Z",
      "validez": 60,
      "orden": 14,
      "ampliado": false,
      "confirmado": true,
      "tareas": [3]
    }
  },
  {
    "model": "ordenes.presupuesto",
    "pk": 13,
    "fields": {
      "cliente": 13,
      "vehiculo": 13,
      "detalles": "",
      "fecha": "2022-12-01T00:07:15.808Z",
      "validez": 60,
      "orden": 13,
      "ampliado": false,
      "confirmado": true,
      "tareas": [1]
    }
  },
  {
    "model": "ordenes.presupuesto",
    "pk": 14,
    "fields": {
      "cliente": 14,
      "vehiculo": 14,
      "detalles": "",
      "fecha": "2022-12-01T00:07:39.549Z",
      "validez": 60,
      "orden": 12,
      "ampliado": false,
      "confirmado": true,
      "tareas": [4]
    }
  },
  {
    "model": "ordenes.presupuesto",
    "pk": 15,
    "fields": {
      "cliente": 15,
      "vehiculo": 15,
      "detalles": "",
      "fecha": "2022-12-01T00:08:21.061Z",
      "validez": 60,
      "orden": 11,
      "ampliado": false,
      "confirmado": true,
      "tareas": [3]
    }
  },
  {
    "model": "ordenes.presupuesto",
    "pk": 16,
    "fields": {
      "cliente": 16,
      "vehiculo": 16,
      "detalles": "",
      "fecha": "2022-12-01T00:08:35.158Z",
      "validez": 60,
      "orden": 10,
      "ampliado": false,
      "confirmado": true,
      "tareas": [2, 4]
    }
  },
  {
    "model": "ordenes.presupuesto",
    "pk": 17,
    "fields": {
      "cliente": 17,
      "vehiculo": 17,
      "detalles": "",
      "fecha": "2022-12-01T00:08:48.051Z",
      "validez": 60,
      "orden": 9,
      "ampliado": false,
      "confirmado": true,
      "tareas": [6]
    }
  },
  {
    "model": "ordenes.presupuesto",
    "pk": 18,
    "fields": {
      "cliente": 18,
      "vehiculo": 18,
      "detalles": "",
      "fecha": "2022-12-01T00:08:58.711Z",
      "validez": 60,
      "orden": 8,
      "ampliado": false,
      "confirmado": true,
      "tareas": [5]
    }
  },
  {
    "model": "ordenes.presupuesto",
    "pk": 19,
    "fields": {
      "cliente": 19,
      "vehiculo": 19,
      "detalles": "",
      "fecha": "2022-12-01T00:09:05.249Z",
      "validez": 60,
      "orden": 7,
      "ampliado": false,
      "confirmado": true,
      "tareas": [3]
    }
  },
  {
    "model": "ordenes.presupuesto",
    "pk": 20,
    "fields": {
      "cliente": 20,
      "vehiculo": 20,
      "detalles": "",
      "fecha": "2022-12-01T00:09:33.773Z",
      "validez": 60,
      "orden": 6,
      "ampliado": false,
      "confirmado": true,
      "tareas": [3, 4]
    }
  },
  {
    "model": "ordenes.presupuesto",
    "pk": 21,
    "fields": {
      "cliente": 21,
      "vehiculo": 21,
      "detalles": "",
      "fecha": "2022-12-01T00:09:45.625Z",
      "validez": 60,
      "orden": 5,
      "ampliado": false,
      "confirmado": true,
      "tareas": [2]
    }
  },
  {
    "model": "ordenes.presupuesto",
    "pk": 22,
    "fields": {
      "cliente": 22,
      "vehiculo": 22,
      "detalles": "",
      "fecha": "2022-12-01T00:09:55.233Z",
      "validez": 60,
      "orden": 4,
      "ampliado": false,
      "confirmado": true,
      "tareas": [5]
    }
  },
  {
    "model": "ordenes.presupuesto",
    "pk": 23,
    "fields": {
      "cliente": 23,
      "vehiculo": 23,
      "detalles": "",
      "fecha": "2022-12-01T00:10:06.642Z",
      "validez": 60,
      "orden": 3,
      "ampliado": false,
      "confirmado": true,
      "tareas": [6]
    }
  },
  {
    "model": "ordenes.presupuesto",
    "pk": 24,
    "fields": {
      "cliente": 24,
      "vehiculo": 24,
      "detalles": "",
      "fecha": "2022-12-01T00:10:28.275Z",
      "validez": 60,
      "orden": 2,
      "ampliado": false,
      "confirmado": true,
      "tareas": [5, 6]
    }
  },
  {
    "model": "ordenes.presupuesto",
    "pk": 25,
    "fields": {
      "cliente": 25,
      "vehiculo": 25,
      "detalles": "",
      "fecha": "2022-12-01T00:10:44.547Z",
      "validez": 60,
      "orden": 1,
      "ampliado": false,
      "confirmado": true,
      "tareas": [4]
    }
  },
  {
    "model": "ordenes.presupuestomaterial",
    "pk": 1,
    "fields": { "material": 1, "presupuesto": 1, "cantidad": 20 }
  },
  {
    "model": "ordenes.presupuestomaterial",
    "pk": 2,
    "fields": { "material": 3, "presupuesto": 3, "cantidad": 100 }
  },
  {
    "model": "ordenes.presupuestomaterial",
    "pk": 3,
    "fields": { "material": 3, "presupuesto": 4, "cantidad": 100 }
  },
  {
    "model": "ordenes.presupuestomaterial",
    "pk": 4,
    "fields": { "material": 1, "presupuesto": 10, "cantidad": 100 }
  },
  {
    "model": "ordenes.presupuestomaterial",
    "pk": 5,
    "fields": { "material": 1, "presupuesto": 13, "cantidad": 100 }
  },
  {
    "model": "ordenes.presupuestomaterial",
    "pk": 6,
    "fields": { "material": 3, "presupuesto": 14, "cantidad": 150 }
  },
  {
    "model": "ordenes.presupuestomaterial",
    "pk": 7,
    "fields": { "material": 1, "presupuesto": 16, "cantidad": 150 }
  },
  {
    "model": "ordenes.presupuestomaterial",
    "pk": 8,
    "fields": { "material": 5, "presupuesto": 20, "cantidad": 100 }
  },
  {
    "model": "ordenes.presupuestomaterial",
    "pk": 9,
    "fields": { "material": 3, "presupuesto": 20, "cantidad": 100 }
  },
  {
    "model": "ordenes.presupuestomaterial",
    "pk": 10,
    "fields": { "material": 3, "presupuesto": 25, "cantidad": 200 }
  },
  {
    "model": "ordenes.presupuestomaterial",
    "pk": 11,
    "fields": { "material": 1, "presupuesto": 25, "cantidad": 400 }
  },
  {
    "model": "ordenes.presupuestorepuesto",
    "pk": 1,
    "fields": { "repuesto": 6, "presupuesto": 3, "cantidad": 1 }
  },
  {
    "model": "ordenes.presupuestorepuesto",
    "pk": 2,
    "fields": { "repuesto": 6, "presupuesto": 6, "cantidad": 1 }
  },
  {
    "model": "ordenes.presupuestorepuesto",
    "pk": 3,
    "fields": { "repuesto": 5, "presupuesto": 7, "cantidad": 1 }
  },
  {
    "model": "ordenes.presupuestorepuesto",
    "pk": 4,
    "fields": { "repuesto": 5, "presupuesto": 9, "cantidad": 1 }
  },
  {
    "model": "ordenes.presupuestorepuesto",
    "pk": 5,
    "fields": { "repuesto": 6, "presupuesto": 9, "cantidad": 1 }
  },
  {
    "model": "ordenes.presupuestorepuesto",
    "pk": 6,
    "fields": { "repuesto": 7, "presupuesto": 9, "cantidad": 1 }
  },
  {
    "model": "ordenes.presupuestorepuesto",
    "pk": 7,
    "fields": { "repuesto": 2, "presupuesto": 10, "cantidad": 1 }
  },
  {
    "model": "ordenes.presupuestorepuesto",
    "pk": 8,
    "fields": { "repuesto": 2, "presupuesto": 13, "cantidad": 1 }
  },
  {
    "model": "ordenes.presupuestorepuesto",
    "pk": 9,
    "fields": { "repuesto": 5, "presupuesto": 17, "cantidad": 1 }
  },
  {
    "model": "ordenes.presupuestorepuesto",
    "pk": 10,
    "fields": { "repuesto": 6, "presupuesto": 18, "cantidad": 1 }
  },
  {
    "model": "ordenes.presupuestorepuesto",
    "pk": 11,
    "fields": { "repuesto": 6, "presupuesto": 22, "cantidad": 1 }
  },
  {
    "model": "ordenes.presupuestorepuesto",
    "pk": 12,
    "fields": { "repuesto": 5, "presupuesto": 23, "cantidad": 1 }
  },
  {
    "model": "ordenes.presupuestorepuesto",
    "pk": 13,
    "fields": { "repuesto": 6, "presupuesto": 24, "cantidad": 1 }
  },
  {
    "model": "ordenes.presupuestorepuesto",
    "pk": 14,
    "fields": { "repuesto": 5, "presupuesto": 24, "cantidad": 1 }
  }
]
