[
  {
    "model": "facturas.factura",
    "pk": 1,
    "fields": { "orden": 1, "fecha": "2022-12-01", "estado": 3, "cuotas": 1 }
  },
  {
    "model": "facturas.factura",
    "pk": 2,
    "fields": { "orden": 5, "fecha": "2022-12-01", "estado": 3, "cuotas": 1 }
  },
  {
    "model": "facturas.factura",
    "pk": 3,
    "fields": { "orden": 2, "fecha": "2022-12-01", "estado": 3, "cuotas": 1 }
  },
  {
    "model": "facturas.factura",
    "pk": 4,
    "fields": { "orden": 3, "fecha": "2022-12-01", "estado": 3, "cuotas": 1 }
  },
  {
    "model": "facturas.factura",
    "pk": 5,
    "fields": { "orden": 4, "fecha": "2022-12-01", "estado": 3, "cuotas": 1 }
  },
  {
    "model": "facturas.factura",
    "pk": 6,
    "fields": { "orden": 6, "fecha": "2022-12-01", "estado": 3, "cuotas": 1 }
  },
  {
    "model": "facturas.factura",
    "pk": 7,
    "fields": { "orden": 7, "fecha": "2022-12-01", "estado": 3, "cuotas": 1 }
  },
  {
    "model": "facturas.factura",
    "pk": 8,
    "fields": { "orden": 8, "fecha": "2022-12-01", "estado": 3, "cuotas": 1 }
  },
  {
    "model": "facturas.factura",
    "pk": 9,
    "fields": { "orden": 9, "fecha": "2022-12-01", "estado": 3, "cuotas": 1 }
  },
  {
    "model": "facturas.factura",
    "pk": 10,
    "fields": { "orden": 10, "fecha": "2022-12-01", "estado": 3, "cuotas": 1 }
  },
  {
    "model": "facturas.factura",
    "pk": 11,
    "fields": { "orden": 11, "fecha": "2022-12-01", "estado": 3, "cuotas": 1 }
  },
  {
    "model": "facturas.factura",
    "pk": 12,
    "fields": { "orden": 12, "fecha": "2022-12-01", "estado": 3, "cuotas": 1 }
  },
  {
    "model": "facturas.factura",
    "pk": 13,
    "fields": { "orden": 13, "fecha": "2022-12-01", "estado": 3, "cuotas": 1 }
  },
  {
    "model": "facturas.factura",
    "pk": 14,
    "fields": { "orden": 14, "fecha": "2022-12-01", "estado": 3, "cuotas": 1 }
  },
  {
    "model": "facturas.factura",
    "pk": 15,
    "fields": { "orden": 15, "fecha": "2022-12-01", "estado": 3, "cuotas": 1 }
  },
  {
    "model": "facturas.factura",
    "pk": 16,
    "fields": { "orden": 16, "fecha": "2022-12-01", "estado": 3, "cuotas": 1 }
  },
  {
    "model": "facturas.factura",
    "pk": 17,
    "fields": { "orden": 17, "fecha": "2022-12-01", "estado": 3, "cuotas": 1 }
  },
  {
    "model": "facturas.factura",
    "pk": 18,
    "fields": { "orden": 18, "fecha": "2022-12-01", "estado": 3, "cuotas": 1 }
  },
  {
    "model": "facturas.factura",
    "pk": 19,
    "fields": { "orden": 19, "fecha": "2022-12-01", "estado": 3, "cuotas": 1 }
  },
  {
    "model": "facturas.factura",
    "pk": 20,
    "fields": { "orden": 20, "fecha": "2022-12-01", "estado": 3, "cuotas": 1 }
  },
  {
    "model": "facturas.factura",
    "pk": 21,
    "fields": { "orden": 21, "fecha": "2022-12-01", "estado": 3, "cuotas": 1 }
  },
  {
    "model": "facturas.factura",
    "pk": 22,
    "fields": { "orden": 22, "fecha": "2022-12-01", "estado": 3, "cuotas": 1 }
  },
  {
    "model": "facturas.factura",
    "pk": 23,
    "fields": { "orden": 23, "fecha": "2022-12-01", "estado": 3, "cuotas": 1 }
  },
  {
    "model": "facturas.factura",
    "pk": 24,
    "fields": { "orden": 24, "fecha": "2022-12-01", "estado": 3, "cuotas": 1 }
  },
  {
    "model": "facturas.factura",
    "pk": 25,
    "fields": { "orden": 25, "fecha": "2022-12-01", "estado": 3, "cuotas": 1 }
  },
  {
    "model": "facturas.detallefactura",
    "pk": 1,
    "fields": {
      "factura": 1,
      "descripcion": "MaterialOrdenDeTrabajo object (1)",
      "precio": "0.00"
    }
  },
  {
    "model": "facturas.detallefactura",
    "pk": 2,
    "fields": {
      "factura": 1,
      "descripcion": "MaterialOrdenDeTrabajo object (2)",
      "precio": "0.00"
    }
  },
  {
    "model": "facturas.detallefactura",
    "pk": 3,
    "fields": {
      "factura": 1,
      "descripcion": "DetalleOrdenDeTrabajo object (1)",
      "precio": "1259.00"
    }
  },
  {
    "model": "facturas.detallefactura",
    "pk": 4,
    "fields": {
      "factura": 2,
      "descripcion": "DetalleOrdenDeTrabajo object (6)",
      "precio": "2649.00"
    }
  },
  {
    "model": "facturas.detallefactura",
    "pk": 5,
    "fields": {
      "factura": 3,
      "descripcion": "RepuestoOrdenDeTrabajo object (1)",
      "precio": "0.00"
    }
  },
  {
    "model": "facturas.detallefactura",
    "pk": 6,
    "fields": {
      "factura": 3,
      "descripcion": "RepuestoOrdenDeTrabajo object (2)",
      "precio": "0.00"
    }
  },
  {
    "model": "facturas.detallefactura",
    "pk": 7,
    "fields": {
      "factura": 3,
      "descripcion": "DetalleOrdenDeTrabajo object (2)",
      "precio": "1469.00"
    }
  },
  {
    "model": "facturas.detallefactura",
    "pk": 8,
    "fields": {
      "factura": 3,
      "descripcion": "DetalleOrdenDeTrabajo object (3)",
      "precio": "4688.00"
    }
  },
  {
    "model": "facturas.detallefactura",
    "pk": 9,
    "fields": {
      "factura": 4,
      "descripcion": "RepuestoOrdenDeTrabajo object (3)",
      "precio": "0.00"
    }
  },
  {
    "model": "facturas.detallefactura",
    "pk": 10,
    "fields": {
      "factura": 4,
      "descripcion": "DetalleOrdenDeTrabajo object (4)",
      "precio": "4688.00"
    }
  },
  {
    "model": "facturas.detallefactura",
    "pk": 11,
    "fields": {
      "factura": 5,
      "descripcion": "RepuestoOrdenDeTrabajo object (4)",
      "precio": "0.00"
    }
  },
  {
    "model": "facturas.detallefactura",
    "pk": 12,
    "fields": {
      "factura": 5,
      "descripcion": "DetalleOrdenDeTrabajo object (5)",
      "precio": "1469.00"
    }
  },
  {
    "model": "facturas.detallefactura",
    "pk": 13,
    "fields": {
      "factura": 6,
      "descripcion": "MaterialOrdenDeTrabajo object (3)",
      "precio": "0.00"
    }
  },
  {
    "model": "facturas.detallefactura",
    "pk": 14,
    "fields": {
      "factura": 6,
      "descripcion": "MaterialOrdenDeTrabajo object (4)",
      "precio": "0.00"
    }
  },
  {
    "model": "facturas.detallefactura",
    "pk": 15,
    "fields": {
      "factura": 6,
      "descripcion": "DetalleOrdenDeTrabajo object (7)",
      "precio": "2738.00"
    }
  },
  {
    "model": "facturas.detallefactura",
    "pk": 16,
    "fields": {
      "factura": 6,
      "descripcion": "DetalleOrdenDeTrabajo object (8)",
      "precio": "1259.00"
    }
  },
  {
    "model": "facturas.detallefactura",
    "pk": 17,
    "fields": {
      "factura": 7,
      "descripcion": "DetalleOrdenDeTrabajo object (9)",
      "precio": "2738.00"
    }
  },
  {
    "model": "facturas.detallefactura",
    "pk": 18,
    "fields": {
      "factura": 8,
      "descripcion": "RepuestoOrdenDeTrabajo object (5)",
      "precio": "0.00"
    }
  },
  {
    "model": "facturas.detallefactura",
    "pk": 19,
    "fields": {
      "factura": 8,
      "descripcion": "DetalleOrdenDeTrabajo object (10)",
      "precio": "1469.00"
    }
  },
  {
    "model": "facturas.detallefactura",
    "pk": 20,
    "fields": {
      "factura": 9,
      "descripcion": "RepuestoOrdenDeTrabajo object (6)",
      "precio": "0.00"
    }
  },
  {
    "model": "facturas.detallefactura",
    "pk": 21,
    "fields": {
      "factura": 9,
      "descripcion": "DetalleOrdenDeTrabajo object (11)",
      "precio": "4688.00"
    }
  },
  {
    "model": "facturas.detallefactura",
    "pk": 22,
    "fields": {
      "factura": 10,
      "descripcion": "MaterialOrdenDeTrabajo object (5)",
      "precio": "0.00"
    }
  },
  {
    "model": "facturas.detallefactura",
    "pk": 23,
    "fields": {
      "factura": 10,
      "descripcion": "DetalleOrdenDeTrabajo object (12)",
      "precio": "2649.00"
    }
  },
  {
    "model": "facturas.detallefactura",
    "pk": 24,
    "fields": {
      "factura": 10,
      "descripcion": "DetalleOrdenDeTrabajo object (13)",
      "precio": "1259.00"
    }
  },
  {
    "model": "facturas.detallefactura",
    "pk": 25,
    "fields": {
      "factura": 11,
      "descripcion": "DetalleOrdenDeTrabajo object (14)",
      "precio": "2738.00"
    }
  },
  {
    "model": "facturas.detallefactura",
    "pk": 26,
    "fields": {
      "factura": 12,
      "descripcion": "MaterialOrdenDeTrabajo object (6)",
      "precio": "0.00"
    }
  },
  {
    "model": "facturas.detallefactura",
    "pk": 27,
    "fields": {
      "factura": 12,
      "descripcion": "DetalleOrdenDeTrabajo object (15)",
      "precio": "1259.00"
    }
  },
  {
    "model": "facturas.detallefactura",
    "pk": 28,
    "fields": {
      "factura": 13,
      "descripcion": "MaterialOrdenDeTrabajo object (7)",
      "precio": "0.00"
    }
  },
  {
    "model": "facturas.detallefactura",
    "pk": 29,
    "fields": {
      "factura": 13,
      "descripcion": "RepuestoOrdenDeTrabajo object (7)",
      "precio": "0.00"
    }
  },
  {
    "model": "facturas.detallefactura",
    "pk": 30,
    "fields": {
      "factura": 13,
      "descripcion": "DetalleOrdenDeTrabajo object (16)",
      "precio": "1385.00"
    }
  },
  {
    "model": "facturas.detallefactura",
    "pk": 31,
    "fields": {
      "factura": 14,
      "descripcion": "DetalleOrdenDeTrabajo object (17)",
      "precio": "2738.00"
    }
  },
  {
    "model": "facturas.detallefactura",
    "pk": 32,
    "fields": {
      "factura": 15,
      "descripcion": "DetalleOrdenDeTrabajo object (18)",
      "precio": "2649.00"
    }
  },
  {
    "model": "facturas.detallefactura",
    "pk": 33,
    "fields": {
      "factura": 16,
      "descripcion": "MaterialOrdenDeTrabajo object (8)",
      "precio": "0.00"
    }
  },
  {
    "model": "facturas.detallefactura",
    "pk": 34,
    "fields": {
      "factura": 16,
      "descripcion": "RepuestoOrdenDeTrabajo object (8)",
      "precio": "0.00"
    }
  },
  {
    "model": "facturas.detallefactura",
    "pk": 35,
    "fields": {
      "factura": 16,
      "descripcion": "DetalleOrdenDeTrabajo object (19)",
      "precio": "1385.00"
    }
  },
  {
    "model": "facturas.detallefactura",
    "pk": 36,
    "fields": {
      "factura": 17,
      "descripcion": "RepuestoOrdenDeTrabajo object (9)",
      "precio": "0.00"
    }
  },
  {
    "model": "facturas.detallefactura",
    "pk": 37,
    "fields": {
      "factura": 17,
      "descripcion": "RepuestoOrdenDeTrabajo object (10)",
      "precio": "0.00"
    }
  },
  {
    "model": "facturas.detallefactura",
    "pk": 38,
    "fields": {
      "factura": 17,
      "descripcion": "RepuestoOrdenDeTrabajo object (11)",
      "precio": "0.00"
    }
  },
  {
    "model": "facturas.detallefactura",
    "pk": 39,
    "fields": {
      "factura": 17,
      "descripcion": "DetalleOrdenDeTrabajo object (20)",
      "precio": "1469.00"
    }
  },
  {
    "model": "facturas.detallefactura",
    "pk": 40,
    "fields": {
      "factura": 17,
      "descripcion": "DetalleOrdenDeTrabajo object (21)",
      "precio": "4688.00"
    }
  },
  {
    "model": "facturas.detallefactura",
    "pk": 41,
    "fields": {
      "factura": 18,
      "descripcion": "DetalleOrdenDeTrabajo object (22)",
      "precio": "2649.00"
    }
  },
  {
    "model": "facturas.detallefactura",
    "pk": 42,
    "fields": {
      "factura": 19,
      "descripcion": "RepuestoOrdenDeTrabajo object (12)",
      "precio": "0.00"
    }
  },
  {
    "model": "facturas.detallefactura",
    "pk": 43,
    "fields": {
      "factura": 19,
      "descripcion": "DetalleOrdenDeTrabajo object (23)",
      "precio": "4688.00"
    }
  },
  {
    "model": "facturas.detallefactura",
    "pk": 44,
    "fields": {
      "factura": 20,
      "descripcion": "RepuestoOrdenDeTrabajo object (13)",
      "precio": "0.00"
    }
  },
  {
    "model": "facturas.detallefactura",
    "pk": 45,
    "fields": {
      "factura": 20,
      "descripcion": "DetalleOrdenDeTrabajo object (24)",
      "precio": "1469.00"
    }
  },
  {
    "model": "facturas.detallefactura",
    "pk": 46,
    "fields": {
      "factura": 21,
      "descripcion": "DetalleOrdenDeTrabajo object (25)",
      "precio": "2649.00"
    }
  },
  {
    "model": "facturas.detallefactura",
    "pk": 47,
    "fields": {
      "factura": 22,
      "descripcion": "MaterialOrdenDeTrabajo object (9)",
      "precio": "0.00"
    }
  },
  {
    "model": "facturas.detallefactura",
    "pk": 48,
    "fields": {
      "factura": 22,
      "descripcion": "DetalleOrdenDeTrabajo object (26)",
      "precio": "1259.00"
    }
  },
  {
    "model": "facturas.detallefactura",
    "pk": 49,
    "fields": {
      "factura": 23,
      "descripcion": "MaterialOrdenDeTrabajo object (10)",
      "precio": "0.00"
    }
  },
  {
    "model": "facturas.detallefactura",
    "pk": 50,
    "fields": {
      "factura": 23,
      "descripcion": "RepuestoOrdenDeTrabajo object (14)",
      "precio": "0.00"
    }
  },
  {
    "model": "facturas.detallefactura",
    "pk": 51,
    "fields": {
      "factura": 23,
      "descripcion": "DetalleOrdenDeTrabajo object (27)",
      "precio": "1385.00"
    }
  },
  {
    "model": "facturas.detallefactura",
    "pk": 52,
    "fields": {
      "factura": 24,
      "descripcion": "DetalleOrdenDeTrabajo object (28)",
      "precio": "2649.00"
    }
  },
  {
    "model": "facturas.detallefactura",
    "pk": 53,
    "fields": {
      "factura": 25,
      "descripcion": "MaterialOrdenDeTrabajo object (11)",
      "precio": "0.00"
    }
  },
  {
    "model": "facturas.detallefactura",
    "pk": 54,
    "fields": {
      "factura": 25,
      "descripcion": "DetalleOrdenDeTrabajo object (29)",
      "precio": "2649.00"
    }
  },
  {
    "model": "facturas.detallefactura",
    "pk": 55,
    "fields": {
      "factura": 25,
      "descripcion": "DetalleOrdenDeTrabajo object (30)",
      "precio": "1259.00"
    }
  },
  {
    "model": "facturas.pago",
    "pk": 1,
    "fields": {
      "factura": 1,
      "fecha": "2022-12-01",
      "monto": "1259.00",
      "tipo": 0
    }
  },
  {
    "model": "facturas.pago",
    "pk": 2,
    "fields": {
      "factura": 2,
      "fecha": "2022-12-01",
      "monto": "2649.00",
      "tipo": 0
    }
  },
  {
    "model": "facturas.pago",
    "pk": 3,
    "fields": {
      "factura": 3,
      "fecha": "2022-12-01",
      "monto": "6157.00",
      "tipo": 0
    }
  },
  {
    "model": "facturas.pago",
    "pk": 4,
    "fields": {
      "factura": 4,
      "fecha": "2022-12-01",
      "monto": "4688.00",
      "tipo": 0
    }
  },
  {
    "model": "facturas.pago",
    "pk": 5,
    "fields": {
      "factura": 5,
      "fecha": "2022-12-01",
      "monto": "1469.00",
      "tipo": 0
    }
  },
  {
    "model": "facturas.pago",
    "pk": 6,
    "fields": {
      "factura": 6,
      "fecha": "2022-12-01",
      "monto": "3997.00",
      "tipo": 0
    }
  },
  {
    "model": "facturas.pago",
    "pk": 7,
    "fields": {
      "factura": 7,
      "fecha": "2022-12-01",
      "monto": "2738.00",
      "tipo": 0
    }
  },
  {
    "model": "facturas.pago",
    "pk": 8,
    "fields": {
      "factura": 8,
      "fecha": "2022-12-01",
      "monto": "1469.00",
      "tipo": 0
    }
  },
  {
    "model": "facturas.pago",
    "pk": 9,
    "fields": {
      "factura": 9,
      "fecha": "2022-12-01",
      "monto": "4688.00",
      "tipo": 0
    }
  },
  {
    "model": "facturas.pago",
    "pk": 10,
    "fields": {
      "factura": 10,
      "fecha": "2022-12-01",
      "monto": "3908.00",
      "tipo": 0
    }
  },
  {
    "model": "facturas.pago",
    "pk": 11,
    "fields": {
      "factura": 11,
      "fecha": "2022-12-01",
      "monto": "2738.00",
      "tipo": 0
    }
  },
  {
    "model": "facturas.pago",
    "pk": 12,
    "fields": {
      "factura": 12,
      "fecha": "2022-12-01",
      "monto": "1259.00",
      "tipo": 0
    }
  },
  {
    "model": "facturas.pago",
    "pk": 13,
    "fields": {
      "factura": 13,
      "fecha": "2022-12-01",
      "monto": "1385.00",
      "tipo": 0
    }
  },
  {
    "model": "facturas.pago",
    "pk": 14,
    "fields": {
      "factura": 14,
      "fecha": "2022-12-01",
      "monto": "2738.00",
      "tipo": 0
    }
  },
  {
    "model": "facturas.pago",
    "pk": 15,
    "fields": {
      "factura": 15,
      "fecha": "2022-12-01",
      "monto": "2649.00",
      "tipo": 0
    }
  },
  {
    "model": "facturas.pago",
    "pk": 16,
    "fields": {
      "factura": 16,
      "fecha": "2022-12-01",
      "monto": "1385.00",
      "tipo": 0
    }
  },
  {
    "model": "facturas.pago",
    "pk": 17,
    "fields": {
      "factura": 17,
      "fecha": "2022-12-01",
      "monto": "6157.00",
      "tipo": 0
    }
  },
  {
    "model": "facturas.pago",
    "pk": 18,
    "fields": {
      "factura": 18,
      "fecha": "2022-12-01",
      "monto": "2649.00",
      "tipo": 0
    }
  },
  {
    "model": "facturas.pago",
    "pk": 19,
    "fields": {
      "factura": 19,
      "fecha": "2022-12-01",
      "monto": "4688.00",
      "tipo": 0
    }
  },
  {
    "model": "facturas.pago",
    "pk": 20,
    "fields": {
      "factura": 20,
      "fecha": "2022-12-01",
      "monto": "1469.00",
      "tipo": 0
    }
  },
  {
    "model": "facturas.pago",
    "pk": 21,
    "fields": {
      "factura": 21,
      "fecha": "2022-12-01",
      "monto": "2649.00",
      "tipo": 0
    }
  },
  {
    "model": "facturas.pago",
    "pk": 22,
    "fields": {
      "factura": 22,
      "fecha": "2022-12-01",
      "monto": "1259.00",
      "tipo": 0
    }
  },
  {
    "model": "facturas.pago",
    "pk": 23,
    "fields": {
      "factura": 23,
      "fecha": "2022-12-01",
      "monto": "1385.00",
      "tipo": 0
    }
  },
  {
    "model": "facturas.pago",
    "pk": 24,
    "fields": {
      "factura": 24,
      "fecha": "2022-12-01",
      "monto": "2649.00",
      "tipo": 0
    }
  },
  {
    "model": "facturas.pago",
    "pk": 25,
    "fields": {
      "factura": 25,
      "fecha": "2022-12-01",
      "monto": "3908.00",
      "tipo": 0
    }
  }
]