[{"model": "admin.logentry", "pk": 12, "fields": {"action_time": "2023-02-23T23:56:33.890Z", "user": 8, "content_type": 3, "object_id": "1", "object_repr": "Empleado", "action_flag": 2, "change_message": "[{\"changed\": {\"fields\": [\"Permissions\"]}}]"}}, {"model": "admin.logentry", "pk": 13, "fields": {"action_time": "2023-02-23T23:58:37.583Z", "user": 8, "content_type": 3, "object_id": "5", "object_repr": "Empleado pintura", "action_flag": 2, "change_message": "[{\"changed\": {\"fields\": [\"Permissions\"]}}]"}}, {"model": "admin.logentry", "pk": 14, "fields": {"action_time": "2023-02-24T00:00:16.698Z", "user": 8, "content_type": 3, "object_id": "2", "object_repr": "Jefe Taller", "action_flag": 2, "change_message": "[{\"changed\": {\"fields\": [\"Permissions\"]}}]"}}, {"model": "admin.logentry", "pk": 15, "fields": {"action_time": "2023-02-24T00:01:41.053Z", "user": 8, "content_type": 3, "object_id": "4", "object_repr": "Oficial Pintor", "action_flag": 2, "change_message": "[{\"changed\": {\"fields\": [\"Permissions\"]}}]"}}, {"model": "admin.logentry", "pk": 16, "fields": {"action_time": "2023-02-24T00:18:16.262Z", "user": 8, "content_type": 4, "object_id": "1", "object_repr": "ramiro", "action_flag": 3, "change_message": ""}}, {"model": "admin.logentry", "pk": 17, "fields": {"action_time": "2023-02-24T00:26:22.971Z", "user": 8, "content_type": 4, "object_id": "3", "object_repr": "scubero", "action_flag": 2, "change_message": "[{\"changed\": {\"fields\": [\"Username\", \"First name\", \"Last name\"]}}]"}}, {"model": "admin.logentry", "pk": 18, "fields": {"action_time": "2023-02-24T00:27:18.640Z", "user": 8, "content_type": 4, "object_id": "3", "object_repr": "esalguero", "action_flag": 2, "change_message": "[{\"changed\": {\"fields\": [\"Username\", \"First name\", \"Last name\"]}}]"}}, {"model": "admin.logentry", "pk": 19, "fields": {"action_time": "2023-02-24T00:28:08.954Z", "user": 8, "content_type": 4, "object_id": "4", "object_repr": "esegundo", "action_flag": 2, "change_message": "[{\"changed\": {\"fields\": [\"password\"]}}]"}}, {"model": "admin.logentry", "pk": 20, "fields": {"action_time": "2023-02-24T00:28:19.956Z", "user": 8, "content_type": 4, "object_id": "4", "object_repr": "jpico", "action_flag": 2, "change_message": "[{\"changed\": {\"fields\": [\"Username\", \"First name\", \"Last name\"]}}]"}}, {"model": "admin.logentry", "pk": 21, "fields": {"action_time": "2023-02-24T00:28:58.813Z", "user": 8, "content_type": 4, "object_id": "2", "object_repr": "agil", "action_flag": 2, "change_message": "[{\"changed\": {\"fields\": [\"Username\", \"First name\", \"Last name\"]}}]"}}, {"model": "admin.logentry", "pk": 22, "fields": {"action_time": "2023-02-24T00:29:12.346Z", "user": 8, "content_type": 4, "object_id": "2", "object_repr": "agil", "action_flag": 2, "change_message": "[{\"changed\": {\"fields\": [\"password\"]}}]"}}, {"model": "admin.logentry", "pk": 23, "fields": {"action_time": "2023-02-24T00:29:14.727Z", "user": 8, "content_type": 4, "object_id": "2", "object_repr": "agil", "action_flag": 2, "change_message": "[]"}}, {"model": "admin.logentry", "pk": 24, "fields": {"action_time": "2023-02-24T00:30:56.216Z", "user": 8, "content_type": 4, "object_id": "6", "object_repr": "cmonteagudo", "action_flag": 2, "change_message": "[{\"changed\": {\"fields\": [\"Username\", \"First name\", \"Last name\"]}}]"}}, {"model": "admin.logentry", "pk": 25, "fields": {"action_time": "2023-02-24T00:31:06.904Z", "user": 8, "content_type": 4, "object_id": "6", "object_repr": "cmonteagudo", "action_flag": 2, "change_message": "[{\"changed\": {\"fields\": [\"password\"]}}]"}}, {"model": "admin.logentry", "pk": 26, "fields": {"action_time": "2023-02-24T00:31:38.919Z", "user": 8, "content_type": 4, "object_id": "7", "object_repr": "scubero", "action_flag": 2, "change_message": "[{\"changed\": {\"fields\": [\"Username\", \"First name\", \"Last name\"]}}]"}}, {"model": "admin.logentry", "pk": 27, "fields": {"action_time": "2023-02-24T00:32:01.741Z", "user": 8, "content_type": 4, "object_id": "7", "object_repr": "scubero", "action_flag": 2, "change_message": "[{\"changed\": {\"fields\": [\"password\"]}}]"}}, {"model": "admin.logentry", "pk": 28, "fields": {"action_time": "2023-02-24T00:32:58.983Z", "user": 8, "content_type": 4, "object_id": "5", "object_repr": "mlozano", "action_flag": 2, "change_message": "[{\"changed\": {\"fields\": [\"Username\", \"First name\", \"Last name\"]}}]"}}, {"model": "admin.logentry", "pk": 29, "fields": {"action_time": "2023-02-24T00:33:11.718Z", "user": 8, "content_type": 4, "object_id": "5", "object_repr": "mlozano", "action_flag": 2, "change_message": "[{\"changed\": {\"fields\": [\"password\"]}}]"}}, {"model": "admin.logentry", "pk": 30, "fields": {"action_time": "2023-02-24T00:33:14.132Z", "user": 8, "content_type": 4, "object_id": "5", "object_repr": "mlozano", "action_flag": 2, "change_message": "[]"}}, {"model": "admin.logentry", "pk": 31, "fields": {"action_time": "2023-02-24T01:01:11.023Z", "user": 8, "content_type": 3, "object_id": "5", "object_repr": "Empleado pintura", "action_flag": 2, "change_message": "[{\"changed\": {\"fields\": [\"Permissions\"]}}]"}}, {"model": "admin.logentry", "pk": 32, "fields": {"action_time": "2023-02-24T01:06:41.155Z", "user": 8, "content_type": 2, "object_id": "124", "object_repr": "contenttypes | tipo de contenido | Puede ver reportes", "action_flag": 1, "change_message": "[{\"added\": {}}]"}}, {"model": "admin.logentry", "pk": 33, "fields": {"action_time": "2023-02-24T01:06:48.168Z", "user": 8, "content_type": 3, "object_id": "3", "object_repr": "Administrativo", "action_flag": 2, "change_message": "[{\"changed\": {\"fields\": [\"Permissions\"]}}]"}}, {"model": "admin.logentry", "pk": 34, "fields": {"action_time": "2023-02-24T15:36:40.535Z", "user": 8, "content_type": 3, "object_id": "3", "object_repr": "Administrativo", "action_flag": 2, "change_message": "[{\"changed\": {\"fields\": [\"Permissions\"]}}]"}}, {"model": "admin.logentry", "pk": 35, "fields": {"action_time": "2023-02-24T15:37:08.599Z", "user": 8, "content_type": 3, "object_id": "1", "object_repr": "Empleado", "action_flag": 2, "change_message": "[{\"changed\": {\"fields\": [\"Permissions\"]}}]"}}, {"model": "admin.logentry", "pk": 36, "fields": {"action_time": "2023-02-24T15:37:22.392Z", "user": 8, "content_type": 3, "object_id": "5", "object_repr": "Empleado pintura", "action_flag": 2, "change_message": "[{\"changed\": {\"fields\": [\"Permissions\"]}}]"}}, {"model": "admin.logentry", "pk": 37, "fields": {"action_time": "2023-02-24T15:37:42.437Z", "user": 8, "content_type": 3, "object_id": "5", "object_repr": "Empleado pintura", "action_flag": 2, "change_message": "[{\"changed\": {\"fields\": [\"Permissions\"]}}]"}}, {"model": "admin.logentry", "pk": 38, "fields": {"action_time": "2023-02-24T15:38:13.427Z", "user": 8, "content_type": 3, "object_id": "2", "object_repr": "Jefe Taller", "action_flag": 2, "change_message": "[]"}}, {"model": "admin.logentry", "pk": 39, "fields": {"action_time": "2023-02-24T15:41:33.530Z", "user": 8, "content_type": 3, "object_id": "4", "object_repr": "Oficial Pintor", "action_flag": 2, "change_message": "[{\"changed\": {\"fields\": [\"Permissions\"]}}]"}}, {"model": "admin.logentry", "pk": 40, "fields": {"action_time": "2023-02-24T15:41:36.546Z", "user": 8, "content_type": 3, "object_id": "2", "object_repr": "Jefe Taller", "action_flag": 2, "change_message": "[]"}}, {"model": "admin.logentry", "pk": 41, "fields": {"action_time": "2023-02-24T15:41:40.029Z", "user": 8, "content_type": 3, "object_id": "3", "object_repr": "Administrativo", "action_flag": 2, "change_message": "[]"}}, {"model": "admin.logentry", "pk": 42, "fields": {"action_time": "2023-02-24T15:42:38.928Z", "user": 8, "content_type": 3, "object_id": "5", "object_repr": "Empleado pintura", "action_flag": 2, "change_message": "[{\"changed\": {\"fields\": [\"Permissions\"]}}]"}}, {"model": "admin.logentry", "pk": 43, "fields": {"action_time": "2023-02-24T15:43:18.404Z", "user": 8, "content_type": 3, "object_id": "5", "object_repr": "Empleado pintura", "action_flag": 2, "change_message": "[{\"changed\": {\"fields\": [\"Permissions\"]}}]"}}, {"model": "admin.logentry", "pk": 44, "fields": {"action_time": "2023-02-24T15:45:24.886Z", "user": 8, "content_type": 3, "object_id": "1", "object_repr": "Empleado", "action_flag": 2, "change_message": "[{\"changed\": {\"fields\": [\"Permissions\"]}}]"}}, {"model": "admin.logentry", "pk": 45, "fields": {"action_time": "2023-02-24T15:46:04.244Z", "user": 8, "content_type": 3, "object_id": "4", "object_repr": "Oficial Pintor", "action_flag": 2, "change_message": "[{\"changed\": {\"fields\": [\"Permissions\"]}}]"}}, {"model": "admin.logentry", "pk": 46, "fields": {"action_time": "2023-02-24T15:46:41.182Z", "user": 8, "content_type": 3, "object_id": "1", "object_repr": "Empleado", "action_flag": 2, "change_message": "[{\"changed\": {\"fields\": [\"Permissions\"]}}]"}}, {"model": "admin.logentry", "pk": 47, "fields": {"action_time": "2023-02-24T15:50:48.060Z", "user": 8, "content_type": 3, "object_id": "1", "object_repr": "Empleado", "action_flag": 2, "change_message": "[]"}}, {"model": "admin.logentry", "pk": 48, "fields": {"action_time": "2023-02-24T15:51:20.729Z", "user": 8, "content_type": 3, "object_id": "5", "object_repr": "Empleado pintura", "action_flag": 2, "change_message": "[{\"changed\": {\"fields\": [\"Permissions\"]}}]"}}, {"model": "admin.logentry", "pk": 49, "fields": {"action_time": "2023-02-24T15:51:49.779Z", "user": 8, "content_type": 3, "object_id": "1", "object_repr": "Empleado", "action_flag": 2, "change_message": "[{\"changed\": {\"fields\": [\"Permissions\"]}}]"}}, {"model": "admin.logentry", "pk": 50, "fields": {"action_time": "2023-02-24T15:52:52.726Z", "user": 8, "content_type": 3, "object_id": "5", "object_repr": "Empleado pintura", "action_flag": 2, "change_message": "[{\"changed\": {\"fields\": [\"Permissions\"]}}]"}}, {"model": "admin.logentry", "pk": 51, "fields": {"action_time": "2023-02-24T15:57:12.838Z", "user": 8, "content_type": 3, "object_id": "5", "object_repr": "Empleado pintura", "action_flag": 2, "change_message": "[{\"changed\": {\"fields\": [\"Permissions\"]}}]"}}, {"model": "admin.logentry", "pk": 52, "fields": {"action_time": "2023-02-24T16:21:38.292Z", "user": 8, "content_type": 4, "object_id": "2", "object_repr": "agil", "action_flag": 2, "change_message": "[{\"changed\": {\"fields\": [\"password\"]}}]"}}, {"model": "admin.logentry", "pk": 53, "fields": {"action_time": "2023-02-24T16:21:44.760Z", "user": 8, "content_type": 4, "object_id": "2", "object_repr": "agil", "action_flag": 2, "change_message": "[]"}}, {"model": "admin.logentry", "pk": 54, "fields": {"action_time": "2023-02-24T16:22:00.352Z", "user": 8, "content_type": 4, "object_id": "5", "object_repr": "mlozano", "action_flag": 2, "change_message": "[{\"changed\": {\"fields\": [\"password\"]}}]"}}, {"model": "admin.logentry", "pk": 55, "fields": {"action_time": "2023-02-24T16:22:02.405Z", "user": 8, "content_type": 4, "object_id": "5", "object_repr": "mlozano", "action_flag": 2, "change_message": "[]"}}, {"model": "admin.logentry", "pk": 56, "fields": {"action_time": "2023-02-24T16:22:39.216Z", "user": 8, "content_type": 4, "object_id": "6", "object_repr": "cmonteagudo", "action_flag": 2, "change_message": "[{\"changed\": {\"fields\": [\"password\"]}}]"}}, {"model": "admin.logentry", "pk": 57, "fields": {"action_time": "2023-02-24T16:22:42.938Z", "user": 8, "content_type": 4, "object_id": "6", "object_repr": "cmonteagudo", "action_flag": 2, "change_message": "[]"}}, {"model": "admin.logentry", "pk": 58, "fields": {"action_time": "2023-02-24T16:22:57.749Z", "user": 8, "content_type": 4, "object_id": "4", "object_repr": "jpico", "action_flag": 2, "change_message": "[{\"changed\": {\"fields\": [\"password\"]}}]"}}, {"model": "admin.logentry", "pk": 59, "fields": {"action_time": "2023-02-24T16:22:59.749Z", "user": 8, "content_type": 4, "object_id": "4", "object_repr": "jpico", "action_flag": 2, "change_message": "[]"}}, {"model": "admin.logentry", "pk": 60, "fields": {"action_time": "2023-02-24T16:23:14.351Z", "user": 8, "content_type": 4, "object_id": "3", "object_repr": "esalguero", "action_flag": 2, "change_message": "[{\"changed\": {\"fields\": [\"password\"]}}]"}}, {"model": "admin.logentry", "pk": 61, "fields": {"action_time": "2023-02-24T16:23:15.959Z", "user": 8, "content_type": 4, "object_id": "3", "object_repr": "esalguero", "action_flag": 2, "change_message": "[]"}}, {"model": "admin.logentry", "pk": 62, "fields": {"action_time": "2023-02-24T20:22:43.260Z", "user": 8, "content_type": 4, "object_id": "7", "object_repr": "scubero", "action_flag": 2, "change_message": "[{\"changed\": {\"fields\": [\"password\"]}}]"}}, {"model": "auth.permission", "pk": 1, "fields": {"name": "Can add log entry", "content_type": 1, "codename": "add_logentry"}}, {"model": "auth.permission", "pk": 2, "fields": {"name": "Can change log entry", "content_type": 1, "codename": "change_logentry"}}, {"model": "auth.permission", "pk": 3, "fields": {"name": "Can delete log entry", "content_type": 1, "codename": "delete_logentry"}}, {"model": "auth.permission", "pk": 4, "fields": {"name": "Can view log entry", "content_type": 1, "codename": "view_logentry"}}, {"model": "auth.permission", "pk": 5, "fields": {"name": "Can add permission", "content_type": 2, "codename": "add_permission"}}, {"model": "auth.permission", "pk": 6, "fields": {"name": "Can change permission", "content_type": 2, "codename": "change_permission"}}, {"model": "auth.permission", "pk": 7, "fields": {"name": "Can delete permission", "content_type": 2, "codename": "delete_permission"}}, {"model": "auth.permission", "pk": 8, "fields": {"name": "Can view permission", "content_type": 2, "codename": "view_permission"}}, {"model": "auth.permission", "pk": 9, "fields": {"name": "Can add group", "content_type": 3, "codename": "add_group"}}, {"model": "auth.permission", "pk": 10, "fields": {"name": "Can change group", "content_type": 3, "codename": "change_group"}}, {"model": "auth.permission", "pk": 11, "fields": {"name": "Can delete group", "content_type": 3, "codename": "delete_group"}}, {"model": "auth.permission", "pk": 12, "fields": {"name": "Can view group", "content_type": 3, "codename": "view_group"}}, {"model": "auth.permission", "pk": 13, "fields": {"name": "Can add user", "content_type": 4, "codename": "add_user"}}, {"model": "auth.permission", "pk": 14, "fields": {"name": "Can change user", "content_type": 4, "codename": "change_user"}}, {"model": "auth.permission", "pk": 15, "fields": {"name": "Can delete user", "content_type": 4, "codename": "delete_user"}}, {"model": "auth.permission", "pk": 16, "fields": {"name": "Can view user", "content_type": 4, "codename": "view_user"}}, {"model": "auth.permission", "pk": 17, "fields": {"name": "Can add content type", "content_type": 5, "codename": "add_contenttype"}}, {"model": "auth.permission", "pk": 18, "fields": {"name": "Can change content type", "content_type": 5, "codename": "change_contenttype"}}, {"model": "auth.permission", "pk": 19, "fields": {"name": "Can delete content type", "content_type": 5, "codename": "delete_contenttype"}}, {"model": "auth.permission", "pk": 20, "fields": {"name": "Can view content type", "content_type": 5, "codename": "view_contenttype"}}, {"model": "auth.permission", "pk": 21, "fields": {"name": "Can add session", "content_type": 6, "codename": "add_session"}}, {"model": "auth.permission", "pk": 22, "fields": {"name": "Can change session", "content_type": 6, "codename": "change_session"}}, {"model": "auth.permission", "pk": 23, "fields": {"name": "Can delete session", "content_type": 6, "codename": "delete_session"}}, {"model": "auth.permission", "pk": 24, "fields": {"name": "Can view session", "content_type": 6, "codename": "view_session"}}, {"model": "auth.permission", "pk": 25, "fields": {"name": "Can add marca", "content_type": 7, "codename": "add_marca"}}, {"model": "auth.permission", "pk": 26, "fields": {"name": "Can change marca", "content_type": 7, "codename": "change_marca"}}, {"model": "auth.permission", "pk": 27, "fields": {"name": "Can delete marca", "content_type": 7, "codename": "delete_marca"}}, {"model": "auth.permission", "pk": 28, "fields": {"name": "Can view marca", "content_type": 7, "codename": "view_marca"}}, {"model": "auth.permission", "pk": 29, "fields": {"name": "Can add modelo", "content_type": 8, "codename": "add_modelo"}}, {"model": "auth.permission", "pk": 30, "fields": {"name": "Can change modelo", "content_type": 8, "codename": "change_modelo"}}, {"model": "auth.permission", "pk": 31, "fields": {"name": "Can delete modelo", "content_type": 8, "codename": "delete_modelo"}}, {"model": "auth.permission", "pk": 32, "fields": {"name": "Can view modelo", "content_type": 8, "codename": "view_modelo"}}, {"model": "auth.permission", "pk": 33, "fields": {"name": "Can add tipo tarea", "content_type": 9, "codename": "add_tipotarea"}}, {"model": "auth.permission", "pk": 34, "fields": {"name": "Can change tipo tarea", "content_type": 9, "codename": "change_tipotarea"}}, {"model": "auth.permission", "pk": 35, "fields": {"name": "Can delete tipo tarea", "content_type": 9, "codename": "delete_tipotarea"}}, {"model": "auth.permission", "pk": 36, "fields": {"name": "Can view tipo tarea", "content_type": 9, "codename": "view_tipotarea"}}, {"model": "auth.permission", "pk": 37, "fields": {"name": "Can add tarea", "content_type": 10, "codename": "add_tarea"}}, {"model": "auth.permission", "pk": 38, "fields": {"name": "Can change tarea", "content_type": 10, "codename": "change_tarea"}}, {"model": "auth.permission", "pk": 39, "fields": {"name": "Can delete tarea", "content_type": 10, "codename": "delete_tarea"}}, {"model": "auth.permission", "pk": 40, "fields": {"name": "Can view tarea", "content_type": 10, "codename": "view_tarea"}}, {"model": "auth.permission", "pk": 41, "fields": {"name": "Can add repuesto", "content_type": 11, "codename": "add_repuesto"}}, {"model": "auth.permission", "pk": 42, "fields": {"name": "Can change repuesto", "content_type": 11, "codename": "change_repuesto"}}, {"model": "auth.permission", "pk": 43, "fields": {"name": "Can delete repuesto", "content_type": 11, "codename": "delete_repuesto"}}, {"model": "auth.permission", "pk": 44, "fields": {"name": "Can view repuesto", "content_type": 11, "codename": "view_repuesto"}}, {"model": "auth.permission", "pk": 45, "fields": {"name": "Can add tipo material", "content_type": 12, "codename": "add_tipomaterial"}}, {"model": "auth.permission", "pk": 46, "fields": {"name": "Can change tipo material", "content_type": 12, "codename": "change_tipomaterial"}}, {"model": "auth.permission", "pk": 47, "fields": {"name": "Can delete tipo material", "content_type": 12, "codename": "delete_tipomaterial"}}, {"model": "auth.permission", "pk": 48, "fields": {"name": "Can view tipo material", "content_type": 12, "codename": "view_tipomaterial"}}, {"model": "auth.permission", "pk": 49, "fields": {"name": "Can add material", "content_type": 13, "codename": "add_material"}}, {"model": "auth.permission", "pk": 50, "fields": {"name": "Can change material", "content_type": 13, "codename": "change_material"}}, {"model": "auth.permission", "pk": 51, "fields": {"name": "Can delete material", "content_type": 13, "codename": "delete_material"}}, {"model": "auth.permission", "pk": 52, "fields": {"name": "Can view material", "content_type": 13, "codename": "view_material"}}, {"model": "auth.permission", "pk": 53, "fields": {"name": "Can add cliente", "content_type": 14, "codename": "add_cliente"}}, {"model": "auth.permission", "pk": 54, "fields": {"name": "Can change cliente", "content_type": 14, "codename": "change_cliente"}}, {"model": "auth.permission", "pk": 55, "fields": {"name": "Can delete cliente", "content_type": 14, "codename": "delete_cliente"}}, {"model": "auth.permission", "pk": 56, "fields": {"name": "Can view cliente", "content_type": 14, "codename": "view_cliente"}}, {"model": "auth.permission", "pk": 57, "fields": {"name": "Can add vehiculo", "content_type": 15, "codename": "add_vehiculo"}}, {"model": "auth.permission", "pk": 58, "fields": {"name": "Can change vehiculo", "content_type": 15, "codename": "change_vehiculo"}}, {"model": "auth.permission", "pk": 59, "fields": {"name": "Can delete vehiculo", "content_type": 15, "codename": "delete_vehiculo"}}, {"model": "auth.permission", "pk": 60, "fields": {"name": "Can view vehiculo", "content_type": 15, "codename": "view_vehiculo"}}, {"model": "auth.permission", "pk": 61, "fields": {"name": "Can add empleado", "content_type": 16, "codename": "add_empleado"}}, {"model": "auth.permission", "pk": 62, "fields": {"name": "Can change empleado", "content_type": 16, "codename": "change_empleado"}}, {"model": "auth.permission", "pk": 63, "fields": {"name": "Can delete empleado", "content_type": 16, "codename": "delete_empleado"}}, {"model": "auth.permission", "pk": 64, "fields": {"name": "Can view empleado", "content_type": 16, "codename": "view_empleado"}}, {"model": "auth.permission", "pk": 65, "fields": {"name": "Can add orden de trabajo", "content_type": 17, "codename": "add_ordendetrabajo"}}, {"model": "auth.permission", "pk": 66, "fields": {"name": "Can change orden de trabajo", "content_type": 17, "codename": "change_ordendetrabajo"}}, {"model": "auth.permission", "pk": 67, "fields": {"name": "Can delete orden de trabajo", "content_type": 17, "codename": "delete_ordendetrabajo"}}, {"model": "auth.permission", "pk": 68, "fields": {"name": "Can view orden de trabajo", "content_type": 17, "codename": "view_ordendetrabajo"}}, {"model": "auth.permission", "pk": 69, "fields": {"name": "Puede registrar el ingreso de un vehiculo al taller", "content_type": 17, "codename": "can_registrar_ingreso"}}, {"model": "auth.permission", "pk": 70, "fields": {"name": "Puede registrar el egreso de un vehiculo al taller", "content_type": 17, "codename": "can_registrar_egreso"}}, {"model": "auth.permission", "pk": 71, "fields": {"name": "Can add detalle orden de trabajo", "content_type": 18, "codename": "add_detalleordendetrabajo"}}, {"model": "auth.permission", "pk": 72, "fields": {"name": "Can change detalle orden de trabajo", "content_type": 18, "codename": "change_detalleordendetrabajo"}}, {"model": "auth.permission", "pk": 73, "fields": {"name": "Can delete detalle orden de trabajo", "content_type": 18, "codename": "delete_detalleordendetrabajo"}}, {"model": "auth.permission", "pk": 74, "fields": {"name": "Can view detalle orden de trabajo", "content_type": 18, "codename": "view_detalleordendetrabajo"}}, {"model": "auth.permission", "pk": 75, "fields": {"name": "Puede asignar trabajo a empleados", "content_type": 18, "codename": "can_asignar_trabajo"}}, {"model": "auth.permission", "pk": 76, "fields": {"name": "Puede ver listado de trabajos asignados", "content_type": 18, "codename": "can_ver_asignados"}}, {"model": "auth.permission", "pk": 77, "fields": {"name": "Puede ver listado de trabajos sin finalizar", "content_type": 18, "codename": "can_ver_sin_finalizar"}}, {"model": "auth.permission", "pk": 78, "fields": {"name": "Puede ver listado de trabajos finalizados", "content_type": 18, "codename": "can_ver_finalizados"}}, {"model": "auth.permission", "pk": 79, "fields": {"name": "Puede ver todos de trabajos", "content_type": 18, "codename": "can_ver_todos"}}, {"model": "auth.permission", "pk": 80, "fields": {"name": "Can add material orden de trabajo", "content_type": 19, "codename": "add_materialordendetrabajo"}}, {"model": "auth.permission", "pk": 81, "fields": {"name": "Can change material orden de trabajo", "content_type": 19, "codename": "change_materialordendetrabajo"}}, {"model": "auth.permission", "pk": 82, "fields": {"name": "Can delete material orden de trabajo", "content_type": 19, "codename": "delete_materialordendetrabajo"}}, {"model": "auth.permission", "pk": 83, "fields": {"name": "Can view material orden de trabajo", "content_type": 19, "codename": "view_materialordendetrabajo"}}, {"model": "auth.permission", "pk": 84, "fields": {"name": "Can add repuesto orden de trabajo", "content_type": 20, "codename": "add_repuestoordendetrabajo"}}, {"model": "auth.permission", "pk": 85, "fields": {"name": "Can change repuesto orden de trabajo", "content_type": 20, "codename": "change_repuestoordendetrabajo"}}, {"model": "auth.permission", "pk": 86, "fields": {"name": "Can delete repuesto orden de trabajo", "content_type": 20, "codename": "delete_repuestoordendetrabajo"}}, {"model": "auth.permission", "pk": 87, "fields": {"name": "Can view repuesto orden de trabajo", "content_type": 20, "codename": "view_repuestoordendetrabajo"}}, {"model": "auth.permission", "pk": 88, "fields": {"name": "Can add presupuesto", "content_type": 21, "codename": "add_presupuesto"}}, {"model": "auth.permission", "pk": 89, "fields": {"name": "Can change presupuesto", "content_type": 21, "codename": "change_presupuesto"}}, {"model": "auth.permission", "pk": 90, "fields": {"name": "Can delete presupuesto", "content_type": 21, "codename": "delete_presupuesto"}}, {"model": "auth.permission", "pk": 91, "fields": {"name": "Can view presupuesto", "content_type": 21, "codename": "view_presupuesto"}}, {"model": "auth.permission", "pk": 92, "fields": {"name": "Can add presupuesto material", "content_type": 22, "codename": "add_presupuestomaterial"}}, {"model": "auth.permission", "pk": 93, "fields": {"name": "Can change presupuesto material", "content_type": 22, "codename": "change_presupuestomaterial"}}, {"model": "auth.permission", "pk": 94, "fields": {"name": "Can delete presupuesto material", "content_type": 22, "codename": "delete_presupuestomaterial"}}, {"model": "auth.permission", "pk": 95, "fields": {"name": "Can view presupuesto material", "content_type": 22, "codename": "view_presupuestomaterial"}}, {"model": "auth.permission", "pk": 96, "fields": {"name": "Can add presupuesto repuesto", "content_type": 23, "codename": "add_presupuestorepuesto"}}, {"model": "auth.permission", "pk": 97, "fields": {"name": "Can change presupuesto repuesto", "content_type": 23, "codename": "change_presupuestorepuesto"}}, {"model": "auth.permission", "pk": 98, "fields": {"name": "Can delete presupuesto repuesto", "content_type": 23, "codename": "delete_presupuestorepuesto"}}, {"model": "auth.permission", "pk": 99, "fields": {"name": "Can view presupuesto repuesto", "content_type": 23, "codename": "view_presupuestorepuesto"}}, {"model": "auth.permission", "pk": 100, "fields": {"name": "Can add planilla de pintura", "content_type": 24, "codename": "add_planilladepintura"}}, {"model": "auth.permission", "pk": 101, "fields": {"name": "Can change planilla de pintura", "content_type": 24, "codename": "change_planilladepintura"}}, {"model": "auth.permission", "pk": 102, "fields": {"name": "Can delete planilla de pintura", "content_type": 24, "codename": "delete_planilladepintura"}}, {"model": "auth.permission", "pk": 103, "fields": {"name": "Can view planilla de pintura", "content_type": 24, "codename": "view_planilladepintura"}}, {"model": "auth.permission", "pk": 104, "fields": {"name": "Can add detalle planilla de pintura", "content_type": 25, "codename": "add_detalleplanilladepintura"}}, {"model": "auth.permission", "pk": 105, "fields": {"name": "Can change detalle planilla de pintura", "content_type": 25, "codename": "change_detalleplanilladepintura"}}, {"model": "auth.permission", "pk": 106, "fields": {"name": "Can delete detalle planilla de pintura", "content_type": 25, "codename": "delete_detalleplanilladepintura"}}, {"model": "auth.permission", "pk": 107, "fields": {"name": "Can view detalle planilla de pintura", "content_type": 25, "codename": "view_detalleplanilladepintura"}}, {"model": "auth.permission", "pk": 108, "fields": {"name": "Can add turno orden", "content_type": 26, "codename": "add_turnoorden"}}, {"model": "auth.permission", "pk": 109, "fields": {"name": "Can change turno orden", "content_type": 26, "codename": "change_turnoorden"}}, {"model": "auth.permission", "pk": 110, "fields": {"name": "Can delete turno orden", "content_type": 26, "codename": "delete_turnoorden"}}, {"model": "auth.permission", "pk": 111, "fields": {"name": "Can view turno orden", "content_type": 26, "codename": "view_turnoorden"}}, {"model": "auth.permission", "pk": 112, "fields": {"name": "Can add factura", "content_type": 27, "codename": "add_factura"}}, {"model": "auth.permission", "pk": 113, "fields": {"name": "Can change factura", "content_type": 27, "codename": "change_factura"}}, {"model": "auth.permission", "pk": 114, "fields": {"name": "Can delete factura", "content_type": 27, "codename": "delete_factura"}}, {"model": "auth.permission", "pk": 115, "fields": {"name": "Can view factura", "content_type": 27, "codename": "view_factura"}}, {"model": "auth.permission", "pk": 116, "fields": {"name": "Can add detalle factura", "content_type": 28, "codename": "add_detallefactura"}}, {"model": "auth.permission", "pk": 117, "fields": {"name": "Can change detalle factura", "content_type": 28, "codename": "change_detallefactura"}}, {"model": "auth.permission", "pk": 118, "fields": {"name": "Can delete detalle factura", "content_type": 28, "codename": "delete_detallefactura"}}, {"model": "auth.permission", "pk": 119, "fields": {"name": "Can view detalle factura", "content_type": 28, "codename": "view_detallefactura"}}, {"model": "auth.permission", "pk": 120, "fields": {"name": "Can add pago", "content_type": 29, "codename": "add_pago"}}, {"model": "auth.permission", "pk": 121, "fields": {"name": "Can change pago", "content_type": 29, "codename": "change_pago"}}, {"model": "auth.permission", "pk": 122, "fields": {"name": "Can delete pago", "content_type": 29, "codename": "delete_pago"}}, {"model": "auth.permission", "pk": 123, "fields": {"name": "Can view pago", "content_type": 29, "codename": "view_pago"}}, {"model": "auth.permission", "pk": 124, "fields": {"name": "Puede ver reportes", "content_type": 5, "codename": "can_view_reportes"}}, {"model": "auth.group", "pk": 1, "fields": {"name": "Empleado", "permissions": [71, 76, 78, 77, 79, 72, 73, 74, 70, 69, 68, 91, 92, 93, 94, 95, 96, 97, 98, 99, 84, 85, 86, 87]}}, {"model": "auth.group", "pk": 2, "fields": {"name": "Jefe Taller", "permissions": [116, 117, 118, 119, 112, 115, 71, 75, 76, 78, 77, 79, 72, 73, 74, 104, 105, 106, 107, 80, 81, 82, 83, 65, 70, 69, 66, 67, 68, 100, 101, 102, 103, 88, 89, 90, 91, 92, 93, 94, 95, 96, 97, 98, 99, 84, 85, 86, 87, 108, 109, 111, 56, 64, 28, 52, 32, 44, 40, 48, 36, 60]}}, {"model": "auth.group", "pk": 3, "fields": {"name": "Administrativo", "permissions": [116, 117, 118, 119, 112, 113, 114, 115, 120, 121, 122, 123, 71, 75, 76, 78, 77, 79, 72, 73, 74, 104, 105, 106, 107, 80, 81, 82, 83, 65, 70, 69, 66, 67, 68, 100, 101, 102, 103, 88, 89, 90, 91, 92, 93, 94, 95, 96, 97, 98, 99, 84, 85, 86, 87, 108, 109, 110, 111, 21, 22, 23, 24, 53, 54, 55, 56, 61, 62, 63, 64, 25, 26, 27, 28, 49, 50, 51, 52, 29, 30, 31, 32, 41, 42, 43, 44, 37, 38, 39, 40, 45, 46, 47, 48, 33, 34, 35, 36, 57, 58, 59, 60]}}, {"model": "auth.group", "pk": 4, "fields": {"name": "Oficial Pintor", "permissions": [71, 76, 78, 77, 79, 72, 73, 74, 104, 105, 106, 107, 80, 81, 82, 83, 70, 69, 68, 100, 101, 102, 103, 91, 108, 111, 52, 44]}}, {"model": "auth.group", "pk": 5, "fields": {"name": "Empleado pintura", "permissions": [71, 76, 78, 77, 79, 72, 73, 74, 104, 105, 106, 107, 80, 81, 82, 83, 68, 100, 101, 102, 103, 84, 85, 86, 87]}}, {"model": "auth.user", "pk": 2, "fields": {"password": "pbkdf2_sha256$260000$ELMk84cijLtCV5Wl0GRwAP$028vFZgUMR0yIAtnU52IXXvLcH7k1+h654LYs89gGdo=", "last_login": "2023-02-24T20:21:19.853Z", "is_superuser": false, "username": "agil", "first_name": "Angel Luis", "last_name": "Gil", "email": "", "is_staff": false, "is_active": true, "date_joined": "2022-02-21T15:15:48Z", "groups": [2], "user_permissions": []}}, {"model": "auth.user", "pk": 3, "fields": {"password": "pbkdf2_sha256$260000$ATdH1TkAVhcADP4hV2XL6g$zNm2lKybCLOVURY0Jr3WNy5N9P6i9aCld84Rl1P1ceE=", "last_login": "2023-02-24T20:22:08.827Z", "is_superuser": false, "username": "esalguero", "first_name": "Eulogio", "last_name": "Salguero", "email": "", "is_staff": false, "is_active": true, "date_joined": "2022-02-21T15:16:09Z", "groups": [1, 5], "user_permissions": []}}, {"model": "auth.user", "pk": 4, "fields": {"password": "pbkdf2_sha256$260000$9znJ9AXe2yW2De9NXpeOKB$jowlncO1tlfBX+YG87kWQvlRJyuPPlWg8ljUTBoleWo=", "last_login": "2023-02-24T20:21:49.150Z", "is_superuser": false, "username": "jpico", "first_name": "Julio", "last_name": "Pico", "email": "", "is_staff": false, "is_active": true, "date_joined": "2022-02-21T15:16:25Z", "groups": [1], "user_permissions": []}}, {"model": "auth.user", "pk": 5, "fields": {"password": "pbkdf2_sha256$260000$3ww44ZlNiOLzL5uQL9PjyY$Pv1EiXxW09UQXZL/Tsn3WAAoYbpe62R8Rv7jXFo+qjg=", "last_login": "2023-02-24T20:21:28.182Z", "is_superuser": false, "username": "mlozano", "first_name": "Marc", "last_name": "Lozano", "email": "", "is_staff": false, "is_active": true, "date_joined": "2022-02-21T15:16:45Z", "groups": [3], "user_permissions": []}}, {"model": "auth.user", "pk": 6, "fields": {"password": "pbkdf2_sha256$260000$X3TfQL1PjjEo8lQ6ZNCgcz$CSWw7WjW0Y7IMRNTy4rEZ5EDqqYiKtSEy+/5zN25xrI=", "last_login": "2023-02-24T20:21:40.316Z", "is_superuser": false, "username": "cmonteagudo", "first_name": "Carles", "last_name": "Monteagudo", "email": "", "is_staff": false, "is_active": true, "date_joined": "2022-02-21T15:16:59Z", "groups": [4], "user_permissions": []}}, {"model": "auth.user", "pk": 7, "fields": {"password": "pbkdf2_sha256$260000$hS1nwQAtqWw3u13IawhbQM$tNUXVOSSCrxivO+gxDDHWkbQF1glpZUCxcWmsX6bp8Q=", "last_login": "2023-02-24T15:42:01.390Z", "is_superuser": false, "username": "scubero", "first_name": "Simon", "last_name": "Cubero", "email": "", "is_staff": false, "is_active": true, "date_joined": "2022-02-21T15:17:21Z", "groups": [5], "user_permissions": []}}, {"model": "auth.user", "pk": 8, "fields": {"password": "pbkdf2_sha256$260000$22sH0g29un8y6gcbJ7CjZg$ECP8Vfy732VEIA2wKe2+U6EOypvv7xMPqWE0/wHz4Go=", "last_login": "2023-02-24T20:22:23.364Z", "is_superuser": true, "username": "admin", "first_name": "", "last_name": "", "email": "admin@admin.com", "is_staff": true, "is_active": true, "date_joined": "2023-02-23T23:31:18.499Z", "groups": [], "user_permissions": []}}, {"model": "auth.user", "pk": 9, "fields": {"password": "pbkdf2_sha256$260000$Ni2w5dclNAw4kb1PCrjFpW$0RWVcW8w+/laRHIXq++zGkU0neBIPzR+IU/EMu06a7E=", "last_login": "2023-02-24T15:11:46.868Z", "is_superuser": true, "username": "ramiro", "first_name": "", "last_name": "", "email": "ramiro@r.com", "is_staff": true, "is_active": true, "date_joined": "2023-02-24T15:07:57.086Z", "groups": [], "user_permissions": []}}, {"model": "contenttypes.contenttype", "pk": 1, "fields": {"app_label": "admin", "model": "logentry"}}, {"model": "contenttypes.contenttype", "pk": 2, "fields": {"app_label": "auth", "model": "permission"}}, {"model": "contenttypes.contenttype", "pk": 3, "fields": {"app_label": "auth", "model": "group"}}, {"model": "contenttypes.contenttype", "pk": 4, "fields": {"app_label": "auth", "model": "user"}}, {"model": "contenttypes.contenttype", "pk": 5, "fields": {"app_label": "contenttypes", "model": "contenttype"}}, {"model": "contenttypes.contenttype", "pk": 6, "fields": {"app_label": "sessions", "model": "session"}}, {"model": "contenttypes.contenttype", "pk": 7, "fields": {"app_label": "taller", "model": "marca"}}, {"model": "contenttypes.contenttype", "pk": 8, "fields": {"app_label": "taller", "model": "modelo"}}, {"model": "contenttypes.contenttype", "pk": 9, "fields": {"app_label": "taller", "model": "tipotarea"}}, {"model": "contenttypes.contenttype", "pk": 10, "fields": {"app_label": "taller", "model": "tarea"}}, {"model": "contenttypes.contenttype", "pk": 11, "fields": {"app_label": "taller", "model": "repuesto"}}, {"model": "contenttypes.contenttype", "pk": 12, "fields": {"app_label": "taller", "model": "tipomaterial"}}, {"model": "contenttypes.contenttype", "pk": 13, "fields": {"app_label": "taller", "model": "material"}}, {"model": "contenttypes.contenttype", "pk": 14, "fields": {"app_label": "taller", "model": "cliente"}}, {"model": "contenttypes.contenttype", "pk": 15, "fields": {"app_label": "taller", "model": "vehiculo"}}, {"model": "contenttypes.contenttype", "pk": 16, "fields": {"app_label": "taller", "model": "empleado"}}, {"model": "contenttypes.contenttype", "pk": 17, "fields": {"app_label": "ordenes", "model": "ordendetrabajo"}}, {"model": "contenttypes.contenttype", "pk": 18, "fields": {"app_label": "ordenes", "model": "detalleordendetrabajo"}}, {"model": "contenttypes.contenttype", "pk": 19, "fields": {"app_label": "ordenes", "model": "materialordendetrabajo"}}, {"model": "contenttypes.contenttype", "pk": 20, "fields": {"app_label": "ordenes", "model": "repuestoordendetrabajo"}}, {"model": "contenttypes.contenttype", "pk": 21, "fields": {"app_label": "ordenes", "model": "presupuesto"}}, {"model": "contenttypes.contenttype", "pk": 22, "fields": {"app_label": "ordenes", "model": "presupuestomaterial"}}, {"model": "contenttypes.contenttype", "pk": 23, "fields": {"app_label": "ordenes", "model": "presupuestorepuesto"}}, {"model": "contenttypes.contenttype", "pk": 24, "fields": {"app_label": "ordenes", "model": "planilladepintura"}}, {"model": "contenttypes.contenttype", "pk": 25, "fields": {"app_label": "ordenes", "model": "detalleplanilladepintura"}}, {"model": "contenttypes.contenttype", "pk": 26, "fields": {"app_label": "ordenes", "model": "turnoorden"}}, {"model": "contenttypes.contenttype", "pk": 27, "fields": {"app_label": "facturas", "model": "factura"}}, {"model": "contenttypes.contenttype", "pk": 28, "fields": {"app_label": "facturas", "model": "detallefactura"}}, {"model": "contenttypes.contenttype", "pk": 29, "fields": {"app_label": "facturas", "model": "pago"}}, {"model": "sessions.session", "pk": "3fyib0o8p67l0bwuwj60cby2v5950jx0", "fields": {"session_data": ".eJxVjMsOwiAQAP-FsyE8F-rRe7-B7LLUVg1NSnsy_rsh6UGvM5N5i4THPqejlS0tLK4iissvI8zPUrvgB9b7KvNa920h2RN52ibHlcvrdrZ_gxnb3LestCVNhlxkYAgKMZqpeA-gkZingTg4Z3TBPBgFmUrQVvmMGrwF8fkC79Q38Q:1pVaqo:Wj17KyB355MJAFex9mLQA_fT6QlwN9Pqv_TmfSG5Wro", "expire_date": "2023-03-10T16:23:14.366Z"}}, {"model": "sessions.session", "pk": "6jm2yxa38e4fjar6i8hl10buop0i3kcf", "fields": {"session_data": ".eJxVjMsOwiAQAP-FsyE8F-rRe7-B7LLUVg1NSnsy_rsh6UGvM5N5i4THPqejlS0tLK4iissvI8zPUrvgB9b7KvNa920h2RN52ibHlcvrdrZ_gxnb3LestCVNhlxkYAgKMZqpeA-gkZingTg4Z3TBPBgFmUrQVvmMGrwF8fkC79Q38Q:1pVMS6:C9VZpSLM18m0lVho28RVLpQJXUHeY1IJjbB0HFriNLY", "expire_date": "2023-03-10T01:00:46.214Z"}}, {"model": "sessions.session", "pk": "947ajbucz07542u55besmd4gphl54n33", "fields": {"session_data": ".eJxVjMsOwiAQRf-FtSEtjwFduvcbCMwwUjWQlHZl_HfbpAvd3nPOfYsQ16WEtec5TCQuQovT75YiPnPdAT1ivTeJrS7zlOSuyIN2eWuUX9fD_TsosZetxkjKs8o4MtlESNZb8sBm0IrdWTE7SB5hcACGQIE1Y0JnQbsNZRafLwebOFc:1pVZpe:WwiM--lTrOAo4AVJ_D-GfNDoDJkO2dG2AAgmtrxnl88", "expire_date": "2023-03-10T15:17:58.130Z"}}, {"model": "sessions.session", "pk": "94sj89hgqwcgltc9nkep0ff66w1l8nf0", "fields": {"session_data": ".eJxVjMsOwiAQRf-FtSEypTxcuu83EIYZpGogKe3K-O_apAvd3nPOfYkQt7WErfMSZhIXocTpd8OYHlx3QPdYb02mVtdlRrkr8qBdTo34eT3cv4MSe_nWIw1gGWPWhihp9IgpmzMCE2nNxiuAgRIQ2ux8Vo4tWBiZHLPKgxPvDxcKOQE:1pUUIZ:n7SGQFAoWGrTWuOeibWuJXZjxOS1XuIBjLBWtpwATvY", "expire_date": "2022-03-07T15:11:19.763Z"}}, {"model": "sessions.session", "pk": "j7d8gx7qsm540zvbpx0ihbo0ehb4g5f1", "fields": {"session_data": ".eJxVjLsOAiEURP-F2hCQ18XS3m8gcC_IqoFk2a2M_-5usoU2U8w5M28W4rrUsI48h4nYhQE7_XYp4jO3HdAjtnvn2NsyT4nvCj_o4LdO-XU93L-DGkfd1kV7BwA2okEpHYEzYouU6IwEWslitQebsiLjUYBxxWAxWipBKilgny_Ydjds:1pVeaZ:HdP489BtkSdPccFTmBLvDhlQMgyTh6lrwLAJkxYO9f4", "expire_date": "2023-03-10T20:22:43.329Z"}}, {"model": "sessions.session", "pk": "jwkomn9wezhjr8km5gh4xndlozko66h0", "fields": {"session_data": ".eJxVjLsOAiEURP-F2hCQ18XS3m8gcC_IqoFk2a2M_-5usoU2U8w5M28W4rrUsI48h4nYhQE7_XYp4jO3HdAjtnvn2NsyT4nvCj_o4LdO-XU93L-DGkfd1kV7BwA2okEpHYEzYouU6IwEWslitQebsiLjUYBxxWAxWipBKilgny_Ydjds:1pVeYO:sobfnAyfMaA3Dw3oflV2RfoysohdKI28MXT_thPHATY", "expire_date": "2023-03-10T20:20:28.984Z"}}, {"model": "sessions.session", "pk": "v975ps0l4t5q00h8jthlqcu6allnmvws", "fields": {"session_data": ".eJxVjDsOwjAQBe_iGllm7Y29lPQ5g7X-4QBypDipEHeHSCmgfTPzXsLztla_9bz4KYmLsOL0uwWOj9x2kO7cbrOMc1uXKchdkQftcpxTfl4P9--gcq_fmjOEQlAgAEcoaCwa1NYRksuBFZCxgFo5IIuDci5oMyQko89EuhTx_gDL_zZ8:1pVaCv:w5jj6mPlXs3ep3kf8BdPcOKVYjIyeWmiQhU4YAnURJM", "expire_date": "2023-03-10T15:42:01.395Z"}}, {"model": "sessions.session", "pk": "yl1mim93yiaiwyl2wy8xhae9b6mbsd1x", "fields": {"session_data": ".eJxVjMsOwiAQRf-FtSEtjw64dO83kGEGpGogKe3K-O_apAvd3nPOfYmA21rC1tMSZhZnocTpd4tIj1R3wHestyap1XWZo9wVedAur43T83K4fwcFe_nWgIkxOm-so2yMYZdpJPYOGHmImvQ0QEaCCQyMyqLLySNaBTpq5aN4fwAH1Dhy:1pVMa0:MPydhFuk64eQBe-Z_uMfnzbAYJyDh_bb-3A9ziukHE8", "expire_date": "2023-03-10T01:08:56.069Z"}}, {"model": "sessions.session", "pk": "z4fnjuslwvxlcljopfuotsua65f0o3p9", "fields": {"session_data": ".eJxVjDsOwyAQRO9CHSE-FqxSps8Z0LILwUkEkrErK3cPllwkmu7Nm9lFwG0tYetpCTOLq9Di8ssi0ivVo-An1keT1Oq6zFEeijzbLu-N0_t2un8HBXsZaxO1hQmjjZbIjRAlQ9kPqJiVstqBZ8-OITNCAmM0gPeTNpGyzuLzBfTiOC4:1pUuZM:MTDohH-uJqUtmelk3NuW_zjMGPOCMgeetvbqjejLK_0", "expire_date": "2023-03-08T19:14:24.498Z"}}, {"model": "taller.marca", "pk": 1, "fields": {"nombre": "Volkswagen", "descripcion": " "}}, {"model": "taller.marca", "pk": 2, "fields": {"nombre": "Peugeot", "descripcion": " "}}, {"model": "taller.marca", "pk": 3, "fields": {"nombre": "Toyota", "descripcion": " "}}, {"model": "taller.marca", "pk": 4, "fields": {"nombre": "Fiat", "descripcion": " "}}, {"model": "taller.marca", "pk": 5, "fields": {"nombre": "Chevrolet", "descripcion": " "}}, {"model": "taller.marca", "pk": 6, "fields": {"nombre": "Nissan", "descripcion": " "}}, {"model": "taller.marca", "pk": 7, "fields": {"nombre": "Ford", "descripcion": " "}}, {"model": "taller.marca", "pk": 8, "fields": {"nombre": "Jeep", "descripcion": " "}}, {"model": "taller.marca", "pk": 9, "fields": {"nombre": "Citroen", "descripcion": " "}}, {"model": "taller.marca", "pk": 10, "fields": {"nombre": "Renault", "descripcion": " "}}, {"model": "taller.modelo", "pk": 1, "fields": {"nombre": "208", "descripcion": "", "marca": 2, "anio": 2020}}, {"model": "taller.modelo", "pk": 2, "fields": {"nombre": "Cruze", "descripcion": "", "marca": 5, "anio": 2020}}, {"model": "taller.modelo", "pk": 3, "fields": {"nombre": "Cronos", "descripcion": "", "marca": 4, "anio": 2021}}, {"model": "taller.modelo", "pk": 4, "fields": {"nombre": "Etios", "descripcion": "", "marca": 3, "anio": 2013}}, {"model": "taller.modelo", "pk": 5, "fields": {"nombre": "Corolla Cross", "descripcion": "", "marca": 3, "anio": 2014}}, {"model": "taller.modelo", "pk": 6, "fields": {"nombre": "Yaris", "descripcion": "", "marca": 3, "anio": 2015}}, {"model": "taller.modelo", "pk": 7, "fields": {"nombre": "Corolla", "descripcion": "", "marca": 3, "anio": 2022}}, {"model": "taller.modelo", "pk": 8, "fields": {"nombre": "Gol Trend", "descripcion": "", "marca": 1, "anio": 2012}}, {"model": "taller.modelo", "pk": 9, "fields": {"nombre": "C4 Cactus", "descripcion": "", "marca": 9, "anio": 2020}}, {"model": "taller.modelo", "pk": 10, "fields": {"nombre": "Sandero", "descripcion": "", "marca": 10, "anio": 2013}}, {"model": "taller.modelo", "pk": 11, "fields": {"nombre": "Onix", "descripcion": "", "marca": 5, "anio": 2018}}, {"model": "taller.modelo", "pk": 12, "fields": {"nombre": "Taos", "descripcion": "", "marca": 1, "anio": 2018}}, {"model": "taller.modelo", "pk": 13, "fields": {"nombre": "Ecosport", "descripcion": "", "marca": 7, "anio": 2021}}, {"model": "taller.modelo", "pk": 14, "fields": {"nombre": "Stepway", "descripcion": "", "marca": 10, "anio": 2019}}, {"model": "taller.modelo", "pk": 15, "fields": {"nombre": "T-Cross", "descripcion": "", "marca": 1, "anio": 2020}}, {"model": "taller.modelo", "pk": 16, "fields": {"nombre": "Tracker", "descripcion": "", "marca": 5, "anio": 2022}}, {"model": "taller.modelo", "pk": 17, "fields": {"nombre": "Nivus", "descripcion": "", "marca": 1, "anio": 2018}}, {"model": "taller.modelo", "pk": 18, "fields": {"nombre": "Sw4", "descripcion": "", "marca": 3, "anio": 2021}}, {"model": "taller.modelo", "pk": 19, "fields": {"nombre": "Renegade", "descripcion": "", "marca": 8, "anio": 2017}}, {"model": "taller.tipotarea", "pk": 1, "fields": {"nombre": "Reemplazo pieza", "descripcion": "", "materiales": false, "repuestos": true, "planilla": false}}, {"model": "taller.tipotarea", "pk": 2, "fields": {"nombre": "Tarea de pintura", "descripcion": "", "materiales": false, "repuestos": false, "planilla": true}}, {"model": "taller.tipotarea", "pk": 3, "fields": {"nombre": "Tarea compleja", "descripcion": "", "materiales": true, "repuestos": true, "planilla": false}}, {"model": "taller.tipotarea", "pk": 4, "fields": {"nombre": "Requiere material", "descripcion": "", "materiales": true, "repuestos": false, "planilla": false}}, {"model": "taller.tipotarea", "pk": 5, "fields": {"nombre": "Reparacion de pieza", "descripcion": "", "materiales": true, "repuestos": false, "planilla": false}}, {"model": "taller.tarea", "pk": 1, "fields": {"nombre": "Cambiar puerta", "descripcion": "", "tipo": 3, "precio": "1385.00"}}, {"model": "taller.tarea", "pk": 2, "fields": {"nombre": "Pintado completo", "descripcion": "", "tipo": 2, "precio": "2649.00"}}, {"model": "taller.tarea", "pk": 3, "fields": {"nombre": "Pintado parcial", "descripcion": "", "tipo": 2, "precio": "2738.00"}}, {"model": "taller.tarea", "pk": 4, "fields": {"nombre": "Reparar abolladura", "descripcion": "", "tipo": 4, "precio": "1259.00"}}, {"model": "taller.tarea", "pk": 5, "fields": {"nombre": "Cambiar optica", "descripcion": "", "tipo": 1, "precio": "1469.00"}}, {"model": "taller.tarea", "pk": 6, "fields": {"nombre": "Cambiar asiento", "descripcion": "", "tipo": 1, "precio": "4688.00"}}, {"model": "taller.tarea", "pk": 7, "fields": {"nombre": "Reparar optica", "descripcion": "", "tipo": 5, "precio": "2000.00"}}, {"model": "taller.tarea", "pk": 8, "fields": {"nombre": "Reparar paragolpe", "descripcion": "", "tipo": 5, "precio": "5000.00"}}, {"model": "taller.repuesto", "pk": 1, "fields": {"nombre": "Puerta delantera izquierda", "modelo": 5, "tipo": 99, "cantidad": 999, "precio": "1957.00"}}, {"model": "taller.repuesto", "pk": 2, "fields": {"nombre": "Puerta delantera derecha", "modelo": 4, "tipo": 99, "cantidad": 999, "precio": "3594.00"}}, {"model": "taller.repuesto", "pk": 3, "fields": {"nombre": "Parabrisas", "modelo": 1, "tipo": 99, "cantidad": 998, "precio": "4386.00"}}, {"model": "taller.repuesto", "pk": 4, "fields": {"nombre": "Capo", "modelo": 2, "tipo": 99, "cantidad": 998, "precio": "1478.00"}}, {"model": "taller.repuesto", "pk": 5, "fields": {"nombre": "Asiento delantero", "modelo": 3, "tipo": 99, "cantidad": 996, "precio": "3983.00"}}, {"model": "taller.repuesto", "pk": 6, "fields": {"nombre": "Optica derecha", "modelo": 3, "tipo": 99, "cantidad": 1000, "precio": "1301.00"}}, {"model": "taller.repuesto", "pk": 7, "fields": {"nombre": "Optica izquierda", "modelo": 3, "tipo": 99, "cantidad": 1000, "precio": "1793.00"}}, {"model": "taller.tipomaterial", "pk": 1, "fields": {"nombre": "tipo1", "unidad_medida": 1}}, {"model": "taller.tipomaterial", "pk": 2, "fields": {"nombre": "tipo2", "unidad_medida": 2}}, {"model": "taller.tipomaterial", "pk": 3, "fields": {"nombre": "tipo3", "unidad_medida": 4}}, {"model": "taller.material", "pk": 1, "fields": {"nombre": "Chapa", "tipo": 1, "cantidad": 887, "precio": "85.00"}}, {"model": "taller.material", "pk": 2, "fields": {"nombre": "Cristal", "tipo": 1, "cantidad": 568, "precio": "83.00"}}, {"model": "taller.material", "pk": 3, "fields": {"nombre": "Masilla", "tipo": 1, "cantidad": 229, "precio": "53.00"}}, {"model": "taller.material", "pk": 4, "fields": {"nombre": "Alambre", "tipo": 1, "cantidad": 209, "precio": "85.00"}}, {"model": "taller.material", "pk": 5, "fields": {"nombre": "Lija", "tipo": 1, "cantidad": 910, "precio": "31.00"}}, {"model": "taller.cliente", "pk": 1, "fields": {"dni": "37852985", "nombre": "Patricia", "apellido": "Ramirez", "direccion": "Centenario 993", "telefono": "2804309295"}}, {"model": "taller.cliente", "pk": 2, "fields": {"dni": "44826759", "nombre": "Marta", "apellido": "Arias", "direccion": "Lezana 279", "telefono": "2804677223"}}, {"model": "taller.cliente", "pk": 3, "fields": {"dni": "86894946", "nombre": "Norma", "apellido": "Aguirre", "direccion": "Cambrin 745", "telefono": "2804365270"}}, {"model": "taller.cliente", "pk": 4, "fields": {"dni": "54093481", "nombre": "Nestor", "apellido": "Peralta", "direccion": "Brown 868", "telefono": "2804283548"}}, {"model": "taller.cliente", "pk": 5, "fields": {"dni": "50528408", "nombre": "Adriana", "apellido": "Cabrera", "direccion": "A. P. Bell 1163", "telefono": "2804818210"}}, {"model": "taller.cliente", "pk": 6, "fields": {"dni": "57459290", "nombre": "Jorge", "apellido": "Benitez", "direccion": "Edwin Roberts 205", "telefono": "2804944880"}}, {"model": "taller.cliente", "pk": 7, "fields": {"dni": "89373866", "nombre": "Alejandro", "apellido": "Ponce", "direccion": "El Carmen 864", "telefono": "2804149354"}}, {"model": "taller.cliente", "pk": 8, "fields": {"dni": "64706433", "nombre": "Hector", "apellido": "Moreno", "direccion": "Cuba 1787", "telefono": "2804617055"}}, {"model": "taller.cliente", "pk": 9, "fields": {"dni": "75326191", "nombre": "Fernando", "apellido": "Fernandez", "direccion": "Gral. Artigas 1392", "telefono": "2804167763"}}, {"model": "taller.cliente", "pk": 10, "fields": {"dni": "10355923", "nombre": "Andrea", "apellido": "Vazquez", "direccion": "Juan Evans 1610", "telefono": "2804437547"}}, {"model": "taller.cliente", "pk": 11, "fields": {"dni": "39381461", "nombre": "Juan", "apellido": "Munos", "direccion": "Rivadavia 130", "telefono": "2804476334"}}, {"model": "taller.cliente", "pk": 12, "fields": {"dni": "37051058", "nombre": "Liliana", "apellido": "Ponce", "direccion": "Cambrin 1721", "telefono": "2804916988"}}, {"model": "taller.cliente", "pk": 13, "fields": {"dni": "73054248", "nombre": "Susana", "apellido": "Vazquez", "direccion": "Nicaragua 547", "telefono": "2804284823"}}, {"model": "taller.cliente", "pk": 14, "fields": {"dni": "71450069", "nombre": "Marcelo", "apellido": "Ponce", "direccion": "Juan Manuel de Rosas 382", "telefono": "2804655816"}}, {"model": "taller.cliente", "pk": 15, "fields": {"dni": "39662168", "nombre": "Antonio", "apellido": "Torres", "direccion": "Brasil 335", "telefono": "2804202645"}}, {"model": "taller.cliente", "pk": 16, "fields": {"dni": "19810164", "nombre": "Victor", "apellido": "Nunes", "direccion": "Edwin Roberts 573", "telefono": "2804909045"}}, {"model": "taller.cliente", "pk": 17, "fields": {"dni": "15726398", "nombre": "Monica", "apellido": "Pereyra", "direccion": "Corrientes 1565", "telefono": "2804492828"}}, {"model": "taller.cliente", "pk": 18, "fields": {"dni": "11596927", "nombre": "Andrea", "apellido": "Caceres", "direccion": "Juan Manuel de Rosas 118", "telefono": "2804205179"}}, {"model": "taller.cliente", "pk": 19, "fields": {"dni": "13727436", "nombre": "Hugo", "apellido": "Ponce", "direccion": "San David 813", "telefono": "2804728840"}}, {"model": "taller.cliente", "pk": 20, "fields": {"dni": "36911818", "nombre": "Claudio", "apellido": "Sosa", "direccion": "El Carmen 1568", "telefono": "2804924670"}}, {"model": "taller.cliente", "pk": 21, "fields": {"dni": "13577155", "nombre": "Ricardo", "apellido": "Coronel", "direccion": "Espana 1334", "telefono": "2804219502"}}, {"model": "taller.cliente", "pk": 22, "fields": {"dni": "36365297", "nombre": "Rosa", "apellido": "Castro", "direccion": "Juan Manuel de Rosas 470", "telefono": "2804547142"}}, {"model": "taller.cliente", "pk": 23, "fields": {"dni": "46394379", "nombre": "Oscar", "apellido": "Fernandez", "direccion": "9 de Julio 118", "telefono": "2804758226"}}, {"model": "taller.cliente", "pk": 24, "fields": {"dni": "84056849", "nombre": "Juan", "apellido": "Gimenez", "direccion": "Juan Evans 654", "telefono": "2804854387"}}, {"model": "taller.cliente", "pk": 25, "fields": {"dni": "18460025", "nombre": "Cristian", "apellido": "Morales", "direccion": "Crucero Gral. Belgrano 1006", "telefono": "2804784454"}}, {"model": "taller.cliente", "pk": 26, "fields": {"dni": "36040360", "nombre": "Carmen", "apellido": "lvarez", "direccion": "28 de Julio 1168", "telefono": "2804435897"}}, {"model": "taller.cliente", "pk": 27, "fields": {"dni": "50193047", "nombre": "Laura", "apellido": "Romero", "direccion": "Paran 792", "telefono": "2804684533"}}, {"model": "taller.cliente", "pk": 28, "fields": {"dni": "80327986", "nombre": "Jos", "apellido": "Navarro", "direccion": "Edison 1355", "telefono": "2804480760"}}, {"model": "taller.cliente", "pk": 29, "fields": {"dni": "20653865", "nombre": "Rosa", "apellido": "Ortiz", "direccion": "Brasil 166", "telefono": "2804190450"}}, {"model": "taller.cliente", "pk": 30, "fields": {"dni": "75193358", "nombre": "Manuel", "apellido": "Ramrez", "direccion": "Mitre 142", "telefono": "2804328551"}}, {"model": "taller.cliente", "pk": 31, "fields": {"dni": "63387231", "nombre": "Daniel", "apellido": "Morales", "direccion": "Zapiola 375", "telefono": "2804000655"}}, {"model": "taller.cliente", "pk": 32, "fields": {"dni": "47091520", "nombre": "Walter", "apellido": "Moreno", "direccion": "9 de Julio 351", "telefono": "2804358557"}}, {"model": "taller.cliente", "pk": 33, "fields": {"dni": "43005220", "nombre": "Andrea", "apellido": "Arias", "direccion": "25 de Mayo 937", "telefono": "2804060348"}}, {"model": "taller.cliente", "pk": 34, "fields": {"dni": "65763186", "nombre": "Miguel", "apellido": "Vzquez", "direccion": "Rivadavia 1452", "telefono": "2804220517"}}, {"model": "taller.cliente", "pk": 35, "fields": {"dni": "66911577", "nombre": "Olga", "apellido": "Fernndez", "direccion": "Pje. Portugal 417", "telefono": "2804421730"}}, {"model": "taller.cliente", "pk": 36, "fields": {"dni": "13725273", "nombre": "scar", "apellido": "Lpez", "direccion": "Cuba 623", "telefono": "2804597136"}}, {"model": "taller.cliente", "pk": 37, "fields": {"dni": "89089934", "nombre": "Graciela", "apellido": "Gonzlez", "direccion": "Musters 1163", "telefono": "2804904704"}}, {"model": "taller.cliente", "pk": 38, "fields": {"dni": "22613636", "nombre": "Daniel", "apellido": "Vzquez", "direccion": "Piedrabuena 165", "telefono": "2804171275"}}, {"model": "taller.cliente", "pk": 39, "fields": {"dni": "11129067", "nombre": "Mara", "apellido": "Cabrera", "direccion": "Paraguay 1503", "telefono": "2804468208"}}, {"model": "taller.cliente", "pk": 40, "fields": {"dni": "48229532", "nombre": "Olga", "apellido": "Aguirre", "direccion": "25 de Mayo 1270", "telefono": "2804075136"}}, {"model": "taller.cliente", "pk": 41, "fields": {"dni": "58970195", "nombre": "Juan", "apellido": "Lpez", "direccion": "Lezana 327", "telefono": "2804341373"}}, {"model": "taller.cliente", "pk": 42, "fields": {"dni": "16385973", "nombre": "ngel", "apellido": "Villalba", "direccion": "San David 624", "telefono": "2804348607"}}, {"model": "taller.cliente", "pk": 43, "fields": {"dni": "67651993", "nombre": "Roberto", "apellido": "Torres", "direccion": "Zapiola 1581", "telefono": "2804442975"}}, {"model": "taller.cliente", "pk": 44, "fields": {"dni": "77593580", "nombre": "Mnica", "apellido": "Medina", "direccion": "Brasil 1191", "telefono": "2804218701"}}, {"model": "taller.cliente", "pk": 45, "fields": {"dni": "37019187", "nombre": "scar", "apellido": "Carrizo", "direccion": "Lezana 236", "telefono": "2804133558"}}, {"model": "taller.cliente", "pk": 46, "fields": {"dni": "16254419", "nombre": "Diego", "apellido": "Villalba", "direccion": "Rivadavia 1079", "telefono": "2804476305"}}, {"model": "taller.cliente", "pk": 47, "fields": {"dni": "32320958", "nombre": "Martn", "apellido": "Cceres", "direccion": "Corrientes 593", "telefono": "2804277751"}}, {"model": "taller.cliente", "pk": 48, "fields": {"dni": "41347347", "nombre": "Juana", "apellido": "Carrizo", "direccion": "9 de Julio 1652", "telefono": "2804859866"}}, {"model": "taller.cliente", "pk": 49, "fields": {"dni": "44012587", "nombre": "Cristian", "apellido": "Ramos", "direccion": "9 de Julio 1912", "telefono": "2804402477"}}, {"model": "taller.cliente", "pk": 50, "fields": {"dni": "50915486", "nombre": "Norma", "apellido": "Prez", "direccion": "Mitre 428", "telefono": "2804016663"}}, {"model": "taller.cliente", "pk": 51, "fields": {"dni": "23209650", "nombre": "Silvia", "apellido": "Ros", "direccion": "Piedrabuena 209", "telefono": "2804000196"}}, {"model": "taller.cliente", "pk": 52, "fields": {"dni": "33930755", "nombre": "Pablo", "apellido": "Castro", "direccion": "Pje. Portugal 1649", "telefono": "2804378983"}}, {"model": "taller.cliente", "pk": 53, "fields": {"dni": "75009171", "nombre": "Mara", "apellido": "Gmez", "direccion": "Corrientes 1271", "telefono": "2804003578"}}, {"model": "taller.cliente", "pk": 54, "fields": {"dni": "38943385", "nombre": "Ana", "apellido": "Silva", "direccion": "9 de Julio 1970", "telefono": "2804639700"}}, {"model": "taller.cliente", "pk": 55, "fields": {"dni": "22859278", "nombre": "Pedro", "apellido": "Rodriguez", "direccion": "Lezana 1652", "telefono": "2804652513"}}, {"model": "taller.cliente", "pk": 56, "fields": {"dni": "67920610", "nombre": "ngel", "apellido": "Vzquez", "direccion": "Juan Manuel de Rosas 633", "telefono": "2804832509"}}, {"model": "taller.cliente", "pk": 57, "fields": {"dni": "35936236", "nombre": "Jorge", "apellido": "Flores", "direccion": "Brown 1803", "telefono": "2804880447"}}, {"model": "taller.cliente", "pk": 58, "fields": {"dni": "80031529", "nombre": "Sandra", "apellido": "Gmez", "direccion": "Musters 163", "telefono": "2804440744"}}, {"model": "taller.cliente", "pk": 59, "fields": {"dni": "46053098", "nombre": "Carmen", "apellido": "Arias", "direccion": "San Martn 1684", "telefono": "2804965634"}}, {"model": "taller.cliente", "pk": 60, "fields": {"dni": "85867617", "nombre": "Sandra", "apellido": "Daz", "direccion": "Edison 1242", "telefono": "2804874833"}}, {"model": "taller.cliente", "pk": 61, "fields": {"dni": "45792498", "nombre": "Hugo", "apellido": "Morales", "direccion": "Av. Rawson 647", "telefono": "2804683346"}}, {"model": "taller.cliente", "pk": 62, "fields": {"dni": "31294428", "nombre": "Cristian", "apellido": "Cardozo", "direccion": "Edwin Roberts 1897", "telefono": "2804770419"}}, {"model": "taller.cliente", "pk": 63, "fields": {"dni": "68658312", "nombre": "Teresa", "apellido": "Peralta", "direccion": "Maip 932", "telefono": "2804349829"}}, {"model": "taller.cliente", "pk": 64, "fields": {"dni": "61721849", "nombre": "Marcelo", "apellido": "Fernndez", "direccion": "25 de Mayo 1543", "telefono": "2804707432"}}, {"model": "taller.cliente", "pk": 65, "fields": {"dni": "37265452", "nombre": "Laura", "apellido": "Peralta", "direccion": "Av. Rawson 1500", "telefono": "2804530634"}}, {"model": "taller.cliente", "pk": 66, "fields": {"dni": "75232580", "nombre": "Marta", "apellido": "Ruiz", "direccion": "Juan Evans 518", "telefono": "2804134452"}}, {"model": "taller.cliente", "pk": 67, "fields": {"dni": "54596660", "nombre": "Marcela", "apellido": "Prez", "direccion": "Juan Manuel de Rosas 1679", "telefono": "2804493381"}}, {"model": "taller.cliente", "pk": 68, "fields": {"dni": "37068762", "nombre": "Gustavo", "apellido": "Jurez", "direccion": "Brown 511", "telefono": "2804182823"}}, {"model": "taller.cliente", "pk": 69, "fields": {"dni": "81702302", "nombre": "Carlos", "apellido": "Prez", "direccion": "Pellegrini 1355", "telefono": "2804541222"}}, {"model": "taller.cliente", "pk": 70, "fields": {"dni": "52909828", "nombre": "Laura", "apellido": "Gmez", "direccion": "A. P. Bell 1208", "telefono": "2804965324"}}, {"model": "taller.cliente", "pk": 71, "fields": {"dni": "77321006", "nombre": "Marcelo", "apellido": "lvarez", "direccion": "28 de Julio 1397", "telefono": "2804289549"}}, {"model": "taller.cliente", "pk": 72, "fields": {"dni": "89268405", "nombre": "Silvia", "apellido": "Luna", "direccion": "Luis Feldman 875", "telefono": "2804472238"}}, {"model": "taller.cliente", "pk": 73, "fields": {"dni": "58743396", "nombre": "Marcelo", "apellido": "Benitez", "direccion": "Centenario 1061", "telefono": "2804977477"}}, {"model": "taller.cliente", "pk": 74, "fields": {"dni": "22513840", "nombre": "Ramn", "apellido": "Coronel", "direccion": "Centenario 1076", "telefono": "2804981068"}}, {"model": "taller.cliente", "pk": 75, "fields": {"dni": "82063879", "nombre": "scar", "apellido": "Snchez", "direccion": "Luis Feldman 1573", "telefono": "2804775693"}}, {"model": "taller.cliente", "pk": 76, "fields": {"dni": "84145889", "nombre": "Andrea", "apellido": "Gmez", "direccion": "Juan Evans 391", "telefono": "2804253741"}}, {"model": "taller.cliente", "pk": 77, "fields": {"dni": "38961317", "nombre": "Carmen", "apellido": "Lpez", "direccion": "Paran 958", "telefono": "2804424292"}}, {"model": "taller.cliente", "pk": 78, "fields": {"dni": "48115007", "nombre": "Laura", "apellido": "Vzquez", "direccion": "Edwin Roberts 915", "telefono": "2804052975"}}, {"model": "taller.cliente", "pk": 79, "fields": {"dni": "57558651", "nombre": "Silvia", "apellido": "Surez", "direccion": "San David 1153", "telefono": "2804794093"}}, {"model": "taller.cliente", "pk": 80, "fields": {"dni": "78614997", "nombre": "Lidia", "apellido": "Castro", "direccion": "28 de Julio 592", "telefono": "2804075526"}}, {"model": "taller.cliente", "pk": 81, "fields": {"dni": "49781798", "nombre": "Rosa", "apellido": "Daz", "direccion": "Paraguay 1518", "telefono": "2804988104"}}, {"model": "taller.cliente", "pk": 82, "fields": {"dni": "75189598", "nombre": "Alicia", "apellido": "Pereyra", "direccion": "San Martn 541", "telefono": "2804103422"}}, {"model": "taller.cliente", "pk": 83, "fields": {"dni": "38593204", "nombre": "Carmen", "apellido": "Vargas", "direccion": "Rivadavia 1089", "telefono": "2804988323"}}, {"model": "taller.cliente", "pk": 84, "fields": {"dni": "77172423", "nombre": "Juan", "apellido": "Pereyra", "direccion": "Tte. Garca 1084", "telefono": "2804054540"}}, {"model": "taller.cliente", "pk": 85, "fields": {"dni": "36248952", "nombre": "Ramn", "apellido": "Gutirrez", "direccion": "Maip 1152", "telefono": "2804824527"}}, {"model": "taller.cliente", "pk": 86, "fields": {"dni": "72879705", "nombre": "Jorge", "apellido": "Ros", "direccion": "Brasil 915", "telefono": "2804916886"}}, {"model": "taller.cliente", "pk": 87, "fields": {"dni": "52332940", "nombre": "Daniel", "apellido": "Gonzlez", "direccion": "Tte. Garca 653", "telefono": "2804427651"}}, {"model": "taller.cliente", "pk": 88, "fields": {"dni": "76730214", "nombre": "Julio", "apellido": "Prez", "direccion": "Musters 1041", "telefono": "2804812292"}}, {"model": "taller.cliente", "pk": 89, "fields": {"dni": "15948257", "nombre": "Marta", "apellido": "Silva", "direccion": "Lezana 424", "telefono": "2804854623"}}, {"model": "taller.cliente", "pk": 90, "fields": {"dni": "69743801", "nombre": "Pablo", "apellido": "Coronel", "direccion": "Edwin Roberts 885", "telefono": "2804882030"}}, {"model": "taller.cliente", "pk": 91, "fields": {"dni": "40622906", "nombre": "Miguel", "apellido": "Martnez", "direccion": "Brasil 1133", "telefono": "2804651538"}}, {"model": "taller.cliente", "pk": 92, "fields": {"dni": "20556506", "nombre": "Hctor", "apellido": "Herrera", "direccion": "Brasil 1755", "telefono": "2804011233"}}, {"model": "taller.cliente", "pk": 93, "fields": {"dni": "16568288", "nombre": "Norma", "apellido": "Gmez", "direccion": "San David 428", "telefono": "2804560043"}}, {"model": "taller.cliente", "pk": 94, "fields": {"dni": "11661387", "nombre": "Jos", "apellido": "Vega", "direccion": "Juan Manuel de Rosas 1079", "telefono": "2804121532"}}, {"model": "taller.cliente", "pk": 95, "fields": {"dni": "71318774", "nombre": "Rosa", "apellido": "Gonzlez", "direccion": "San Martn 253", "telefono": "2804639437"}}, {"model": "taller.cliente", "pk": 96, "fields": {"dni": "31971387", "nombre": "Sergio", "apellido": "Ruiz", "direccion": "Per 1088", "telefono": "2804526533"}}, {"model": "taller.cliente", "pk": 97, "fields": {"dni": "15853208", "nombre": "Ramona", "apellido": "Torres", "direccion": "28 de Julio 1503", "telefono": "2804072181"}}, {"model": "taller.cliente", "pk": 98, "fields": {"dni": "40163715", "nombre": "Cristian", "apellido": "Quiroga", "direccion": "Edison 652", "telefono": "2804566418"}}, {"model": "taller.cliente", "pk": 99, "fields": {"dni": "83961718", "nombre": "Luis", "apellido": "Cabrera", "direccion": "Edison 1936", "telefono": "2804507601"}}, {"model": "taller.cliente", "pk": 100, "fields": {"dni": "48505338", "nombre": "Claudia", "apellido": "Luna", "direccion": "Mitre 275", "telefono": "2804702818"}}, {"model": "taller.vehiculo", "pk": 1, "fields": {"cliente": 1, "patente": "DM030LM", "modelo": 11, "anio": 2015, "chasis": "2WZGTLB9NGD740687"}}, {"model": "taller.vehiculo", "pk": 2, "fields": {"cliente": 2, "patente": "WW563DX", "modelo": 14, "anio": 2015, "chasis": "2UXHEQU7VAF742306"}}, {"model": "taller.vehiculo", "pk": 3, "fields": {"cliente": 3, "patente": "QD924LY", "modelo": 13, "anio": 2021, "chasis": "4KBWWFT1AHN819119"}}, {"model": "taller.vehiculo", "pk": 4, "fields": {"cliente": 4, "patente": "FZ983MK", "modelo": 13, "anio": 2015, "chasis": "3QOQTYI5NNT136478"}}, {"model": "taller.vehiculo", "pk": 5, "fields": {"cliente": 5, "patente": "FP211LI", "modelo": 18, "anio": 2018, "chasis": "1SALBPF8FTF418328"}}, {"model": "taller.vehiculo", "pk": 6, "fields": {"cliente": 6, "patente": "LB698JA", "modelo": 11, "anio": 2020, "chasis": "7GERJHB0RQL997467"}}, {"model": "taller.vehiculo", "pk": 7, "fields": {"cliente": 7, "patente": "KD506OT", "modelo": 14, "anio": 2021, "chasis": "2IHADDW5UQO246086"}}, {"model": "taller.vehiculo", "pk": 8, "fields": {"cliente": 8, "patente": "PF251GN", "modelo": 7, "anio": 2014, "chasis": "9FPHQUR9WJJ334723"}}, {"model": "taller.vehiculo", "pk": 9, "fields": {"cliente": 9, "patente": "MS214GQ", "modelo": 6, "anio": 2014, "chasis": "2IEYTQH2KBR888271"}}, {"model": "taller.vehiculo", "pk": 10, "fields": {"cliente": 10, "patente": "QZ912CQ", "modelo": 7, "anio": 2015, "chasis": "0BJTMFZ2GBO949052"}}, {"model": "taller.vehiculo", "pk": 11, "fields": {"cliente": 11, "patente": "JR992YB", "modelo": 16, "anio": 2015, "chasis": "9HURHZY3WCD764971"}}, {"model": "taller.vehiculo", "pk": 12, "fields": {"cliente": 12, "patente": "TD903GR", "modelo": 4, "anio": 2015, "chasis": "0SGBBHV7NQE720822"}}, {"model": "taller.vehiculo", "pk": 13, "fields": {"cliente": 13, "patente": "SO998NE", "modelo": 11, "anio": 2018, "chasis": "5RRXMQR6NME815321"}}, {"model": "taller.vehiculo", "pk": 14, "fields": {"cliente": 14, "patente": "GJ296OO", "modelo": 9, "anio": 2021, "chasis": "8EQZVTF7VFT250162"}}, {"model": "taller.vehiculo", "pk": 15, "fields": {"cliente": 15, "patente": "IH450RS", "modelo": 16, "anio": 2020, "chasis": "9QAPYBQ5IMD470662"}}, {"model": "taller.vehiculo", "pk": 16, "fields": {"cliente": 16, "patente": "ML997XN", "modelo": 3, "anio": 2019, "chasis": "9KQMGFB4XFT939724"}}, {"model": "taller.vehiculo", "pk": 17, "fields": {"cliente": 17, "patente": "TB470KP", "modelo": 9, "anio": 2021, "chasis": "0WXKPZL1PID721374"}}, {"model": "taller.vehiculo", "pk": 18, "fields": {"cliente": 18, "patente": "OE815MS", "modelo": 1, "anio": 2021, "chasis": "6NJXIOO3JKX382040"}}, {"model": "taller.vehiculo", "pk": 19, "fields": {"cliente": 19, "patente": "DH010EI", "modelo": 8, "anio": 2020, "chasis": "4QRXKMU1PHH401480"}}, {"model": "taller.vehiculo", "pk": 20, "fields": {"cliente": 20, "patente": "JU910NK", "modelo": 5, "anio": 2019, "chasis": "5WQLUEJ0QFG033124"}}, {"model": "taller.vehiculo", "pk": 21, "fields": {"cliente": 21, "patente": "TF970KL", "modelo": 3, "anio": 2014, "chasis": "6YTCAIC0GIX526767"}}, {"model": "taller.vehiculo", "pk": 22, "fields": {"cliente": 22, "patente": "GI749ML", "modelo": 16, "anio": 2014, "chasis": "4ZEOGYZ3MZE898862"}}, {"model": "taller.vehiculo", "pk": 23, "fields": {"cliente": 23, "patente": "BK324VK", "modelo": 11, "anio": 2019, "chasis": "2VRDYDP7OVZ912486"}}, {"model": "taller.vehiculo", "pk": 24, "fields": {"cliente": 24, "patente": "GN277VP", "modelo": 11, "anio": 2015, "chasis": "1ATPOCX7YFR361922"}}, {"model": "taller.vehiculo", "pk": 25, "fields": {"cliente": 25, "patente": "XC508QS", "modelo": 13, "anio": 2022, "chasis": "4WMSVMT1ELZ872462"}}, {"model": "taller.vehiculo", "pk": 26, "fields": {"cliente": 26, "patente": "HQ074CO", "modelo": 11, "anio": 2017, "chasis": "6ISIOMN7BMO230579"}}, {"model": "taller.vehiculo", "pk": 27, "fields": {"cliente": 27, "patente": "XD578GD", "modelo": 11, "anio": 2019, "chasis": "4EXXANJ7JNN220089"}}, {"model": "taller.vehiculo", "pk": 28, "fields": {"cliente": 28, "patente": "UI219ST", "modelo": 2, "anio": 2021, "chasis": "9ZKWOBW1RAX663444"}}, {"model": "taller.vehiculo", "pk": 29, "fields": {"cliente": 29, "patente": "EU433VK", "modelo": 9, "anio": 2018, "chasis": "9MWNPXS7SWZ602615"}}, {"model": "taller.vehiculo", "pk": 30, "fields": {"cliente": 30, "patente": "KX917TD", "modelo": 3, "anio": 2021, "chasis": "9ZZKLJJ9USB306513"}}, {"model": "taller.vehiculo", "pk": 31, "fields": {"cliente": 31, "patente": "PH656KH", "modelo": 15, "anio": 2018, "chasis": "0CSZHCE8AJA492454"}}, {"model": "taller.vehiculo", "pk": 32, "fields": {"cliente": 32, "patente": "BK564TI", "modelo": 3, "anio": 2022, "chasis": "0HNCRSH8XOW785302"}}, {"model": "taller.vehiculo", "pk": 33, "fields": {"cliente": 33, "patente": "EB376ZV", "modelo": 18, "anio": 2021, "chasis": "8FQJTSV7CZW635176"}}, {"model": "taller.vehiculo", "pk": 34, "fields": {"cliente": 34, "patente": "WN547AI", "modelo": 3, "anio": 2016, "chasis": "2ATFLKW7TGL833575"}}, {"model": "taller.vehiculo", "pk": 35, "fields": {"cliente": 35, "patente": "LU975CE", "modelo": 12, "anio": 2019, "chasis": "2DHEERM0OTU199331"}}, {"model": "taller.vehiculo", "pk": 36, "fields": {"cliente": 36, "patente": "QB747WF", "modelo": 1, "anio": 2016, "chasis": "5ZJTSYP1RZD150833"}}, {"model": "taller.vehiculo", "pk": 37, "fields": {"cliente": 37, "patente": "WO708TD", "modelo": 18, "anio": 2016, "chasis": "8BCKIFM8AFM316657"}}, {"model": "taller.vehiculo", "pk": 38, "fields": {"cliente": 38, "patente": "CE924OK", "modelo": 19, "anio": 2020, "chasis": "1EXNOWA1LVM804602"}}, {"model": "taller.vehiculo", "pk": 39, "fields": {"cliente": 39, "patente": "WY167GP", "modelo": 5, "anio": 2016, "chasis": "0MFODKA1LSX989659"}}, {"model": "taller.vehiculo", "pk": 40, "fields": {"cliente": 40, "patente": "XK965VK", "modelo": 11, "anio": 2022, "chasis": "2FBYFNS5UVG348911"}}, {"model": "taller.vehiculo", "pk": 41, "fields": {"cliente": 41, "patente": "DW602SH", "modelo": 15, "anio": 2021, "chasis": "3ATZMPW1CMB238777"}}, {"model": "taller.vehiculo", "pk": 42, "fields": {"cliente": 42, "patente": "DF968CC", "modelo": 6, "anio": 2014, "chasis": "4SZABPP7PFR598360"}}, {"model": "taller.vehiculo", "pk": 43, "fields": {"cliente": 43, "patente": "EU491TG", "modelo": 6, "anio": 2022, "chasis": "3AMZPZD5DBU177973"}}, {"model": "taller.vehiculo", "pk": 44, "fields": {"cliente": 44, "patente": "TQ785WI", "modelo": 18, "anio": 2016, "chasis": "3SZEIZG4SQA098101"}}, {"model": "taller.vehiculo", "pk": 45, "fields": {"cliente": 45, "patente": "TD558AB", "modelo": 6, "anio": 2019, "chasis": "6WPTHKX9NOV046104"}}, {"model": "taller.vehiculo", "pk": 46, "fields": {"cliente": 46, "patente": "VH069UZ", "modelo": 7, "anio": 2015, "chasis": "6HUFRTL7DCZ918148"}}, {"model": "taller.vehiculo", "pk": 47, "fields": {"cliente": 47, "patente": "TJ884OK", "modelo": 12, "anio": 2017, "chasis": "0MQHCER8TDZ950715"}}, {"model": "taller.vehiculo", "pk": 48, "fields": {"cliente": 48, "patente": "MD100ZS", "modelo": 12, "anio": 2019, "chasis": "0AOTMBB1JKV486857"}}, {"model": "taller.vehiculo", "pk": 49, "fields": {"cliente": 49, "patente": "GC063NF", "modelo": 2, "anio": 2019, "chasis": "1MHAUCA1XYK265119"}}, {"model": "taller.vehiculo", "pk": 50, "fields": {"cliente": 50, "patente": "XD697HB", "modelo": 7, "anio": 2017, "chasis": "6DFFXFR4UNW277680"}}, {"model": "taller.vehiculo", "pk": 51, "fields": {"cliente": 51, "patente": "SK047CC", "modelo": 14, "anio": 2018, "chasis": "0NSKSCJ3LTI226942"}}, {"model": "taller.vehiculo", "pk": 52, "fields": {"cliente": 52, "patente": "KU512PL", "modelo": 13, "anio": 2016, "chasis": "7HLTECE2SNW550713"}}, {"model": "taller.vehiculo", "pk": 53, "fields": {"cliente": 53, "patente": "GC351EJ", "modelo": 16, "anio": 2016, "chasis": "0EBQCJW5AGV346595"}}, {"model": "taller.vehiculo", "pk": 54, "fields": {"cliente": 54, "patente": "GD098ZE", "modelo": 4, "anio": 2016, "chasis": "0UGXJXE5CRE038513"}}, {"model": "taller.vehiculo", "pk": 55, "fields": {"cliente": 55, "patente": "HH860HB", "modelo": 16, "anio": 2018, "chasis": "6XRGQXJ6OLZ932952"}}, {"model": "taller.vehiculo", "pk": 56, "fields": {"cliente": 56, "patente": "SX527JY", "modelo": 10, "anio": 2021, "chasis": "1SLOYXW8KJW981047"}}, {"model": "taller.vehiculo", "pk": 57, "fields": {"cliente": 57, "patente": "FF928XR", "modelo": 15, "anio": 2020, "chasis": "8ODSHFB6QIE584192"}}, {"model": "taller.vehiculo", "pk": 58, "fields": {"cliente": 58, "patente": "AM809VD", "modelo": 9, "anio": 2018, "chasis": "2HDEMIP0NGN021589"}}, {"model": "taller.vehiculo", "pk": 59, "fields": {"cliente": 59, "patente": "SU746GY", "modelo": 12, "anio": 2015, "chasis": "2DURHMZ1HLG572375"}}, {"model": "taller.vehiculo", "pk": 60, "fields": {"cliente": 60, "patente": "LF561PL", "modelo": 12, "anio": 2019, "chasis": "0UXPBLM3CFT256651"}}, {"model": "taller.vehiculo", "pk": 61, "fields": {"cliente": 61, "patente": "KH906AN", "modelo": 19, "anio": 2014, "chasis": "2JBQQVH8EQT604388"}}, {"model": "taller.vehiculo", "pk": 62, "fields": {"cliente": 62, "patente": "WE661BO", "modelo": 15, "anio": 2022, "chasis": "8DRESCU3MMP634662"}}, {"model": "taller.vehiculo", "pk": 63, "fields": {"cliente": 63, "patente": "QK911LV", "modelo": 3, "anio": 2021, "chasis": "1GWYASG0FUK114744"}}, {"model": "taller.vehiculo", "pk": 64, "fields": {"cliente": 64, "patente": "YD947HY", "modelo": 18, "anio": 2021, "chasis": "3ATUMZE0IAQ222539"}}, {"model": "taller.vehiculo", "pk": 65, "fields": {"cliente": 65, "patente": "TB454FT", "modelo": 16, "anio": 2021, "chasis": "0EJMSZN0LGM093068"}}, {"model": "taller.vehiculo", "pk": 66, "fields": {"cliente": 66, "patente": "LY142EY", "modelo": 12, "anio": 2014, "chasis": "7LOAUMO1WMJ673104"}}, {"model": "taller.vehiculo", "pk": 67, "fields": {"cliente": 67, "patente": "II309NB", "modelo": 6, "anio": 2015, "chasis": "2APGBKS6EDL267925"}}, {"model": "taller.vehiculo", "pk": 68, "fields": {"cliente": 68, "patente": "WD726CL", "modelo": 6, "anio": 2019, "chasis": "7MVRFTM2RBP261606"}}, {"model": "taller.vehiculo", "pk": 69, "fields": {"cliente": 69, "patente": "WZ530XQ", "modelo": 12, "anio": 2021, "chasis": "7IAYGIO7HHI588906"}}, {"model": "taller.vehiculo", "pk": 70, "fields": {"cliente": 70, "patente": "IO214AY", "modelo": 14, "anio": 2018, "chasis": "4RAEVVN1YEV404214"}}, {"model": "taller.vehiculo", "pk": 71, "fields": {"cliente": 71, "patente": "UH173XZ", "modelo": 4, "anio": 2022, "chasis": "4ZUFHNA7FCS944683"}}, {"model": "taller.vehiculo", "pk": 72, "fields": {"cliente": 72, "patente": "QK149JG", "modelo": 14, "anio": 2020, "chasis": "7ORDPIM4LCF524555"}}, {"model": "taller.vehiculo", "pk": 73, "fields": {"cliente": 73, "patente": "FG408QK", "modelo": 1, "anio": 2020, "chasis": "5XYPXYB5MQJ075047"}}, {"model": "taller.vehiculo", "pk": 74, "fields": {"cliente": 74, "patente": "KZ814MA", "modelo": 8, "anio": 2015, "chasis": "7XSTUBM8TVM295505"}}, {"model": "taller.vehiculo", "pk": 75, "fields": {"cliente": 75, "patente": "UY082YE", "modelo": 5, "anio": 2014, "chasis": "7QTISZK8VNU772506"}}, {"model": "taller.vehiculo", "pk": 76, "fields": {"cliente": 76, "patente": "AB287YT", "modelo": 1, "anio": 2021, "chasis": "9WLQMOL8QIM337473"}}, {"model": "taller.vehiculo", "pk": 77, "fields": {"cliente": 77, "patente": "MG549PP", "modelo": 4, "anio": 2017, "chasis": "5EQTKIB0JGN275463"}}, {"model": "taller.vehiculo", "pk": 78, "fields": {"cliente": 78, "patente": "IQ085RX", "modelo": 8, "anio": 2019, "chasis": "1BJVVQD5LIE446537"}}, {"model": "taller.vehiculo", "pk": 79, "fields": {"cliente": 79, "patente": "FA966VV", "modelo": 12, "anio": 2020, "chasis": "1RBKHYU0PSA588998"}}, {"model": "taller.vehiculo", "pk": 80, "fields": {"cliente": 80, "patente": "HR231QB", "modelo": 12, "anio": 2016, "chasis": "2REOPZS7HAI880240"}}, {"model": "taller.vehiculo", "pk": 81, "fields": {"cliente": 81, "patente": "EA232CF", "modelo": 16, "anio": 2019, "chasis": "7NHPLIU6ABG211925"}}, {"model": "taller.vehiculo", "pk": 82, "fields": {"cliente": 82, "patente": "VQ361OJ", "modelo": 9, "anio": 2017, "chasis": "3UZCENZ2YUP853827"}}, {"model": "taller.vehiculo", "pk": 83, "fields": {"cliente": 83, "patente": "YD954CO", "modelo": 4, "anio": 2020, "chasis": "0YWERKI8DLJ545147"}}, {"model": "taller.vehiculo", "pk": 84, "fields": {"cliente": 84, "patente": "PM281HJ", "modelo": 11, "anio": 2019, "chasis": "1TLQMLB3XNW716579"}}, {"model": "taller.vehiculo", "pk": 85, "fields": {"cliente": 85, "patente": "IH802LD", "modelo": 15, "anio": 2016, "chasis": "8VSDBNT2MNS395639"}}, {"model": "taller.vehiculo", "pk": 86, "fields": {"cliente": 86, "patente": "OI273RG", "modelo": 14, "anio": 2017, "chasis": "0EEWQEF9GDQ147300"}}, {"model": "taller.vehiculo", "pk": 87, "fields": {"cliente": 87, "patente": "RZ730TR", "modelo": 14, "anio": 2017, "chasis": "6MDLELD7GRL051802"}}, {"model": "taller.vehiculo", "pk": 88, "fields": {"cliente": 88, "patente": "TO791LO", "modelo": 14, "anio": 2022, "chasis": "4CSVZPR5QID028723"}}, {"model": "taller.vehiculo", "pk": 89, "fields": {"cliente": 89, "patente": "GR847ER", "modelo": 14, "anio": 2018, "chasis": "1LLHOJG0WQG219483"}}, {"model": "taller.vehiculo", "pk": 90, "fields": {"cliente": 90, "patente": "ES731RP", "modelo": 11, "anio": 2016, "chasis": "1FYGKGL4AXC390391"}}, {"model": "taller.vehiculo", "pk": 91, "fields": {"cliente": 91, "patente": "TY200WD", "modelo": 13, "anio": 2016, "chasis": "9VXSJHK2ZZK279471"}}, {"model": "taller.vehiculo", "pk": 92, "fields": {"cliente": 92, "patente": "ND695YH", "modelo": 17, "anio": 2017, "chasis": "5BGPVWH8YNF024565"}}, {"model": "taller.vehiculo", "pk": 93, "fields": {"cliente": 93, "patente": "NJ814QQ", "modelo": 9, "anio": 2016, "chasis": "9QMESZU7XJX608861"}}, {"model": "taller.vehiculo", "pk": 94, "fields": {"cliente": 94, "patente": "OM746CI", "modelo": 8, "anio": 2021, "chasis": "7VAJVTR2GJJ580607"}}, {"model": "taller.vehiculo", "pk": 95, "fields": {"cliente": 95, "patente": "CB799TO", "modelo": 17, "anio": 2018, "chasis": "1PNXTEX0IPX060214"}}, {"model": "taller.vehiculo", "pk": 96, "fields": {"cliente": 96, "patente": "OU895RC", "modelo": 2, "anio": 2021, "chasis": "5LKSRSY7DRD669407"}}, {"model": "taller.vehiculo", "pk": 97, "fields": {"cliente": 97, "patente": "NH715QZ", "modelo": 3, "anio": 2019, "chasis": "2RVGKXF3SDZ775807"}}, {"model": "taller.vehiculo", "pk": 98, "fields": {"cliente": 98, "patente": "WH452JZ", "modelo": 12, "anio": 2018, "chasis": "8INEFBS5NLV599986"}}, {"model": "taller.vehiculo", "pk": 99, "fields": {"cliente": 99, "patente": "FY152KI", "modelo": 8, "anio": 2021, "chasis": "0IXZVQQ7YDZ517714"}}, {"model": "taller.vehiculo", "pk": 100, "fields": {"cliente": 100, "patente": "GW031MJ", "modelo": 4, "anio": 2014, "chasis": "1DKAQJG7YCT333915"}}, {"model": "taller.empleado", "pk": 1, "fields": {"cuil": "23-34778578-9", "legajo": 1000, "nombre": "Angel Luis", "apellido": "Gil", "usuario": 2, "tareas": [1, 3, 4, 5]}}, {"model": "taller.empleado", "pk": 2, "fields": {"cuil": "23-87776353-9", "legajo": 1001, "nombre": "Eulogio", "apellido": "Salguero", "usuario": 3, "tareas": [1, 3, 4, 5]}}, {"model": "taller.empleado", "pk": 3, "fields": {"cuil": "23-74663728-9", "legajo": 1002, "nombre": "Julio", "apellido": "Pico", "usuario": 4, "tareas": [1, 3, 4, 5]}}, {"model": "taller.empleado", "pk": 4, "fields": {"cuil": "12-34446372-9", "legajo": 1003, "nombre": "Marc", "apellido": "Lozano", "usuario": 5, "tareas": []}}, {"model": "taller.empleado", "pk": 5, "fields": {"cuil": "23-34444463-9", "legajo": 1004, "nombre": "Carles", "apellido": "Monteagudo", "usuario": 6, "tareas": [2]}}, {"model": "taller.empleado", "pk": 6, "fields": {"cuil": "23-34776384-9", "legajo": 1005, "nombre": "Simon", "apellido": "Cubero", "usuario": 7, "tareas": [2]}}, {"model": "ordenes.ordendetrabajo", "pk": 1, "fields": {"turno": "2022-01-10T12:00:00Z", "ingreso": "2022-01-16T00:00:00Z", "egreso": "2022-01-21T00:00:00Z", "estado": 6}}, {"model": "ordenes.ordendetrabajo", "pk": 2, "fields": {"turno": "2022-01-17T12:00:00Z", "ingreso": "2022-01-23T00:00:00Z", "egreso": "2022-01-30T00:00:00Z", "estado": 6}}, {"model": "ordenes.ordendetrabajo", "pk": 3, "fields": {"turno": "2022-01-24T12:00:00Z", "ingreso": "2022-01-30T00:00:00Z", "egreso": "2022-02-08T00:00:00Z", "estado": 6}}, {"model": "ordenes.ordendetrabajo", "pk": 4, "fields": {"turno": "2022-01-31T12:00:00Z", "ingreso": "2022-02-06T00:00:00Z", "egreso": "2022-02-09T00:00:00Z", "estado": 6}}, {"model": "ordenes.ordendetrabajo", "pk": 5, "fields": {"turno": "2022-02-07T12:00:00Z", "ingreso": "2022-02-13T00:00:00Z", "egreso": "2022-02-21T00:00:00Z", "estado": 6}}, {"model": "ordenes.ordendetrabajo", "pk": 6, "fields": {"turno": "2022-02-14T12:00:00Z", "ingreso": "2022-02-20T00:00:00Z", "egreso": "2022-02-28T00:00:00Z", "estado": 6}}, {"model": "ordenes.ordendetrabajo", "pk": 7, "fields": {"turno": "2022-02-21T12:00:00Z", "ingreso": "2022-02-27T00:00:00Z", "egreso": "2022-03-04T00:00:00Z", "estado": 6}}, {"model": "ordenes.ordendetrabajo", "pk": 8, "fields": {"turno": "2022-02-28T12:00:00Z", "ingreso": "2022-03-06T00:00:00Z", "egreso": "2022-03-14T00:00:00Z", "estado": 6}}, {"model": "ordenes.ordendetrabajo", "pk": 9, "fields": {"turno": "2022-03-07T12:00:00Z", "ingreso": "2022-03-13T00:00:00Z", "egreso": "2022-03-18T00:00:00Z", "estado": 6}}, {"model": "ordenes.ordendetrabajo", "pk": 10, "fields": {"turno": "2022-03-14T12:00:00Z", "ingreso": "2022-03-20T00:00:00Z", "egreso": "2022-03-25T00:00:00Z", "estado": 6}}, {"model": "ordenes.ordendetrabajo", "pk": 11, "fields": {"turno": "2022-03-21T12:00:00Z", "ingreso": "2022-03-27T00:00:00Z", "egreso": "2022-04-04T00:00:00Z", "estado": 6}}, {"model": "ordenes.ordendetrabajo", "pk": 12, "fields": {"turno": "2022-03-28T12:00:00Z", "ingreso": "2022-04-03T00:00:00Z", "egreso": "2022-04-08T00:00:00Z", "estado": 6}}, {"model": "ordenes.ordendetrabajo", "pk": 13, "fields": {"turno": "2022-04-04T12:00:00Z", "ingreso": "2022-04-10T00:00:00Z", "egreso": "2022-04-13T00:00:00Z", "estado": 6}}, {"model": "ordenes.ordendetrabajo", "pk": 14, "fields": {"turno": "2022-04-11T12:00:00Z", "ingreso": "2022-04-17T00:00:00Z", "egreso": "2022-04-25T00:00:00Z", "estado": 6}}, {"model": "ordenes.ordendetrabajo", "pk": 15, "fields": {"turno": "2022-04-18T12:00:00Z", "ingreso": "2022-04-24T00:00:00Z", "egreso": "2022-04-29T00:00:00Z", "estado": 6}}, {"model": "ordenes.ordendetrabajo", "pk": 16, "fields": {"turno": "2022-04-18T12:00:00Z", "ingreso": "2022-04-24T00:00:00Z", "egreso": "2022-04-28T00:00:00Z", "estado": 6}}, {"model": "ordenes.ordendetrabajo", "pk": 17, "fields": {"turno": "2022-04-25T12:00:00Z", "ingreso": "2022-05-01T00:00:00Z", "egreso": "2022-05-10T00:00:00Z", "estado": 6}}, {"model": "ordenes.ordendetrabajo", "pk": 18, "fields": {"turno": "2022-05-02T12:00:00Z", "ingreso": "2022-05-08T00:00:00Z", "egreso": "2022-05-12T00:00:00Z", "estado": 6}}, {"model": "ordenes.ordendetrabajo", "pk": 19, "fields": {"turno": "2022-05-09T12:00:00Z", "ingreso": "2022-05-15T00:00:00Z", "egreso": "2022-05-21T00:00:00Z", "estado": 6}}, {"model": "ordenes.ordendetrabajo", "pk": 20, "fields": {"turno": "2022-05-16T12:00:00Z", "ingreso": "2022-05-22T00:00:00Z", "egreso": "2022-05-26T00:00:00Z", "estado": 6}}, {"model": "ordenes.ordendetrabajo", "pk": 21, "fields": {"turno": "2022-05-23T12:00:00Z", "ingreso": "2022-05-29T00:00:00Z", "egreso": "2022-06-03T00:00:00Z", "estado": 6}}, {"model": "ordenes.ordendetrabajo", "pk": 22, "fields": {"turno": "2022-05-30T12:00:00Z", "ingreso": "2022-06-05T00:00:00Z", "egreso": "2022-06-09T00:00:00Z", "estado": 6}}, {"model": "ordenes.ordendetrabajo", "pk": 23, "fields": {"turno": "2022-06-06T12:00:00Z", "ingreso": "2022-06-12T00:00:00Z", "egreso": "2022-06-18T00:00:00Z", "estado": 6}}, {"model": "ordenes.ordendetrabajo", "pk": 24, "fields": {"turno": "2022-06-13T12:00:00Z", "ingreso": "2022-06-19T00:00:00Z", "egreso": "2022-06-27T00:00:00Z", "estado": 6}}, {"model": "ordenes.ordendetrabajo", "pk": 25, "fields": {"turno": "2022-06-20T12:00:00Z", "ingreso": "2022-06-26T00:00:00Z", "egreso": "2022-07-02T00:00:00Z", "estado": 6}}, {"model": "ordenes.ordendetrabajo", "pk": 26, "fields": {"turno": "2022-06-20T12:00:00Z", "ingreso": "2022-06-26T00:00:00Z", "egreso": "2022-07-01T00:00:00Z", "estado": 6}}, {"model": "ordenes.ordendetrabajo", "pk": 27, "fields": {"turno": "2022-06-27T12:00:00Z", "ingreso": "2022-07-03T00:00:00Z", "egreso": "2022-07-12T00:00:00Z", "estado": 6}}, {"model": "ordenes.ordendetrabajo", "pk": 28, "fields": {"turno": "2022-07-04T12:00:00Z", "ingreso": "2022-07-10T00:00:00Z", "egreso": "2022-07-14T00:00:00Z", "estado": 6}}, {"model": "ordenes.ordendetrabajo", "pk": 29, "fields": {"turno": "2022-07-11T12:00:00Z", "ingreso": "2022-07-17T00:00:00Z", "egreso": "2022-07-21T00:00:00Z", "estado": 6}}, {"model": "ordenes.ordendetrabajo", "pk": 30, "fields": {"turno": "2022-07-18T12:00:00Z", "ingreso": "2022-07-24T00:00:00Z", "egreso": "2022-07-30T00:00:00Z", "estado": 6}}, {"model": "ordenes.ordendetrabajo", "pk": 31, "fields": {"turno": "2022-07-25T12:00:00Z", "ingreso": "2022-07-31T00:00:00Z", "egreso": "2022-08-05T00:00:00Z", "estado": 6}}, {"model": "ordenes.ordendetrabajo", "pk": 32, "fields": {"turno": "2022-08-01T12:00:00Z", "ingreso": "2022-08-07T00:00:00Z", "egreso": "2022-08-15T00:00:00Z", "estado": 6}}, {"model": "ordenes.ordendetrabajo", "pk": 33, "fields": {"turno": "2022-08-08T12:00:00Z", "ingreso": "2022-08-14T00:00:00Z", "egreso": "2022-08-21T00:00:00Z", "estado": 6}}, {"model": "ordenes.ordendetrabajo", "pk": 34, "fields": {"turno": "2022-08-15T12:00:00Z", "ingreso": "2022-08-21T00:00:00Z", "egreso": "2022-08-29T00:00:00Z", "estado": 6}}, {"model": "ordenes.ordendetrabajo", "pk": 35, "fields": {"turno": "2022-08-22T12:00:00Z", "ingreso": "2022-08-28T00:00:00Z", "egreso": "2022-09-03T00:00:00Z", "estado": 6}}, {"model": "ordenes.ordendetrabajo", "pk": 36, "fields": {"turno": "2022-08-29T12:00:00Z", "ingreso": "2022-09-04T00:00:00Z", "egreso": "2022-09-09T00:00:00Z", "estado": 6}}, {"model": "ordenes.ordendetrabajo", "pk": 37, "fields": {"turno": "2022-09-05T12:00:00Z", "ingreso": "2022-09-11T00:00:00Z", "egreso": "2022-09-15T00:00:00Z", "estado": 6}}, {"model": "ordenes.ordendetrabajo", "pk": 38, "fields": {"turno": "2022-09-12T12:00:00Z", "ingreso": "2022-09-18T00:00:00Z", "egreso": "2022-09-24T00:00:00Z", "estado": 6}}, {"model": "ordenes.ordendetrabajo", "pk": 39, "fields": {"turno": "2022-09-19T12:00:00Z", "ingreso": "2022-09-25T00:00:00Z", "egreso": "2022-10-02T00:00:00Z", "estado": 6}}, {"model": "ordenes.ordendetrabajo", "pk": 40, "fields": {"turno": "2022-09-19T12:00:00Z", "ingreso": "2022-09-25T00:00:00Z", "egreso": "2022-09-28T00:00:00Z", "estado": 6}}, {"model": "ordenes.ordendetrabajo", "pk": 41, "fields": {"turno": "2022-09-26T12:00:00Z", "ingreso": "2022-10-02T00:00:00Z", "egreso": "2022-10-06T00:00:00Z", "estado": 6}}, {"model": "ordenes.ordendetrabajo", "pk": 42, "fields": {"turno": "2022-10-03T12:00:00Z", "ingreso": "2022-10-09T00:00:00Z", "egreso": "2022-10-15T00:00:00Z", "estado": 6}}, {"model": "ordenes.ordendetrabajo", "pk": 43, "fields": {"turno": "2022-10-10T12:00:00Z", "ingreso": "2022-10-16T00:00:00Z", "egreso": "2022-10-23T00:00:00Z", "estado": 6}}, {"model": "ordenes.ordendetrabajo", "pk": 44, "fields": {"turno": "2022-10-17T12:00:00Z", "ingreso": "2022-10-23T00:00:00Z", "egreso": "2022-10-28T00:00:00Z", "estado": 6}}, {"model": "ordenes.ordendetrabajo", "pk": 45, "fields": {"turno": "2022-10-24T12:00:00Z", "ingreso": "2022-10-30T00:00:00Z", "egreso": "2022-11-04T00:00:00Z", "estado": 6}}, {"model": "ordenes.ordendetrabajo", "pk": 46, "fields": {"turno": "2022-10-24T12:00:00Z", "ingreso": "2022-10-30T00:00:00Z", "egreso": "2022-11-06T00:00:00Z", "estado": 6}}, {"model": "ordenes.ordendetrabajo", "pk": 47, "fields": {"turno": "2022-10-31T12:00:00Z", "ingreso": "2022-11-06T00:00:00Z", "egreso": "2022-11-16T00:00:00Z", "estado": 6}}, {"model": "ordenes.ordendetrabajo", "pk": 48, "fields": {"turno": "2022-11-07T12:00:00Z", "ingreso": "2022-11-13T00:00:00Z", "egreso": "2022-11-20T00:00:00Z", "estado": 6}}, {"model": "ordenes.ordendetrabajo", "pk": 49, "fields": {"turno": "2022-11-07T12:00:00Z", "ingreso": "2022-11-13T00:00:00Z", "egreso": "2022-11-16T00:00:00Z", "estado": 6}}, {"model": "ordenes.ordendetrabajo", "pk": 50, "fields": {"turno": "2022-11-14T12:00:00Z", "ingreso": "2022-11-20T00:00:00Z", "egreso": "2022-11-28T00:00:00Z", "estado": 6}}, {"model": "ordenes.ordendetrabajo", "pk": 51, "fields": {"turno": "2022-11-21T12:00:00Z", "ingreso": "2022-11-27T00:00:00Z", "egreso": "2022-12-05T00:00:00Z", "estado": 6}}, {"model": "ordenes.ordendetrabajo", "pk": 52, "fields": {"turno": "2022-11-28T12:00:00Z", "ingreso": "2022-12-04T00:00:00Z", "egreso": "2022-12-11T00:00:00Z", "estado": 6}}, {"model": "ordenes.ordendetrabajo", "pk": 53, "fields": {"turno": "2022-12-05T12:00:00Z", "ingreso": "2022-12-11T00:00:00Z", "egreso": "2022-12-19T00:00:00Z", "estado": 6}}, {"model": "ordenes.ordendetrabajo", "pk": 54, "fields": {"turno": "2022-12-12T00:00:00Z", "ingreso": "2022-12-18T00:00:00Z", "egreso": "2022-12-23T00:00:00Z", "estado": 6}}, {"model": "ordenes.ordendetrabajo", "pk": 55, "fields": {"turno": "2023-02-24T12:08:00Z", "ingreso": "2023-02-24T12:09:00Z", "egreso": null, "estado": 1}}, {"model": "ordenes.detalleordendetrabajo", "pk": 1, "fields": {"orden": 1, "tarea": 1, "empleado": 2, "inicio": "2022-01-16T15:57:34Z", "fin": "2022-01-18T17:34:17Z", "exitosa": true, "observaciones": ""}}, {"model": "ordenes.detalleordendetrabajo", "pk": 2, "fields": {"orden": 2, "tarea": 1, "empleado": 2, "inicio": "2022-01-23T10:54:48Z", "fin": "2022-01-27T17:47:33Z", "exitosa": true, "observaciones": ""}}, {"model": "ordenes.detalleordendetrabajo", "pk": 3, "fields": {"orden": 3, "tarea": 1, "empleado": 3, "inicio": "2022-02-01T10:25:23Z", "fin": "2022-02-06T19:40:48Z", "exitosa": true, "observaciones": ""}}, {"model": "ordenes.detalleordendetrabajo", "pk": 4, "fields": {"orden": 4, "tarea": 4, "empleado": 1, "inicio": "2022-02-06T10:28:56Z", "fin": "2022-02-07T15:23:55Z", "exitosa": true, "observaciones": ""}}, {"model": "ordenes.detalleordendetrabajo", "pk": 5, "fields": {"orden": 5, "tarea": 4, "empleado": 2, "inicio": "2022-02-15T11:42:53Z", "fin": "2022-02-19T15:15:22Z", "exitosa": true, "observaciones": ""}}, {"model": "ordenes.detalleordendetrabajo", "pk": 6, "fields": {"orden": 6, "tarea": 7, "empleado": 3, "inicio": "2022-02-21T16:33:50Z", "fin": "2022-02-26T17:29:36Z", "exitosa": true, "observaciones": ""}}, {"model": "ordenes.detalleordendetrabajo", "pk": 7, "fields": {"orden": 7, "tarea": 5, "empleado": 1, "inicio": "2022-02-27T15:54:21Z", "fin": "2022-03-03T17:51:19Z", "exitosa": true, "observaciones": ""}}, {"model": "ordenes.detalleordendetrabajo", "pk": 8, "fields": {"orden": 8, "tarea": 1, "empleado": 2, "inicio": "2022-03-08T17:23:32Z", "fin": "2022-03-13T17:39:51Z", "exitosa": true, "observaciones": ""}}, {"model": "ordenes.detalleordendetrabajo", "pk": 9, "fields": {"orden": 9, "tarea": 4, "empleado": 3, "inicio": "2022-03-13T16:59:21Z", "fin": "2022-03-15T13:26:26Z", "exitosa": true, "observaciones": ""}}, {"model": "ordenes.detalleordendetrabajo", "pk": 10, "fields": {"orden": 10, "tarea": 7, "empleado": 1, "inicio": "2022-03-22T16:55:34Z", "fin": "2022-03-23T15:59:44Z", "exitosa": true, "observaciones": ""}}, {"model": "ordenes.detalleordendetrabajo", "pk": 11, "fields": {"orden": 11, "tarea": 8, "empleado": 2, "inicio": "2022-03-29T14:34:18Z", "fin": "2022-04-03T14:50:28Z", "exitosa": true, "observaciones": ""}}, {"model": "ordenes.detalleordendetrabajo", "pk": 12, "fields": {"orden": 12, "tarea": 5, "empleado": 2, "inicio": "2022-04-03T17:50:14Z", "fin": "2022-04-07T17:59:23Z", "exitosa": true, "observaciones": ""}}, {"model": "ordenes.detalleordendetrabajo", "pk": 13, "fields": {"orden": 13, "tarea": 3, "empleado": 5, "inicio": "2022-04-10T14:12:38Z", "fin": "2022-04-11T17:46:45Z", "exitosa": true, "observaciones": ""}}, {"model": "ordenes.detalleordendetrabajo", "pk": 14, "fields": {"orden": 14, "tarea": 3, "empleado": 5, "inicio": "2022-04-19T14:14:45Z", "fin": "2022-04-23T18:48:58Z", "exitosa": true, "observaciones": ""}}, {"model": "ordenes.detalleordendetrabajo", "pk": 15, "fields": {"orden": 15, "tarea": 4, "empleado": 2, "inicio": "2022-04-25T11:26:50Z", "fin": "2022-04-28T15:59:35Z", "exitosa": true, "observaciones": ""}}, {"model": "ordenes.detalleordendetrabajo", "pk": 16, "fields": {"orden": 16, "tarea": 4, "empleado": 3, "inicio": "2022-04-26T16:10:15Z", "fin": "2022-04-27T18:29:25Z", "exitosa": true, "observaciones": ""}}, {"model": "ordenes.detalleordendetrabajo", "pk": 17, "fields": {"orden": 17, "tarea": 2, "empleado": 6, "inicio": "2022-05-03T14:22:27Z", "fin": "2022-05-08T16:33:37Z", "exitosa": true, "observaciones": ""}}, {"model": "ordenes.detalleordendetrabajo", "pk": 18, "fields": {"orden": 18, "tarea": 5, "empleado": 3, "inicio": "2022-05-08T10:56:45Z", "fin": "2022-05-11T19:45:13Z", "exitosa": true, "observaciones": ""}}, {"model": "ordenes.detalleordendetrabajo", "pk": 19, "fields": {"orden": 19, "tarea": 5, "empleado": 3, "inicio": "2022-05-16T17:10:59Z", "fin": "2022-05-20T15:57:20Z", "exitosa": true, "observaciones": ""}}, {"model": "ordenes.detalleordendetrabajo", "pk": 20, "fields": {"orden": 20, "tarea": 3, "empleado": 5, "inicio": "2022-05-22T13:18:52Z", "fin": "2022-05-23T15:19:32Z", "exitosa": true, "observaciones": ""}}, {"model": "ordenes.detalleordendetrabajo", "pk": 21, "fields": {"orden": 21, "tarea": 2, "empleado": 6, "inicio": "2022-05-30T15:55:30Z", "fin": "2022-06-02T18:35:58Z", "exitosa": true, "observaciones": ""}}, {"model": "ordenes.detalleordendetrabajo", "pk": 22, "fields": {"orden": 22, "tarea": 4, "empleado": 2, "inicio": "2022-06-06T14:15:18Z", "fin": "2022-06-07T16:47:46Z", "exitosa": true, "observaciones": ""}}, {"model": "ordenes.detalleordendetrabajo", "pk": 23, "fields": {"orden": 23, "tarea": 3, "empleado": 6, "inicio": "2022-06-13T17:21:51Z", "fin": "2022-06-17T16:20:45Z", "exitosa": true, "observaciones": ""}}, {"model": "ordenes.detalleordendetrabajo", "pk": 24, "fields": {"orden": 24, "tarea": 7, "empleado": 1, "inicio": "2022-06-20T10:48:22Z", "fin": "2022-06-24T19:28:26Z", "exitosa": true, "observaciones": ""}}, {"model": "ordenes.detalleordendetrabajo", "pk": 25, "fields": {"orden": 25, "tarea": 6, "empleado": 2, "inicio": "2022-06-28T16:24:16Z", "fin": "2022-07-01T17:39:32Z", "exitosa": true, "observaciones": ""}}, {"model": "ordenes.detalleordendetrabajo", "pk": 26, "fields": {"orden": 26, "tarea": 7, "empleado": 2, "inicio": "2022-06-26T14:27:37Z", "fin": "2022-06-28T16:53:50Z", "exitosa": true, "observaciones": ""}}, {"model": "ordenes.detalleordendetrabajo", "pk": 27, "fields": {"orden": 27, "tarea": 7, "empleado": 1, "inicio": "2022-07-04T11:42:19Z", "fin": "2022-07-09T20:38:52Z", "exitosa": true, "observaciones": ""}}, {"model": "ordenes.detalleordendetrabajo", "pk": 28, "fields": {"orden": 28, "tarea": 5, "empleado": 3, "inicio": "2022-07-10T15:44:22Z", "fin": "2022-07-11T13:31:21Z", "exitosa": true, "observaciones": ""}}, {"model": "ordenes.detalleordendetrabajo", "pk": 29, "fields": {"orden": 29, "tarea": 6, "empleado": 2, "inicio": "2022-07-18T14:20:17Z", "fin": "2022-07-19T17:58:10Z", "exitosa": true, "observaciones": ""}}, {"model": "ordenes.detalleordendetrabajo", "pk": 30, "fields": {"orden": 30, "tarea": 4, "empleado": 2, "inicio": "2022-07-25T14:53:56Z", "fin": "2022-07-29T20:55:12Z", "exitosa": true, "observaciones": ""}}, {"model": "ordenes.detalleordendetrabajo", "pk": 31, "fields": {"orden": 31, "tarea": 5, "empleado": 3, "inicio": "2022-08-01T11:30:52Z", "fin": "2022-08-03T19:37:12Z", "exitosa": true, "observaciones": ""}}, {"model": "ordenes.detalleordendetrabajo", "pk": 32, "fields": {"orden": 32, "tarea": 8, "empleado": 2, "inicio": "2022-08-09T17:19:11Z", "fin": "2022-08-13T13:10:23Z", "exitosa": true, "observaciones": ""}}, {"model": "ordenes.detalleordendetrabajo", "pk": 33, "fields": {"orden": 33, "tarea": 5, "empleado": 2, "inicio": "2022-08-15T14:29:43Z", "fin": "2022-08-18T20:40:43Z", "exitosa": true, "observaciones": ""}}, {"model": "ordenes.detalleordendetrabajo", "pk": 34, "fields": {"orden": 34, "tarea": 4, "empleado": 3, "inicio": "2022-08-23T17:10:38Z", "fin": "2022-08-26T16:42:14Z", "exitosa": true, "observaciones": ""}}, {"model": "ordenes.detalleordendetrabajo", "pk": 35, "fields": {"orden": 35, "tarea": 7, "empleado": 3, "inicio": "2022-08-29T10:30:59Z", "fin": "2022-08-31T13:39:17Z", "exitosa": true, "observaciones": ""}}, {"model": "ordenes.detalleordendetrabajo", "pk": 36, "fields": {"orden": 36, "tarea": 4, "empleado": 2, "inicio": "2022-09-04T15:21:31Z", "fin": "2022-09-07T15:39:39Z", "exitosa": true, "observaciones": ""}}, {"model": "ordenes.detalleordendetrabajo", "pk": 37, "fields": {"orden": 37, "tarea": 5, "empleado": 1, "inicio": "2022-09-11T10:13:59Z", "fin": "2022-09-14T19:23:45Z", "exitosa": true, "observaciones": ""}}, {"model": "ordenes.detalleordendetrabajo", "pk": 38, "fields": {"orden": 38, "tarea": 3, "empleado": 6, "inicio": "2022-09-20T10:14:21Z", "fin": "2022-09-21T19:16:10Z", "exitosa": true, "observaciones": ""}}, {"model": "ordenes.detalleordendetrabajo", "pk": 39, "fields": {"orden": 39, "tarea": 3, "empleado": 6, "inicio": "2022-09-26T14:51:47Z", "fin": "2022-10-01T13:36:27Z", "exitosa": true, "observaciones": ""}}, {"model": "ordenes.detalleordendetrabajo", "pk": 40, "fields": {"orden": 40, "tarea": 8, "empleado": 2, "inicio": "2022-09-26T11:14:35Z", "fin": "2022-09-27T15:29:44Z", "exitosa": true, "observaciones": ""}}, {"model": "ordenes.detalleordendetrabajo", "pk": 41, "fields": {"orden": 41, "tarea": 6, "empleado": 3, "inicio": "2022-10-02T17:38:24Z", "fin": "2022-10-04T18:41:13Z", "exitosa": true, "observaciones": ""}}, {"model": "ordenes.detalleordendetrabajo", "pk": 42, "fields": {"orden": 42, "tarea": 6, "empleado": 1, "inicio": "2022-10-09T10:56:31Z", "fin": "2022-10-13T17:23:59Z", "exitosa": true, "observaciones": ""}}, {"model": "ordenes.detalleordendetrabajo", "pk": 43, "fields": {"orden": 43, "tarea": 5, "empleado": 2, "inicio": "2022-10-17T16:44:46Z", "fin": "2022-10-22T17:31:32Z", "exitosa": true, "observaciones": ""}}, {"model": "ordenes.detalleordendetrabajo", "pk": 44, "fields": {"orden": 44, "tarea": 5, "empleado": 2, "inicio": "2022-10-24T12:29:39Z", "fin": "2022-10-26T19:37:29Z", "exitosa": true, "observaciones": ""}}, {"model": "ordenes.detalleordendetrabajo", "pk": 45, "fields": {"orden": 45, "tarea": 4, "empleado": 3, "inicio": "2022-10-31T16:43:56Z", "fin": "2022-11-02T17:43:57Z", "exitosa": true, "observaciones": ""}}, {"model": "ordenes.detalleordendetrabajo", "pk": 46, "fields": {"orden": 46, "tarea": 4, "empleado": 1, "inicio": "2022-11-01T15:29:31Z", "fin": "2022-11-04T19:50:56Z", "exitosa": true, "observaciones": ""}}, {"model": "ordenes.detalleordendetrabajo", "pk": 47, "fields": {"orden": 47, "tarea": 3, "empleado": 5, "inicio": "2022-11-08T12:47:32Z", "fin": "2022-11-13T18:53:46Z", "exitosa": true, "observaciones": ""}}, {"model": "ordenes.detalleordendetrabajo", "pk": 48, "fields": {"orden": 48, "tarea": 6, "empleado": 3, "inicio": "2022-11-13T10:20:11Z", "fin": "2022-11-17T20:21:56Z", "exitosa": true, "observaciones": ""}}, {"model": "ordenes.detalleordendetrabajo", "pk": 49, "fields": {"orden": 49, "tarea": 6, "empleado": 2, "inicio": "2022-11-14T10:15:34Z", "fin": "2022-11-15T16:59:28Z", "exitosa": true, "observaciones": ""}}, {"model": "ordenes.detalleordendetrabajo", "pk": 50, "fields": {"orden": 50, "tarea": 6, "empleado": 3, "inicio": "2022-11-21T16:28:19Z", "fin": "2022-11-25T20:29:21Z", "exitosa": true, "observaciones": ""}}, {"model": "ordenes.detalleordendetrabajo", "pk": 51, "fields": {"orden": 51, "tarea": 3, "empleado": 5, "inicio": "2022-11-28T14:50:48Z", "fin": "2022-12-02T20:31:22Z", "exitosa": true, "observaciones": ""}}, {"model": "ordenes.detalleordendetrabajo", "pk": 52, "fields": {"orden": 52, "tarea": 5, "empleado": 2, "inicio": "2022-12-05T14:10:49Z", "fin": "2022-12-08T18:12:34Z", "exitosa": true, "observaciones": ""}}, {"model": "ordenes.detalleordendetrabajo", "pk": 53, "fields": {"orden": 53, "tarea": 5, "empleado": 3, "inicio": "2022-12-11T15:19:37Z", "fin": "2022-12-16T19:37:13Z", "exitosa": true, "observaciones": ""}}, {"model": "ordenes.detalleordendetrabajo", "pk": 54, "fields": {"orden": 54, "tarea": 4, "empleado": 2, "inicio": "2022-12-20T10:35:34Z", "fin": "2022-12-21T18:56:56Z", "exitosa": true, "observaciones": ""}}, {"model": "ordenes.detalleordendetrabajo", "pk": 55, "fields": {"orden": 55, "tarea": 2, "empleado": 5, "inicio": null, "fin": null, "exitosa": true, "observaciones": null}}, {"model": "ordenes.detalleordendetrabajo", "pk": 56, "fields": {"orden": 55, "tarea": 4, "empleado": 1, "inicio": null, "fin": null, "exitosa": true, "observaciones": null}}, {"model": "ordenes.detalleordendetrabajo", "pk": 57, "fields": {"orden": 55, "tarea": 6, "empleado": 2, "inicio": null, "fin": null, "exitosa": true, "observaciones": null}}, {"model": "ordenes.detalleordendetrabajo", "pk": 58, "fields": {"orden": 55, "tarea": 8, "empleado": 3, "inicio": null, "fin": null, "exitosa": true, "observaciones": null}}, {"model": "ordenes.materialordendetrabajo", "pk": 1, "fields": {"material": 3, "orden": 1, "cantidad_presupuestada": 1, "cantidad_utilizada": 0}}, {"model": "ordenes.materialordendetrabajo", "pk": 2, "fields": {"material": 1, "orden": 1, "cantidad_presupuestada": 0, "cantidad_utilizada": 20}}, {"model": "ordenes.materialordendetrabajo", "pk": 3, "fields": {"material": 2, "orden": 2, "cantidad_presupuestada": 1, "cantidad_utilizada": 0}}, {"model": "ordenes.materialordendetrabajo", "pk": 4, "fields": {"material": 4, "orden": 3, "cantidad_presupuestada": 1, "cantidad_utilizada": 0}}, {"model": "ordenes.materialordendetrabajo", "pk": 5, "fields": {"material": 4, "orden": 4, "cantidad_presupuestada": 1, "cantidad_utilizada": 14}}, {"model": "ordenes.materialordendetrabajo", "pk": 6, "fields": {"material": 4, "orden": 5, "cantidad_presupuestada": 1, "cantidad_utilizada": 5}}, {"model": "ordenes.materialordendetrabajo", "pk": 7, "fields": {"material": 5, "orden": 6, "cantidad_presupuestada": 1, "cantidad_utilizada": 0}}, {"model": "ordenes.materialordendetrabajo", "pk": 8, "fields": {"material": 2, "orden": 8, "cantidad_presupuestada": 1, "cantidad_utilizada": 0}}, {"model": "ordenes.materialordendetrabajo", "pk": 9, "fields": {"material": 4, "orden": 9, "cantidad_presupuestada": 1, "cantidad_utilizada": 12}}, {"model": "ordenes.materialordendetrabajo", "pk": 10, "fields": {"material": 4, "orden": 10, "cantidad_presupuestada": 1, "cantidad_utilizada": 0}}, {"model": "ordenes.materialordendetrabajo", "pk": 11, "fields": {"material": 3, "orden": 11, "cantidad_presupuestada": 1, "cantidad_utilizada": 0}}, {"model": "ordenes.materialordendetrabajo", "pk": 12, "fields": {"material": 1, "orden": 2, "cantidad_presupuestada": 0, "cantidad_utilizada": 12}}, {"model": "ordenes.materialordendetrabajo", "pk": 13, "fields": {"material": 1, "orden": 3, "cantidad_presupuestada": 0, "cantidad_utilizada": 14}}, {"model": "ordenes.materialordendetrabajo", "pk": 14, "fields": {"material": 3, "orden": 4, "cantidad_presupuestada": 0, "cantidad_utilizada": 208}}, {"model": "ordenes.materialordendetrabajo", "pk": 15, "fields": {"material": 2, "orden": 4, "cantidad_presupuestada": 0, "cantidad_utilizada": 16}}, {"model": "ordenes.materialordendetrabajo", "pk": 16, "fields": {"material": 5, "orden": 4, "cantidad_presupuestada": 0, "cantidad_utilizada": 1}}, {"model": "ordenes.materialordendetrabajo", "pk": 17, "fields": {"material": 1, "orden": 6, "cantidad_presupuestada": 0, "cantidad_utilizada": 67}}, {"model": "ordenes.materialordendetrabajo", "pk": 18, "fields": {"material": 5, "orden": 7, "cantidad_presupuestada": 0, "cantidad_utilizada": 19}}, {"model": "ordenes.materialordendetrabajo", "pk": 19, "fields": {"material": 4, "orden": 8, "cantidad_presupuestada": 0, "cantidad_utilizada": 77}}, {"model": "ordenes.materialordendetrabajo", "pk": 20, "fields": {"material": 3, "orden": 10, "cantidad_presupuestada": 0, "cantidad_utilizada": 55}}, {"model": "ordenes.materialordendetrabajo", "pk": 21, "fields": {"material": 4, "orden": 11, "cantidad_presupuestada": 0, "cantidad_utilizada": 55}}, {"model": "ordenes.materialordendetrabajo", "pk": 22, "fields": {"material": 4, "orden": 12, "cantidad_presupuestada": 0, "cantidad_utilizada": 6}}, {"model": "ordenes.materialordendetrabajo", "pk": 23, "fields": {"material": 4, "orden": 15, "cantidad_presupuestada": 1, "cantidad_utilizada": 0}}, {"model": "ordenes.materialordendetrabajo", "pk": 24, "fields": {"material": 3, "orden": 16, "cantidad_presupuestada": 1, "cantidad_utilizada": 5}}, {"model": "ordenes.materialordendetrabajo", "pk": 25, "fields": {"material": 5, "orden": 16, "cantidad_presupuestada": 1, "cantidad_utilizada": 0}}, {"model": "ordenes.materialordendetrabajo", "pk": 26, "fields": {"material": 3, "orden": 22, "cantidad_presupuestada": 1, "cantidad_utilizada": 74}}, {"model": "ordenes.materialordendetrabajo", "pk": 27, "fields": {"material": 3, "orden": 24, "cantidad_presupuestada": 1, "cantidad_utilizada": 12}}, {"model": "ordenes.materialordendetrabajo", "pk": 28, "fields": {"material": 2, "orden": 26, "cantidad_presupuestada": 1, "cantidad_utilizada": 0}}, {"model": "ordenes.materialordendetrabajo", "pk": 29, "fields": {"material": 3, "orden": 27, "cantidad_presupuestada": 1, "cantidad_utilizada": 0}}, {"model": "ordenes.materialordendetrabajo", "pk": 30, "fields": {"material": 3, "orden": 30, "cantidad_presupuestada": 1, "cantidad_utilizada": 56}}, {"model": "ordenes.materialordendetrabajo", "pk": 31, "fields": {"material": 3, "orden": 32, "cantidad_presupuestada": 1, "cantidad_utilizada": 0}}, {"model": "ordenes.materialordendetrabajo", "pk": 32, "fields": {"material": 4, "orden": 34, "cantidad_presupuestada": 1, "cantidad_utilizada": 78}}, {"model": "ordenes.materialordendetrabajo", "pk": 33, "fields": {"material": 5, "orden": 35, "cantidad_presupuestada": 1, "cantidad_utilizada": 0}}, {"model": "ordenes.materialordendetrabajo", "pk": 34, "fields": {"material": 4, "orden": 36, "cantidad_presupuestada": 1, "cantidad_utilizada": 0}}, {"model": "ordenes.materialordendetrabajo", "pk": 35, "fields": {"material": 3, "orden": 40, "cantidad_presupuestada": 1, "cantidad_utilizada": 0}}, {"model": "ordenes.materialordendetrabajo", "pk": 36, "fields": {"material": 1, "orden": 45, "cantidad_presupuestada": 1, "cantidad_utilizada": 0}}, {"model": "ordenes.materialordendetrabajo", "pk": 37, "fields": {"material": 3, "orden": 46, "cantidad_presupuestada": 1, "cantidad_utilizada": 5}}, {"model": "ordenes.materialordendetrabajo", "pk": 38, "fields": {"material": 1, "orden": 54, "cantidad_presupuestada": 1, "cantidad_utilizada": 0}}, {"model": "ordenes.materialordendetrabajo", "pk": 39, "fields": {"material": 2, "orden": 15, "cantidad_presupuestada": 0, "cantidad_utilizada": 12}}, {"model": "ordenes.materialordendetrabajo", "pk": 40, "fields": {"material": 4, "orden": 18, "cantidad_presupuestada": 0, "cantidad_utilizada": 123}}, {"model": "ordenes.materialordendetrabajo", "pk": 41, "fields": {"material": 5, "orden": 25, "cantidad_presupuestada": 0, "cantidad_utilizada": 56}}, {"model": "ordenes.materialordendetrabajo", "pk": 42, "fields": {"material": 4, "orden": 26, "cantidad_presupuestada": 0, "cantidad_utilizada": 83}}, {"model": "ordenes.materialordendetrabajo", "pk": 43, "fields": {"material": 2, "orden": 27, "cantidad_presupuestada": 0, "cantidad_utilizada": 58}}, {"model": "ordenes.materialordendetrabajo", "pk": 44, "fields": {"material": 3, "orden": 28, "cantidad_presupuestada": 0, "cantidad_utilizada": 56}}, {"model": "ordenes.materialordendetrabajo", "pk": 45, "fields": {"material": 3, "orden": 29, "cantidad_presupuestada": 0, "cantidad_utilizada": 1}}, {"model": "ordenes.materialordendetrabajo", "pk": 46, "fields": {"material": 5, "orden": 31, "cantidad_presupuestada": 0, "cantidad_utilizada": 2}}, {"model": "ordenes.materialordendetrabajo", "pk": 47, "fields": {"material": 4, "orden": 32, "cantidad_presupuestada": 0, "cantidad_utilizada": 123}}, {"model": "ordenes.materialordendetrabajo", "pk": 48, "fields": {"material": 4, "orden": 33, "cantidad_presupuestada": 0, "cantidad_utilizada": 5}}, {"model": "ordenes.materialordendetrabajo", "pk": 49, "fields": {"material": 3, "orden": 35, "cantidad_presupuestada": 0, "cantidad_utilizada": 88}}, {"model": "ordenes.materialordendetrabajo", "pk": 50, "fields": {"material": 5, "orden": 36, "cantidad_presupuestada": 0, "cantidad_utilizada": 12}}, {"model": "ordenes.materialordendetrabajo", "pk": 51, "fields": {"material": 4, "orden": 37, "cantidad_presupuestada": 0, "cantidad_utilizada": 76}}, {"model": "ordenes.materialordendetrabajo", "pk": 52, "fields": {"material": 4, "orden": 40, "cantidad_presupuestada": 0, "cantidad_utilizada": 66}}, {"model": "ordenes.materialordendetrabajo", "pk": 53, "fields": {"material": 2, "orden": 41, "cantidad_presupuestada": 0, "cantidad_utilizada": 345}}, {"model": "ordenes.materialordendetrabajo", "pk": 54, "fields": {"material": 3, "orden": 42, "cantidad_presupuestada": 0, "cantidad_utilizada": 56}}, {"model": "ordenes.materialordendetrabajo", "pk": 55, "fields": {"material": 2, "orden": 44, "cantidad_presupuestada": 0, "cantidad_utilizada": 1}}, {"model": "ordenes.materialordendetrabajo", "pk": 56, "fields": {"material": 3, "orden": 48, "cantidad_presupuestada": 0, "cantidad_utilizada": 88}}, {"model": "ordenes.materialordendetrabajo", "pk": 57, "fields": {"material": 3, "orden": 52, "cantidad_presupuestada": 0, "cantidad_utilizada": 67}}, {"model": "ordenes.materialordendetrabajo", "pk": 58, "fields": {"material": 4, "orden": 53, "cantidad_presupuestada": 0, "cantidad_utilizada": 1}}, {"model": "ordenes.materialordendetrabajo", "pk": 59, "fields": {"material": 4, "orden": 54, "cantidad_presupuestada": 0, "cantidad_utilizada": 67}}, {"model": "ordenes.materialordendetrabajo", "pk": 60, "fields": {"material": 2, "orden": 55, "cantidad_presupuestada": 1, "cantidad_utilizada": 0}}, {"model": "ordenes.repuestoordendetrabajo", "pk": 1, "fields": {"repuesto": 1, "orden": 1, "cantidad_presupuestada": 1, "cantidad_utilizada": 1}}, {"model": "ordenes.repuestoordendetrabajo", "pk": 2, "fields": {"repuesto": 5, "orden": 2, "cantidad_presupuestada": 1, "cantidad_utilizada": 0}}, {"model": "ordenes.repuestoordendetrabajo", "pk": 3, "fields": {"repuesto": 4, "orden": 3, "cantidad_presupuestada": 1, "cantidad_utilizada": 1}}, {"model": "ordenes.repuestoordendetrabajo", "pk": 4, "fields": {"repuesto": 5, "orden": 7, "cantidad_presupuestada": 1, "cantidad_utilizada": 0}}, {"model": "ordenes.repuestoordendetrabajo", "pk": 5, "fields": {"repuesto": 5, "orden": 8, "cantidad_presupuestada": 1, "cantidad_utilizada": 0}}, {"model": "ordenes.repuestoordendetrabajo", "pk": 6, "fields": {"repuesto": 7, "orden": 12, "cantidad_presupuestada": 1, "cantidad_utilizada": 0}}, {"model": "ordenes.repuestoordendetrabajo", "pk": 7, "fields": {"repuesto": 2, "orden": 2, "cantidad_presupuestada": 0, "cantidad_utilizada": 1}}, {"model": "ordenes.repuestoordendetrabajo", "pk": 8, "fields": {"repuesto": 6, "orden": 18, "cantidad_presupuestada": 1, "cantidad_utilizada": 0}}, {"model": "ordenes.repuestoordendetrabajo", "pk": 9, "fields": {"repuesto": 6, "orden": 19, "cantidad_presupuestada": 1, "cantidad_utilizada": 0}}, {"model": "ordenes.repuestoordendetrabajo", "pk": 10, "fields": {"repuesto": 4, "orden": 25, "cantidad_presupuestada": 1, "cantidad_utilizada": 0}}, {"model": "ordenes.repuestoordendetrabajo", "pk": 11, "fields": {"repuesto": 3, "orden": 28, "cantidad_presupuestada": 1, "cantidad_utilizada": 0}}, {"model": "ordenes.repuestoordendetrabajo", "pk": 12, "fields": {"repuesto": 6, "orden": 29, "cantidad_presupuestada": 1, "cantidad_utilizada": 0}}, {"model": "ordenes.repuestoordendetrabajo", "pk": 13, "fields": {"repuesto": 5, "orden": 31, "cantidad_presupuestada": 1, "cantidad_utilizada": 0}}, {"model": "ordenes.repuestoordendetrabajo", "pk": 14, "fields": {"repuesto": 4, "orden": 33, "cantidad_presupuestada": 1, "cantidad_utilizada": 0}}, {"model": "ordenes.repuestoordendetrabajo", "pk": 15, "fields": {"repuesto": 6, "orden": 37, "cantidad_presupuestada": 1, "cantidad_utilizada": 0}}, {"model": "ordenes.repuestoordendetrabajo", "pk": 16, "fields": {"repuesto": 5, "orden": 41, "cantidad_presupuestada": 1, "cantidad_utilizada": 0}}, {"model": "ordenes.repuestoordendetrabajo", "pk": 17, "fields": {"repuesto": 4, "orden": 42, "cantidad_presupuestada": 1, "cantidad_utilizada": 0}}, {"model": "ordenes.repuestoordendetrabajo", "pk": 18, "fields": {"repuesto": 5, "orden": 43, "cantidad_presupuestada": 1, "cantidad_utilizada": 0}}, {"model": "ordenes.repuestoordendetrabajo", "pk": 19, "fields": {"repuesto": 5, "orden": 44, "cantidad_presupuestada": 1, "cantidad_utilizada": 1}}, {"model": "ordenes.repuestoordendetrabajo", "pk": 20, "fields": {"repuesto": 4, "orden": 48, "cantidad_presupuestada": 1, "cantidad_utilizada": 0}}, {"model": "ordenes.repuestoordendetrabajo", "pk": 21, "fields": {"repuesto": 5, "orden": 49, "cantidad_presupuestada": 1, "cantidad_utilizada": 2}}, {"model": "ordenes.repuestoordendetrabajo", "pk": 22, "fields": {"repuesto": 5, "orden": 50, "cantidad_presupuestada": 1, "cantidad_utilizada": 0}}, {"model": "ordenes.repuestoordendetrabajo", "pk": 23, "fields": {"repuesto": 5, "orden": 52, "cantidad_presupuestada": 1, "cantidad_utilizada": 0}}, {"model": "ordenes.repuestoordendetrabajo", "pk": 24, "fields": {"repuesto": 6, "orden": 53, "cantidad_presupuestada": 1, "cantidad_utilizada": 0}}, {"model": "ordenes.repuestoordendetrabajo", "pk": 25, "fields": {"repuesto": 3, "orden": 44, "cantidad_presupuestada": 0, "cantidad_utilizada": 1}}, {"model": "ordenes.repuestoordendetrabajo", "pk": 26, "fields": {"repuesto": 4, "orden": 50, "cantidad_presupuestada": 0, "cantidad_utilizada": 1}}, {"model": "ordenes.repuestoordendetrabajo", "pk": 27, "fields": {"repuesto": 5, "orden": 53, "cantidad_presupuestada": 0, "cantidad_utilizada": 1}}, {"model": "ordenes.repuestoordendetrabajo", "pk": 28, "fields": {"repuesto": 3, "orden": 30, "cantidad_presupuestada": 0, "cantidad_utilizada": 1}}, {"model": "ordenes.repuestoordendetrabajo", "pk": 29, "fields": {"repuesto": 7, "orden": 55, "cantidad_presupuestada": 1, "cantidad_utilizada": 0}}, {"model": "ordenes.presupuesto", "pk": 1, "fields": {"cliente": 5, "vehiculo": 5, "detalles": "", "fecha": "2022-01-15T00:00:00Z", "validez": 60, "orden": 1, "ampliado": false, "confirmado": true, "tareas": [1]}}, {"model": "ordenes.presupuesto", "pk": 2, "fields": {"cliente": 2, "vehiculo": 2, "detalles": "", "fecha": "2022-01-21T00:00:00Z", "validez": 60, "orden": 2, "ampliado": false, "confirmado": true, "tareas": [1]}}, {"model": "ordenes.presupuesto", "pk": 3, "fields": {"cliente": 3, "vehiculo": 3, "detalles": "", "fecha": "2022-02-21T16:17:36.538Z", "validez": 60, "orden": null, "ampliado": false, "confirmado": false, "tareas": [4]}}, {"model": "ordenes.presupuesto", "pk": 4, "fields": {"cliente": 5, "vehiculo": 5, "detalles": "", "fecha": "2022-02-21T16:17:49.819Z", "validez": 60, "orden": null, "ampliado": false, "confirmado": false, "tareas": [5]}}, {"model": "ordenes.presupuesto", "pk": 5, "fields": {"cliente": 6, "vehiculo": 6, "detalles": "", "fecha": "2022-02-21T16:18:00.964Z", "validez": 60, "orden": null, "ampliado": false, "confirmado": false, "tareas": [4]}}, {"model": "ordenes.presupuesto", "pk": 6, "fields": {"cliente": 8, "vehiculo": 8, "detalles": "", "fecha": "2022-02-21T16:18:16.264Z", "validez": 60, "orden": null, "ampliado": false, "confirmado": false, "tareas": [5]}}, {"model": "ordenes.presupuesto", "pk": 7, "fields": {"cliente": 8, "vehiculo": 8, "detalles": "", "fecha": "2022-01-27T00:00:00Z", "validez": 60, "orden": 3, "ampliado": false, "confirmado": true, "tareas": [1]}}, {"model": "ordenes.presupuesto", "pk": 8, "fields": {"cliente": 9, "vehiculo": 9, "detalles": "", "fecha": "2022-02-03T00:00:00Z", "validez": 60, "orden": 4, "ampliado": false, "confirmado": true, "tareas": [4]}}, {"model": "ordenes.presupuesto", "pk": 9, "fields": {"cliente": 10, "vehiculo": 10, "detalles": "", "fecha": "2022-02-12T00:00:00Z", "validez": 60, "orden": 5, "ampliado": false, "confirmado": true, "tareas": [4]}}, {"model": "ordenes.presupuesto", "pk": 10, "fields": {"cliente": 12, "vehiculo": 12, "detalles": "", "fecha": "2022-02-17T00:00:00Z", "validez": 60, "orden": 6, "ampliado": false, "confirmado": true, "tareas": [7]}}, {"model": "ordenes.presupuesto", "pk": 11, "fields": {"cliente": 12, "vehiculo": 12, "detalles": "", "fecha": "2022-02-26T00:00:00Z", "validez": 60, "orden": 7, "ampliado": false, "confirmado": true, "tareas": [5]}}, {"model": "ordenes.presupuesto", "pk": 12, "fields": {"cliente": 15, "vehiculo": 15, "detalles": "", "fecha": "2022-03-04T00:00:00Z", "validez": 60, "orden": 8, "ampliado": false, "confirmado": true, "tareas": [1]}}, {"model": "ordenes.presupuesto", "pk": 13, "fields": {"cliente": 7, "vehiculo": 7, "detalles": "", "fecha": "2022-03-11T00:00:00Z", "validez": 60, "orden": 9, "ampliado": false, "confirmado": true, "tareas": [4]}}, {"model": "ordenes.presupuesto", "pk": 14, "fields": {"cliente": 48, "vehiculo": 48, "detalles": "", "fecha": "2022-03-19T00:00:00Z", "validez": 60, "orden": 10, "ampliado": false, "confirmado": true, "tareas": [7]}}, {"model": "ordenes.presupuesto", "pk": 15, "fields": {"cliente": 41, "vehiculo": 41, "detalles": "", "fecha": "2022-03-25T00:00:00Z", "validez": 60, "orden": 11, "ampliado": false, "confirmado": true, "tareas": [8]}}, {"model": "ordenes.presupuesto", "pk": 16, "fields": {"cliente": 47, "vehiculo": 47, "detalles": "", "fecha": "2022-04-02T00:00:00Z", "validez": 60, "orden": 12, "ampliado": false, "confirmado": true, "tareas": [5]}}, {"model": "ordenes.presupuesto", "pk": 17, "fields": {"cliente": 6, "vehiculo": 6, "detalles": "", "fecha": "2022-04-09T00:00:00Z", "validez": 60, "orden": 13, "ampliado": false, "confirmado": true, "tareas": [3]}}, {"model": "ordenes.presupuesto", "pk": 18, "fields": {"cliente": 9, "vehiculo": 9, "detalles": "", "fecha": "2022-04-15T00:00:00Z", "validez": 60, "orden": 14, "ampliado": false, "confirmado": true, "tareas": [3]}}, {"model": "ordenes.presupuesto", "pk": 19, "fields": {"cliente": 12, "vehiculo": 12, "detalles": "", "fecha": "2022-04-23T00:00:00Z", "validez": 60, "orden": 15, "ampliado": false, "confirmado": true, "tareas": [4]}}, {"model": "ordenes.presupuesto", "pk": 20, "fields": {"cliente": 57, "vehiculo": 57, "detalles": "", "fecha": "2022-04-22T00:00:00Z", "validez": 60, "orden": 16, "ampliado": false, "confirmado": true, "tareas": [4]}}, {"model": "ordenes.presupuesto", "pk": 21, "fields": {"cliente": 40, "vehiculo": 40, "detalles": "", "fecha": "2022-04-30T00:00:00Z", "validez": 60, "orden": 17, "ampliado": false, "confirmado": true, "tareas": [2]}}, {"model": "ordenes.presupuesto", "pk": 22, "fields": {"cliente": 76, "vehiculo": 76, "detalles": "", "fecha": "2022-05-07T00:00:00Z", "validez": 60, "orden": 18, "ampliado": false, "confirmado": true, "tareas": [5]}}, {"model": "ordenes.presupuesto", "pk": 23, "fields": {"cliente": 61, "vehiculo": 61, "detalles": "", "fecha": "2022-05-14T00:00:00Z", "validez": 60, "orden": 19, "ampliado": false, "confirmado": true, "tareas": [5]}}, {"model": "ordenes.presupuesto", "pk": 24, "fields": {"cliente": 94, "vehiculo": 94, "detalles": "", "fecha": "2022-05-21T00:00:00Z", "validez": 60, "orden": 20, "ampliado": false, "confirmado": true, "tareas": [3]}}, {"model": "ordenes.presupuesto", "pk": 25, "fields": {"cliente": 98, "vehiculo": 98, "detalles": "", "fecha": "2022-05-28T00:00:00Z", "validez": 60, "orden": 21, "ampliado": false, "confirmado": true, "tareas": [2]}}, {"model": "ordenes.presupuesto", "pk": 26, "fields": {"cliente": 100, "vehiculo": 100, "detalles": "", "fecha": "2022-06-03T00:00:00Z", "validez": 60, "orden": 22, "ampliado": false, "confirmado": true, "tareas": [4]}}, {"model": "ordenes.presupuesto", "pk": 27, "fields": {"cliente": 65, "vehiculo": 65, "detalles": "", "fecha": "2022-06-10T00:00:00Z", "validez": 60, "orden": 23, "ampliado": false, "confirmado": true, "tareas": [3]}}, {"model": "ordenes.presupuesto", "pk": 28, "fields": {"cliente": 57, "vehiculo": 57, "detalles": "", "fecha": "2022-06-18T00:00:00Z", "validez": 60, "orden": 24, "ampliado": false, "confirmado": true, "tareas": [7]}}, {"model": "ordenes.presupuesto", "pk": 29, "fields": {"cliente": 67, "vehiculo": 67, "detalles": "", "fecha": "2022-06-24T00:00:00Z", "validez": 60, "orden": 25, "ampliado": false, "confirmado": true, "tareas": [6]}}, {"model": "ordenes.presupuesto", "pk": 30, "fields": {"cliente": 95, "vehiculo": 95, "detalles": "", "fecha": "2022-06-25T00:00:00Z", "validez": 60, "orden": 26, "ampliado": false, "confirmado": true, "tareas": [7]}}, {"model": "ordenes.presupuesto", "pk": 31, "fields": {"cliente": 44, "vehiculo": 44, "detalles": "", "fecha": "2022-07-01T00:00:00Z", "validez": 60, "orden": 27, "ampliado": false, "confirmado": true, "tareas": [7]}}, {"model": "ordenes.presupuesto", "pk": 32, "fields": {"cliente": 77, "vehiculo": 77, "detalles": "", "fecha": "2022-07-09T00:00:00Z", "validez": 60, "orden": 28, "ampliado": false, "confirmado": true, "tareas": [5]}}, {"model": "ordenes.presupuesto", "pk": 33, "fields": {"cliente": 60, "vehiculo": 60, "detalles": "", "fecha": "2022-07-14T00:00:00Z", "validez": 60, "orden": 29, "ampliado": false, "confirmado": true, "tareas": [6]}}, {"model": "ordenes.presupuesto", "pk": 34, "fields": {"cliente": 59, "vehiculo": 59, "detalles": "", "fecha": "2022-07-21T00:00:00Z", "validez": 60, "orden": 30, "ampliado": false, "confirmado": true, "tareas": [4]}}, {"model": "ordenes.presupuesto", "pk": 35, "fields": {"cliente": 10, "vehiculo": 10, "detalles": "", "fecha": "2022-07-28T00:00:00Z", "validez": 60, "orden": 31, "ampliado": false, "confirmado": true, "tareas": [5]}}, {"model": "ordenes.presupuesto", "pk": 36, "fields": {"cliente": 2, "vehiculo": 2, "detalles": "", "fecha": "2022-08-05T00:00:00Z", "validez": 60, "orden": 32, "ampliado": false, "confirmado": true, "tareas": [8]}}, {"model": "ordenes.presupuesto", "pk": 37, "fields": {"cliente": 12, "vehiculo": 12, "detalles": "", "fecha": "2022-08-13T00:00:00Z", "validez": 60, "orden": 33, "ampliado": false, "confirmado": true, "tareas": [5]}}, {"model": "ordenes.presupuesto", "pk": 38, "fields": {"cliente": 64, "vehiculo": 64, "detalles": "", "fecha": "2022-08-20T00:00:00Z", "validez": 60, "orden": 34, "ampliado": false, "confirmado": true, "tareas": [4]}}, {"model": "ordenes.presupuesto", "pk": 39, "fields": {"cliente": 49, "vehiculo": 49, "detalles": "", "fecha": "2022-08-25T00:00:00Z", "validez": 60, "orden": 35, "ampliado": false, "confirmado": true, "tareas": [7]}}, {"model": "ordenes.presupuesto", "pk": 40, "fields": {"cliente": 10, "vehiculo": 10, "detalles": "", "fecha": "2022-09-02T00:00:00Z", "validez": 60, "orden": 36, "ampliado": false, "confirmado": true, "tareas": [4]}}, {"model": "ordenes.presupuesto", "pk": 41, "fields": {"cliente": 95, "vehiculo": 95, "detalles": "", "fecha": "2022-09-08T00:00:00Z", "validez": 60, "orden": 37, "ampliado": false, "confirmado": true, "tareas": [5]}}, {"model": "ordenes.presupuesto", "pk": 42, "fields": {"cliente": 2, "vehiculo": 2, "detalles": "", "fecha": "2022-09-17T00:00:00Z", "validez": 60, "orden": 38, "ampliado": false, "confirmado": true, "tareas": [3]}}, {"model": "ordenes.presupuesto", "pk": 43, "fields": {"cliente": 60, "vehiculo": 60, "detalles": "", "fecha": "2022-09-23T00:00:00Z", "validez": 60, "orden": 39, "ampliado": false, "confirmado": true, "tareas": [3]}}, {"model": "ordenes.presupuesto", "pk": 44, "fields": {"cliente": 14, "vehiculo": 14, "detalles": "", "fecha": "2022-09-22T00:00:00Z", "validez": 60, "orden": 40, "ampliado": false, "confirmado": true, "tareas": [8]}}, {"model": "ordenes.presupuesto", "pk": 45, "fields": {"cliente": 93, "vehiculo": 93, "detalles": "", "fecha": "2022-10-01T00:00:00Z", "validez": 60, "orden": 41, "ampliado": false, "confirmado": true, "tareas": [6]}}, {"model": "ordenes.presupuesto", "pk": 46, "fields": {"cliente": 10, "vehiculo": 10, "detalles": "", "fecha": "2022-10-07T00:00:00Z", "validez": 60, "orden": 42, "ampliado": false, "confirmado": true, "tareas": [6]}}, {"model": "ordenes.presupuesto", "pk": 47, "fields": {"cliente": 95, "vehiculo": 95, "detalles": "", "fecha": "2022-10-13T00:00:00Z", "validez": 60, "orden": 43, "ampliado": false, "confirmado": true, "tareas": [5]}}, {"model": "ordenes.presupuesto", "pk": 48, "fields": {"cliente": 59, "vehiculo": 59, "detalles": "", "fecha": "2022-10-22T00:00:00Z", "validez": 60, "orden": 44, "ampliado": false, "confirmado": true, "tareas": [5]}}, {"model": "ordenes.presupuesto", "pk": 49, "fields": {"cliente": 95, "vehiculo": 95, "detalles": "", "fecha": "2022-10-29T00:00:00Z", "validez": 60, "orden": 45, "ampliado": false, "confirmado": true, "tareas": [4]}}, {"model": "ordenes.presupuesto", "pk": 50, "fields": {"cliente": 96, "vehiculo": 96, "detalles": "", "fecha": "2022-10-27T00:00:00Z", "validez": 60, "orden": 46, "ampliado": false, "confirmado": true, "tareas": [4]}}, {"model": "ordenes.presupuesto", "pk": 51, "fields": {"cliente": 95, "vehiculo": 95, "detalles": "", "fecha": "2022-11-03T00:00:00Z", "validez": 60, "orden": 47, "ampliado": false, "confirmado": true, "tareas": [3]}}, {"model": "ordenes.presupuesto", "pk": 52, "fields": {"cliente": 13, "vehiculo": 13, "detalles": "", "fecha": "2022-11-12T00:00:00Z", "validez": 60, "orden": 48, "ampliado": false, "confirmado": true, "tareas": [6]}}, {"model": "ordenes.presupuesto", "pk": 53, "fields": {"cliente": 1, "vehiculo": 1, "detalles": "", "fecha": "2022-11-11T00:00:00Z", "validez": 60, "orden": 49, "ampliado": false, "confirmado": true, "tareas": [6]}}, {"model": "ordenes.presupuesto", "pk": 54, "fields": {"cliente": 10, "vehiculo": 10, "detalles": "", "fecha": "2022-11-17T00:00:00Z", "validez": 60, "orden": 50, "ampliado": false, "confirmado": true, "tareas": [6]}}, {"model": "ordenes.presupuesto", "pk": 55, "fields": {"cliente": 3, "vehiculo": 3, "detalles": "", "fecha": "2022-02-21T16:38:16Z", "validez": 60, "orden": 51, "ampliado": false, "confirmado": true, "tareas": [3]}}, {"model": "ordenes.presupuesto", "pk": 56, "fields": {"cliente": 57, "vehiculo": 57, "detalles": "", "fecha": "2022-02-21T16:38:29.570Z", "validez": 60, "orden": 52, "ampliado": false, "confirmado": true, "tareas": [5]}}, {"model": "ordenes.presupuesto", "pk": 57, "fields": {"cliente": 96, "vehiculo": 96, "detalles": "", "fecha": "2022-02-21T16:38:41.484Z", "validez": 60, "orden": 53, "ampliado": false, "confirmado": true, "tareas": [5]}}, {"model": "ordenes.presupuesto", "pk": 58, "fields": {"cliente": 96, "vehiculo": 96, "detalles": "", "fecha": "2022-02-21T16:38:53.724Z", "validez": 60, "orden": 54, "ampliado": false, "confirmado": true, "tareas": [4]}}, {"model": "ordenes.presupuesto", "pk": 59, "fields": {"cliente": 4, "vehiculo": 4, "detalles": "", "fecha": "2023-02-24T15:08:56.256Z", "validez": 60, "orden": 55, "ampliado": false, "confirmado": true, "tareas": [2, 4, 6, 8]}}, {"model": "ordenes.presupuestomaterial", "pk": 1, "fields": {"material": 3, "presupuesto": 1, "cantidad": 1}}, {"model": "ordenes.presupuestomaterial", "pk": 2, "fields": {"material": 2, "presupuesto": 2, "cantidad": 1}}, {"model": "ordenes.presupuestomaterial", "pk": 3, "fields": {"material": 4, "presupuesto": 3, "cantidad": 1}}, {"model": "ordenes.presupuestomaterial", "pk": 4, "fields": {"material": 4, "presupuesto": 5, "cantidad": 1}}, {"model": "ordenes.presupuestomaterial", "pk": 5, "fields": {"material": 4, "presupuesto": 7, "cantidad": 1}}, {"model": "ordenes.presupuestomaterial", "pk": 6, "fields": {"material": 4, "presupuesto": 8, "cantidad": 1}}, {"model": "ordenes.presupuestomaterial", "pk": 7, "fields": {"material": 4, "presupuesto": 9, "cantidad": 1}}, {"model": "ordenes.presupuestomaterial", "pk": 8, "fields": {"material": 5, "presupuesto": 10, "cantidad": 1}}, {"model": "ordenes.presupuestomaterial", "pk": 9, "fields": {"material": 2, "presupuesto": 12, "cantidad": 1}}, {"model": "ordenes.presupuestomaterial", "pk": 10, "fields": {"material": 4, "presupuesto": 13, "cantidad": 1}}, {"model": "ordenes.presupuestomaterial", "pk": 11, "fields": {"material": 4, "presupuesto": 14, "cantidad": 1}}, {"model": "ordenes.presupuestomaterial", "pk": 12, "fields": {"material": 3, "presupuesto": 15, "cantidad": 1}}, {"model": "ordenes.presupuestomaterial", "pk": 13, "fields": {"material": 4, "presupuesto": 19, "cantidad": 1}}, {"model": "ordenes.presupuestomaterial", "pk": 14, "fields": {"material": 3, "presupuesto": 20, "cantidad": 1}}, {"model": "ordenes.presupuestomaterial", "pk": 15, "fields": {"material": 5, "presupuesto": 20, "cantidad": 1}}, {"model": "ordenes.presupuestomaterial", "pk": 16, "fields": {"material": 3, "presupuesto": 26, "cantidad": 1}}, {"model": "ordenes.presupuestomaterial", "pk": 17, "fields": {"material": 3, "presupuesto": 28, "cantidad": 1}}, {"model": "ordenes.presupuestomaterial", "pk": 18, "fields": {"material": 2, "presupuesto": 30, "cantidad": 1}}, {"model": "ordenes.presupuestomaterial", "pk": 19, "fields": {"material": 3, "presupuesto": 31, "cantidad": 1}}, {"model": "ordenes.presupuestomaterial", "pk": 20, "fields": {"material": 3, "presupuesto": 34, "cantidad": 1}}, {"model": "ordenes.presupuestomaterial", "pk": 21, "fields": {"material": 3, "presupuesto": 36, "cantidad": 1}}, {"model": "ordenes.presupuestomaterial", "pk": 22, "fields": {"material": 4, "presupuesto": 38, "cantidad": 1}}, {"model": "ordenes.presupuestomaterial", "pk": 23, "fields": {"material": 5, "presupuesto": 39, "cantidad": 1}}, {"model": "ordenes.presupuestomaterial", "pk": 24, "fields": {"material": 4, "presupuesto": 40, "cantidad": 1}}, {"model": "ordenes.presupuestomaterial", "pk": 25, "fields": {"material": 3, "presupuesto": 44, "cantidad": 1}}, {"model": "ordenes.presupuestomaterial", "pk": 26, "fields": {"material": 1, "presupuesto": 49, "cantidad": 1}}, {"model": "ordenes.presupuestomaterial", "pk": 27, "fields": {"material": 3, "presupuesto": 50, "cantidad": 1}}, {"model": "ordenes.presupuestomaterial", "pk": 28, "fields": {"material": 1, "presupuesto": 58, "cantidad": 1}}, {"model": "ordenes.presupuestomaterial", "pk": 29, "fields": {"material": 2, "presupuesto": 59, "cantidad": 1}}, {"model": "ordenes.presupuestorepuesto", "pk": 1, "fields": {"repuesto": 1, "presupuesto": 1, "cantidad": 1}}, {"model": "ordenes.presupuestorepuesto", "pk": 2, "fields": {"repuesto": 5, "presupuesto": 2, "cantidad": 1}}, {"model": "ordenes.presupuestorepuesto", "pk": 3, "fields": {"repuesto": 5, "presupuesto": 4, "cantidad": 1}}, {"model": "ordenes.presupuestorepuesto", "pk": 4, "fields": {"repuesto": 6, "presupuesto": 6, "cantidad": 1}}, {"model": "ordenes.presupuestorepuesto", "pk": 5, "fields": {"repuesto": 4, "presupuesto": 7, "cantidad": 1}}, {"model": "ordenes.presupuestorepuesto", "pk": 6, "fields": {"repuesto": 5, "presupuesto": 11, "cantidad": 1}}, {"model": "ordenes.presupuestorepuesto", "pk": 7, "fields": {"repuesto": 5, "presupuesto": 12, "cantidad": 1}}, {"model": "ordenes.presupuestorepuesto", "pk": 8, "fields": {"repuesto": 7, "presupuesto": 16, "cantidad": 1}}, {"model": "ordenes.presupuestorepuesto", "pk": 9, "fields": {"repuesto": 6, "presupuesto": 22, "cantidad": 1}}, {"model": "ordenes.presupuestorepuesto", "pk": 10, "fields": {"repuesto": 6, "presupuesto": 23, "cantidad": 1}}, {"model": "ordenes.presupuestorepuesto", "pk": 11, "fields": {"repuesto": 4, "presupuesto": 29, "cantidad": 1}}, {"model": "ordenes.presupuestorepuesto", "pk": 12, "fields": {"repuesto": 3, "presupuesto": 32, "cantidad": 1}}, {"model": "ordenes.presupuestorepuesto", "pk": 13, "fields": {"repuesto": 6, "presupuesto": 33, "cantidad": 1}}, {"model": "ordenes.presupuestorepuesto", "pk": 14, "fields": {"repuesto": 5, "presupuesto": 35, "cantidad": 1}}, {"model": "ordenes.presupuestorepuesto", "pk": 15, "fields": {"repuesto": 4, "presupuesto": 37, "cantidad": 1}}, {"model": "ordenes.presupuestorepuesto", "pk": 16, "fields": {"repuesto": 6, "presupuesto": 41, "cantidad": 1}}, {"model": "ordenes.presupuestorepuesto", "pk": 17, "fields": {"repuesto": 5, "presupuesto": 45, "cantidad": 1}}, {"model": "ordenes.presupuestorepuesto", "pk": 18, "fields": {"repuesto": 4, "presupuesto": 46, "cantidad": 1}}, {"model": "ordenes.presupuestorepuesto", "pk": 19, "fields": {"repuesto": 5, "presupuesto": 47, "cantidad": 1}}, {"model": "ordenes.presupuestorepuesto", "pk": 20, "fields": {"repuesto": 5, "presupuesto": 48, "cantidad": 1}}, {"model": "ordenes.presupuestorepuesto", "pk": 21, "fields": {"repuesto": 4, "presupuesto": 52, "cantidad": 1}}, {"model": "ordenes.presupuestorepuesto", "pk": 22, "fields": {"repuesto": 5, "presupuesto": 53, "cantidad": 1}}, {"model": "ordenes.presupuestorepuesto", "pk": 23, "fields": {"repuesto": 5, "presupuesto": 54, "cantidad": 1}}, {"model": "ordenes.presupuestorepuesto", "pk": 24, "fields": {"repuesto": 5, "presupuesto": 56, "cantidad": 1}}, {"model": "ordenes.presupuestorepuesto", "pk": 25, "fields": {"repuesto": 6, "presupuesto": 57, "cantidad": 1}}, {"model": "ordenes.presupuestorepuesto", "pk": 26, "fields": {"repuesto": 7, "presupuesto": 59, "cantidad": 1}}, {"model": "ordenes.planilladepintura", "pk": 1, "fields": {"orden": 13, "fecha": "2022-04-10T16:24:44.711Z", "nombre_de_color": "a"}}, {"model": "ordenes.planilladepintura", "pk": 2, "fields": {"orden": 14, "fecha": "2022-04-19T16:41:39.094Z", "nombre_de_color": "a"}}, {"model": "ordenes.planilladepintura", "pk": 3, "fields": {"orden": 17, "fecha": "2022-05-01T16:43:00.644Z", "nombre_de_color": "a"}}, {"model": "ordenes.planilladepintura", "pk": 4, "fields": {"orden": 20, "fecha": "2022-05-22T16:43:22.726Z", "nombre_de_color": "a"}}, {"model": "ordenes.planilladepintura", "pk": 5, "fields": {"orden": 21, "fecha": "2022-05-30T16:43:30.521Z", "nombre_de_color": "a"}}, {"model": "ordenes.planilladepintura", "pk": 6, "fields": {"orden": 23, "fecha": "2022-06-12T16:43:46.361Z", "nombre_de_color": "a"}}, {"model": "ordenes.planilladepintura", "pk": 7, "fields": {"orden": 38, "fecha": "2022-09-19T16:45:30.483Z", "nombre_de_color": "a"}}, {"model": "ordenes.planilladepintura", "pk": 8, "fields": {"orden": 39, "fecha": "2022-09-26T16:45:39.201Z", "nombre_de_color": "asd"}}, {"model": "ordenes.planilladepintura", "pk": 9, "fields": {"orden": 47, "fecha": "2022-11-06T16:46:45.284Z", "nombre_de_color": "a"}}, {"model": "ordenes.planilladepintura", "pk": 10, "fields": {"orden": 51, "fecha": "2022-11-28T16:47:13.184Z", "nombre_de_color": "a"}}, {"model": "ordenes.detalleplanilladepintura", "pk": 1, "fields": {"planilla": 1, "formula": "a", "cantidad": 1}}, {"model": "ordenes.detalleplanilladepintura", "pk": 2, "fields": {"planilla": 2, "formula": "a", "cantidad": 1}}, {"model": "ordenes.detalleplanilladepintura", "pk": 3, "fields": {"planilla": 3, "formula": "a", "cantidad": 1}}, {"model": "ordenes.detalleplanilladepintura", "pk": 4, "fields": {"planilla": 4, "formula": "a", "cantidad": 123}}, {"model": "ordenes.detalleplanilladepintura", "pk": 5, "fields": {"planilla": 5, "formula": "a", "cantidad": 55}}, {"model": "ordenes.detalleplanilladepintura", "pk": 6, "fields": {"planilla": 6, "formula": "a", "cantidad": 44}}, {"model": "ordenes.detalleplanilladepintura", "pk": 7, "fields": {"planilla": 7, "formula": "a", "cantidad": 123}}, {"model": "ordenes.detalleplanilladepintura", "pk": 8, "fields": {"planilla": 8, "formula": "ad", "cantidad": 10}}, {"model": "ordenes.detalleplanilladepintura", "pk": 9, "fields": {"planilla": 9, "formula": "a", "cantidad": 67}}, {"model": "ordenes.detalleplanilladepintura", "pk": 10, "fields": {"planilla": 10, "formula": "a", "cantidad": 111}}, {"model": "facturas.factura", "pk": 1, "fields": {"orden": 1, "fecha": "2022-01-21", "estado": 3, "cuotas": 1}}, {"model": "facturas.factura", "pk": 2, "fields": {"orden": 13, "fecha": "2022-01-30", "estado": 3, "cuotas": 1}}, {"model": "facturas.factura", "pk": 3, "fields": {"orden": 12, "fecha": "2022-02-08", "estado": 3, "cuotas": 1}}, {"model": "facturas.factura", "pk": 4, "fields": {"orden": 11, "fecha": "2022-02-09", "estado": 3, "cuotas": 1}}, {"model": "facturas.factura", "pk": 5, "fields": {"orden": 10, "fecha": "2022-02-21", "estado": 3, "cuotas": 1}}, {"model": "facturas.factura", "pk": 6, "fields": {"orden": 9, "fecha": "2022-02-28", "estado": 3, "cuotas": 1}}, {"model": "facturas.factura", "pk": 7, "fields": {"orden": 8, "fecha": "2022-03-04", "estado": 3, "cuotas": 1}}, {"model": "facturas.factura", "pk": 8, "fields": {"orden": 7, "fecha": "2022-03-14", "estado": 3, "cuotas": 1}}, {"model": "facturas.factura", "pk": 9, "fields": {"orden": 6, "fecha": "2022-03-18", "estado": 3, "cuotas": 1}}, {"model": "facturas.factura", "pk": 10, "fields": {"orden": 5, "fecha": "2022-03-25", "estado": 3, "cuotas": 1}}, {"model": "facturas.factura", "pk": 11, "fields": {"orden": 4, "fecha": "2022-04-04", "estado": 3, "cuotas": 1}}, {"model": "facturas.factura", "pk": 12, "fields": {"orden": 3, "fecha": "2022-04-08", "estado": 3, "cuotas": 1}}, {"model": "facturas.factura", "pk": 13, "fields": {"orden": 2, "fecha": "2022-04-13", "estado": 3, "cuotas": 1}}, {"model": "facturas.factura", "pk": 14, "fields": {"orden": 14, "fecha": "2022-04-25", "estado": 3, "cuotas": 1}}, {"model": "facturas.factura", "pk": 15, "fields": {"orden": 15, "fecha": "2022-04-29", "estado": 3, "cuotas": 1}}, {"model": "facturas.factura", "pk": 16, "fields": {"orden": 16, "fecha": "2022-04-28", "estado": 3, "cuotas": 1}}, {"model": "facturas.factura", "pk": 17, "fields": {"orden": 17, "fecha": "2022-05-10", "estado": 3, "cuotas": 1}}, {"model": "facturas.factura", "pk": 18, "fields": {"orden": 18, "fecha": "2022-05-12", "estado": 3, "cuotas": 1}}, {"model": "facturas.factura", "pk": 19, "fields": {"orden": 19, "fecha": "2022-05-21", "estado": 3, "cuotas": 1}}, {"model": "facturas.factura", "pk": 20, "fields": {"orden": 20, "fecha": "2022-05-26", "estado": 3, "cuotas": 1}}, {"model": "facturas.factura", "pk": 21, "fields": {"orden": 21, "fecha": "2022-06-03", "estado": 3, "cuotas": 1}}, {"model": "facturas.factura", "pk": 22, "fields": {"orden": 22, "fecha": "2022-06-09", "estado": 3, "cuotas": 1}}, {"model": "facturas.factura", "pk": 23, "fields": {"orden": 23, "fecha": "2022-06-18", "estado": 3, "cuotas": 1}}, {"model": "facturas.factura", "pk": 24, "fields": {"orden": 24, "fecha": "2022-06-27", "estado": 3, "cuotas": 1}}, {"model": "facturas.factura", "pk": 25, "fields": {"orden": 25, "fecha": "2022-07-02", "estado": 3, "cuotas": 1}}, {"model": "facturas.factura", "pk": 26, "fields": {"orden": 26, "fecha": "2022-07-01", "estado": 3, "cuotas": 1}}, {"model": "facturas.factura", "pk": 27, "fields": {"orden": 27, "fecha": "2022-07-12", "estado": 3, "cuotas": 1}}, {"model": "facturas.factura", "pk": 28, "fields": {"orden": 28, "fecha": "2022-07-14", "estado": 3, "cuotas": 1}}, {"model": "facturas.factura", "pk": 29, "fields": {"orden": 29, "fecha": "2022-07-21", "estado": 3, "cuotas": 1}}, {"model": "facturas.factura", "pk": 30, "fields": {"orden": 30, "fecha": "2022-07-30", "estado": 3, "cuotas": 1}}, {"model": "facturas.factura", "pk": 31, "fields": {"orden": 31, "fecha": "2022-08-05", "estado": 3, "cuotas": 1}}, {"model": "facturas.factura", "pk": 32, "fields": {"orden": 32, "fecha": "2022-08-15", "estado": 3, "cuotas": 1}}, {"model": "facturas.factura", "pk": 33, "fields": {"orden": 33, "fecha": "2022-08-21", "estado": 3, "cuotas": 1}}, {"model": "facturas.factura", "pk": 34, "fields": {"orden": 34, "fecha": "2022-08-29", "estado": 3, "cuotas": 1}}, {"model": "facturas.factura", "pk": 35, "fields": {"orden": 35, "fecha": "2022-09-03", "estado": 3, "cuotas": 1}}, {"model": "facturas.factura", "pk": 36, "fields": {"orden": 36, "fecha": "2022-09-09", "estado": 3, "cuotas": 1}}, {"model": "facturas.factura", "pk": 37, "fields": {"orden": 37, "fecha": "2022-09-15", "estado": 3, "cuotas": 1}}, {"model": "facturas.factura", "pk": 38, "fields": {"orden": 38, "fecha": "2022-09-24", "estado": 3, "cuotas": 1}}, {"model": "facturas.factura", "pk": 39, "fields": {"orden": 39, "fecha": "2022-10-02", "estado": 3, "cuotas": 1}}, {"model": "facturas.factura", "pk": 40, "fields": {"orden": 40, "fecha": "2022-09-28", "estado": 3, "cuotas": 1}}, {"model": "facturas.factura", "pk": 41, "fields": {"orden": 41, "fecha": "2022-10-06", "estado": 3, "cuotas": 1}}, {"model": "facturas.factura", "pk": 42, "fields": {"orden": 42, "fecha": "2022-10-15", "estado": 3, "cuotas": 1}}, {"model": "facturas.factura", "pk": 43, "fields": {"orden": 43, "fecha": "2022-10-23", "estado": 3, "cuotas": 1}}, {"model": "facturas.factura", "pk": 44, "fields": {"orden": 44, "fecha": "2022-10-28", "estado": 3, "cuotas": 1}}, {"model": "facturas.factura", "pk": 45, "fields": {"orden": 45, "fecha": "2022-11-04", "estado": 3, "cuotas": 1}}, {"model": "facturas.factura", "pk": 46, "fields": {"orden": 46, "fecha": "2022-11-06", "estado": 3, "cuotas": 1}}, {"model": "facturas.factura", "pk": 47, "fields": {"orden": 47, "fecha": "2022-11-16", "estado": 3, "cuotas": 1}}, {"model": "facturas.factura", "pk": 48, "fields": {"orden": 48, "fecha": "2022-11-20", "estado": 3, "cuotas": 1}}, {"model": "facturas.factura", "pk": 49, "fields": {"orden": 49, "fecha": "2022-11-16", "estado": 3, "cuotas": 1}}, {"model": "facturas.factura", "pk": 50, "fields": {"orden": 50, "fecha": "2022-11-28", "estado": 3, "cuotas": 1}}, {"model": "facturas.factura", "pk": 51, "fields": {"orden": 51, "fecha": "2022-12-05", "estado": 3, "cuotas": 1}}, {"model": "facturas.factura", "pk": 52, "fields": {"orden": 53, "fecha": "2022-12-11", "estado": 3, "cuotas": 1}}, {"model": "facturas.factura", "pk": 53, "fields": {"orden": 54, "fecha": "2022-12-19", "estado": 3, "cuotas": 1}}, {"model": "facturas.factura", "pk": 54, "fields": {"orden": 52, "fecha": "2022-12-23", "estado": 3, "cuotas": 1}}, {"model": "facturas.detallefactura", "pk": 1, "fields": {"factura": 1, "descripcion": "MaterialOrdenDeTrabajo object (1)", "precio": "0.00"}}, {"model": "facturas.detallefactura", "pk": 2, "fields": {"factura": 1, "descripcion": "MaterialOrdenDeTrabajo object (2)", "precio": "1700.00"}}, {"model": "facturas.detallefactura", "pk": 3, "fields": {"factura": 1, "descripcion": "RepuestoOrdenDeTrabajo object (1)", "precio": "1957.00"}}, {"model": "facturas.detallefactura", "pk": 4, "fields": {"factura": 1, "descripcion": "DetalleOrdenDeTrabajo object (1)", "precio": "1385.00"}}, {"model": "facturas.detallefactura", "pk": 5, "fields": {"factura": 2, "descripcion": "DetalleOrdenDeTrabajo object (13)", "precio": "2738.00"}}, {"model": "facturas.detallefactura", "pk": 6, "fields": {"factura": 3, "descripcion": "MaterialOrdenDeTrabajo object (22)", "precio": "510.00"}}, {"model": "facturas.detallefactura", "pk": 7, "fields": {"factura": 3, "descripcion": "RepuestoOrdenDeTrabajo object (6)", "precio": "0.00"}}, {"model": "facturas.detallefactura", "pk": 8, "fields": {"factura": 3, "descripcion": "DetalleOrdenDeTrabajo object (12)", "precio": "1469.00"}}, {"model": "facturas.detallefactura", "pk": 9, "fields": {"factura": 4, "descripcion": "MaterialOrdenDeTrabajo object (11)", "precio": "0.00"}}, {"model": "facturas.detallefactura", "pk": 10, "fields": {"factura": 4, "descripcion": "MaterialOrdenDeTrabajo object (21)", "precio": "4675.00"}}, {"model": "facturas.detallefactura", "pk": 11, "fields": {"factura": 4, "descripcion": "DetalleOrdenDeTrabajo object (11)", "precio": "5000.00"}}, {"model": "facturas.detallefactura", "pk": 12, "fields": {"factura": 5, "descripcion": "MaterialOrdenDeTrabajo object (10)", "precio": "0.00"}}, {"model": "facturas.detallefactura", "pk": 13, "fields": {"factura": 5, "descripcion": "MaterialOrdenDeTrabajo object (20)", "precio": "2915.00"}}, {"model": "facturas.detallefactura", "pk": 14, "fields": {"factura": 5, "descripcion": "DetalleOrdenDeTrabajo object (10)", "precio": "2000.00"}}, {"model": "facturas.detallefactura", "pk": 15, "fields": {"factura": 6, "descripcion": "MaterialOrdenDeTrabajo object (9)", "precio": "1020.00"}}, {"model": "facturas.detallefactura", "pk": 16, "fields": {"factura": 6, "descripcion": "DetalleOrdenDeTrabajo object (9)", "precio": "1259.00"}}, {"model": "facturas.detallefactura", "pk": 17, "fields": {"factura": 7, "descripcion": "MaterialOrdenDeTrabajo object (8)", "precio": "0.00"}}, {"model": "facturas.detallefactura", "pk": 18, "fields": {"factura": 7, "descripcion": "MaterialOrdenDeTrabajo object (19)", "precio": "6545.00"}}, {"model": "facturas.detallefactura", "pk": 19, "fields": {"factura": 7, "descripcion": "RepuestoOrdenDeTrabajo object (5)", "precio": "0.00"}}, {"model": "facturas.detallefactura", "pk": 20, "fields": {"factura": 7, "descripcion": "DetalleOrdenDeTrabajo object (8)", "precio": "1385.00"}}, {"model": "facturas.detallefactura", "pk": 21, "fields": {"factura": 8, "descripcion": "MaterialOrdenDeTrabajo object (18)", "precio": "589.00"}}, {"model": "facturas.detallefactura", "pk": 22, "fields": {"factura": 8, "descripcion": "RepuestoOrdenDeTrabajo object (4)", "precio": "0.00"}}, {"model": "facturas.detallefactura", "pk": 23, "fields": {"factura": 8, "descripcion": "DetalleOrdenDeTrabajo object (7)", "precio": "1469.00"}}, {"model": "facturas.detallefactura", "pk": 24, "fields": {"factura": 9, "descripcion": "MaterialOrdenDeTrabajo object (7)", "precio": "0.00"}}, {"model": "facturas.detallefactura", "pk": 25, "fields": {"factura": 9, "descripcion": "MaterialOrdenDeTrabajo object (17)", "precio": "5695.00"}}, {"model": "facturas.detallefactura", "pk": 26, "fields": {"factura": 9, "descripcion": "DetalleOrdenDeTrabajo object (6)", "precio": "2000.00"}}, {"model": "facturas.detallefactura", "pk": 27, "fields": {"factura": 10, "descripcion": "MaterialOrdenDeTrabajo object (6)", "precio": "425.00"}}, {"model": "facturas.detallefactura", "pk": 28, "fields": {"factura": 10, "descripcion": "DetalleOrdenDeTrabajo object (5)", "precio": "1259.00"}}, {"model": "facturas.detallefactura", "pk": 29, "fields": {"factura": 11, "descripcion": "MaterialOrdenDeTrabajo object (5)", "precio": "1190.00"}}, {"model": "facturas.detallefactura", "pk": 30, "fields": {"factura": 11, "descripcion": "MaterialOrdenDeTrabajo object (14)", "precio": "11024.00"}}, {"model": "facturas.detallefactura", "pk": 31, "fields": {"factura": 11, "descripcion": "MaterialOrdenDeTrabajo object (15)", "precio": "1328.00"}}, {"model": "facturas.detallefactura", "pk": 32, "fields": {"factura": 11, "descripcion": "MaterialOrdenDeTrabajo object (16)", "precio": "31.00"}}, {"model": "facturas.detallefactura", "pk": 33, "fields": {"factura": 11, "descripcion": "DetalleOrdenDeTrabajo object (4)", "precio": "1259.00"}}, {"model": "facturas.detallefactura", "pk": 34, "fields": {"factura": 12, "descripcion": "MaterialOrdenDeTrabajo object (4)", "precio": "0.00"}}, {"model": "facturas.detallefactura", "pk": 35, "fields": {"factura": 12, "descripcion": "MaterialOrdenDeTrabajo object (13)", "precio": "1190.00"}}, {"model": "facturas.detallefactura", "pk": 36, "fields": {"factura": 12, "descripcion": "RepuestoOrdenDeTrabajo object (3)", "precio": "1478.00"}}, {"model": "facturas.detallefactura", "pk": 37, "fields": {"factura": 12, "descripcion": "DetalleOrdenDeTrabajo object (3)", "precio": "1385.00"}}, {"model": "facturas.detallefactura", "pk": 38, "fields": {"factura": 13, "descripcion": "MaterialOrdenDeTrabajo object (3)", "precio": "0.00"}}, {"model": "facturas.detallefactura", "pk": 39, "fields": {"factura": 13, "descripcion": "MaterialOrdenDeTrabajo object (12)", "precio": "1020.00"}}, {"model": "facturas.detallefactura", "pk": 40, "fields": {"factura": 13, "descripcion": "RepuestoOrdenDeTrabajo object (2)", "precio": "0.00"}}, {"model": "facturas.detallefactura", "pk": 41, "fields": {"factura": 13, "descripcion": "RepuestoOrdenDeTrabajo object (7)", "precio": "3594.00"}}, {"model": "facturas.detallefactura", "pk": 42, "fields": {"factura": 13, "descripcion": "DetalleOrdenDeTrabajo object (2)", "precio": "1385.00"}}, {"model": "facturas.detallefactura", "pk": 43, "fields": {"factura": 14, "descripcion": "DetalleOrdenDeTrabajo object (14)", "precio": "2738.00"}}, {"model": "facturas.detallefactura", "pk": 44, "fields": {"factura": 15, "descripcion": "MaterialOrdenDeTrabajo object (23)", "precio": "0.00"}}, {"model": "facturas.detallefactura", "pk": 45, "fields": {"factura": 15, "descripcion": "MaterialOrdenDeTrabajo object (39)", "precio": "996.00"}}, {"model": "facturas.detallefactura", "pk": 46, "fields": {"factura": 15, "descripcion": "DetalleOrdenDeTrabajo object (15)", "precio": "1259.00"}}, {"model": "facturas.detallefactura", "pk": 47, "fields": {"factura": 16, "descripcion": "MaterialOrdenDeTrabajo object (24)", "precio": "265.00"}}, {"model": "facturas.detallefactura", "pk": 48, "fields": {"factura": 16, "descripcion": "MaterialOrdenDeTrabajo object (25)", "precio": "0.00"}}, {"model": "facturas.detallefactura", "pk": 49, "fields": {"factura": 16, "descripcion": "DetalleOrdenDeTrabajo object (16)", "precio": "1259.00"}}, {"model": "facturas.detallefactura", "pk": 50, "fields": {"factura": 17, "descripcion": "DetalleOrdenDeTrabajo object (17)", "precio": "2649.00"}}, {"model": "facturas.detallefactura", "pk": 51, "fields": {"factura": 18, "descripcion": "MaterialOrdenDeTrabajo object (40)", "precio": "10455.00"}}, {"model": "facturas.detallefactura", "pk": 52, "fields": {"factura": 18, "descripcion": "RepuestoOrdenDeTrabajo object (8)", "precio": "0.00"}}, {"model": "facturas.detallefactura", "pk": 53, "fields": {"factura": 18, "descripcion": "DetalleOrdenDeTrabajo object (18)", "precio": "1469.00"}}, {"model": "facturas.detallefactura", "pk": 54, "fields": {"factura": 19, "descripcion": "RepuestoOrdenDeTrabajo object (9)", "precio": "0.00"}}, {"model": "facturas.detallefactura", "pk": 55, "fields": {"factura": 19, "descripcion": "DetalleOrdenDeTrabajo object (19)", "precio": "1469.00"}}, {"model": "facturas.detallefactura", "pk": 56, "fields": {"factura": 20, "descripcion": "DetalleOrdenDeTrabajo object (20)", "precio": "2738.00"}}, {"model": "facturas.detallefactura", "pk": 57, "fields": {"factura": 21, "descripcion": "DetalleOrdenDeTrabajo object (21)", "precio": "2649.00"}}, {"model": "facturas.detallefactura", "pk": 58, "fields": {"factura": 22, "descripcion": "MaterialOrdenDeTrabajo object (26)", "precio": "3922.00"}}, {"model": "facturas.detallefactura", "pk": 59, "fields": {"factura": 22, "descripcion": "DetalleOrdenDeTrabajo object (22)", "precio": "1259.00"}}, {"model": "facturas.detallefactura", "pk": 60, "fields": {"factura": 23, "descripcion": "DetalleOrdenDeTrabajo object (23)", "precio": "2738.00"}}, {"model": "facturas.detallefactura", "pk": 61, "fields": {"factura": 24, "descripcion": "MaterialOrdenDeTrabajo object (27)", "precio": "636.00"}}, {"model": "facturas.detallefactura", "pk": 62, "fields": {"factura": 24, "descripcion": "DetalleOrdenDeTrabajo object (24)", "precio": "2000.00"}}, {"model": "facturas.detallefactura", "pk": 63, "fields": {"factura": 25, "descripcion": "MaterialOrdenDeTrabajo object (41)", "precio": "1736.00"}}, {"model": "facturas.detallefactura", "pk": 64, "fields": {"factura": 25, "descripcion": "RepuestoOrdenDeTrabajo object (10)", "precio": "0.00"}}, {"model": "facturas.detallefactura", "pk": 65, "fields": {"factura": 25, "descripcion": "DetalleOrdenDeTrabajo object (25)", "precio": "4688.00"}}, {"model": "facturas.detallefactura", "pk": 66, "fields": {"factura": 26, "descripcion": "MaterialOrdenDeTrabajo object (28)", "precio": "0.00"}}, {"model": "facturas.detallefactura", "pk": 67, "fields": {"factura": 26, "descripcion": "MaterialOrdenDeTrabajo object (42)", "precio": "7055.00"}}, {"model": "facturas.detallefactura", "pk": 68, "fields": {"factura": 26, "descripcion": "DetalleOrdenDeTrabajo object (26)", "precio": "2000.00"}}, {"model": "facturas.detallefactura", "pk": 69, "fields": {"factura": 27, "descripcion": "MaterialOrdenDeTrabajo object (29)", "precio": "0.00"}}, {"model": "facturas.detallefactura", "pk": 70, "fields": {"factura": 27, "descripcion": "MaterialOrdenDeTrabajo object (43)", "precio": "4814.00"}}, {"model": "facturas.detallefactura", "pk": 71, "fields": {"factura": 27, "descripcion": "DetalleOrdenDeTrabajo object (27)", "precio": "2000.00"}}, {"model": "facturas.detallefactura", "pk": 72, "fields": {"factura": 28, "descripcion": "MaterialOrdenDeTrabajo object (44)", "precio": "2968.00"}}, {"model": "facturas.detallefactura", "pk": 73, "fields": {"factura": 28, "descripcion": "RepuestoOrdenDeTrabajo object (11)", "precio": "0.00"}}, {"model": "facturas.detallefactura", "pk": 74, "fields": {"factura": 28, "descripcion": "DetalleOrdenDeTrabajo object (28)", "precio": "1469.00"}}, {"model": "facturas.detallefactura", "pk": 75, "fields": {"factura": 29, "descripcion": "MaterialOrdenDeTrabajo object (45)", "precio": "53.00"}}, {"model": "facturas.detallefactura", "pk": 76, "fields": {"factura": 29, "descripcion": "RepuestoOrdenDeTrabajo object (12)", "precio": "0.00"}}, {"model": "facturas.detallefactura", "pk": 77, "fields": {"factura": 29, "descripcion": "DetalleOrdenDeTrabajo object (29)", "precio": "4688.00"}}, {"model": "facturas.detallefactura", "pk": 78, "fields": {"factura": 30, "descripcion": "MaterialOrdenDeTrabajo object (30)", "precio": "2968.00"}}, {"model": "facturas.detallefactura", "pk": 79, "fields": {"factura": 30, "descripcion": "RepuestoOrdenDeTrabajo object (28)", "precio": "4386.00"}}, {"model": "facturas.detallefactura", "pk": 80, "fields": {"factura": 30, "descripcion": "DetalleOrdenDeTrabajo object (30)", "precio": "1259.00"}}, {"model": "facturas.detallefactura", "pk": 81, "fields": {"factura": 31, "descripcion": "MaterialOrdenDeTrabajo object (46)", "precio": "62.00"}}, {"model": "facturas.detallefactura", "pk": 82, "fields": {"factura": 31, "descripcion": "RepuestoOrdenDeTrabajo object (13)", "precio": "0.00"}}, {"model": "facturas.detallefactura", "pk": 83, "fields": {"factura": 31, "descripcion": "DetalleOrdenDeTrabajo object (31)", "precio": "1469.00"}}, {"model": "facturas.detallefactura", "pk": 84, "fields": {"factura": 32, "descripcion": "MaterialOrdenDeTrabajo object (31)", "precio": "0.00"}}, {"model": "facturas.detallefactura", "pk": 85, "fields": {"factura": 32, "descripcion": "MaterialOrdenDeTrabajo object (47)", "precio": "10455.00"}}, {"model": "facturas.detallefactura", "pk": 86, "fields": {"factura": 32, "descripcion": "DetalleOrdenDeTrabajo object (32)", "precio": "5000.00"}}, {"model": "facturas.detallefactura", "pk": 87, "fields": {"factura": 33, "descripcion": "MaterialOrdenDeTrabajo object (48)", "precio": "425.00"}}, {"model": "facturas.detallefactura", "pk": 88, "fields": {"factura": 33, "descripcion": "RepuestoOrdenDeTrabajo object (14)", "precio": "0.00"}}, {"model": "facturas.detallefactura", "pk": 89, "fields": {"factura": 33, "descripcion": "DetalleOrdenDeTrabajo object (33)", "precio": "1469.00"}}, {"model": "facturas.detallefactura", "pk": 90, "fields": {"factura": 34, "descripcion": "MaterialOrdenDeTrabajo object (32)", "precio": "6630.00"}}, {"model": "facturas.detallefactura", "pk": 91, "fields": {"factura": 34, "descripcion": "DetalleOrdenDeTrabajo object (34)", "precio": "1259.00"}}, {"model": "facturas.detallefactura", "pk": 92, "fields": {"factura": 35, "descripcion": "MaterialOrdenDeTrabajo object (33)", "precio": "0.00"}}, {"model": "facturas.detallefactura", "pk": 93, "fields": {"factura": 35, "descripcion": "MaterialOrdenDeTrabajo object (49)", "precio": "4664.00"}}, {"model": "facturas.detallefactura", "pk": 94, "fields": {"factura": 35, "descripcion": "DetalleOrdenDeTrabajo object (35)", "precio": "2000.00"}}, {"model": "facturas.detallefactura", "pk": 95, "fields": {"factura": 36, "descripcion": "MaterialOrdenDeTrabajo object (34)", "precio": "0.00"}}, {"model": "facturas.detallefactura", "pk": 96, "fields": {"factura": 36, "descripcion": "MaterialOrdenDeTrabajo object (50)", "precio": "372.00"}}, {"model": "facturas.detallefactura", "pk": 97, "fields": {"factura": 36, "descripcion": "DetalleOrdenDeTrabajo object (36)", "precio": "1259.00"}}, {"model": "facturas.detallefactura", "pk": 98, "fields": {"factura": 37, "descripcion": "MaterialOrdenDeTrabajo object (51)", "precio": "6460.00"}}, {"model": "facturas.detallefactura", "pk": 99, "fields": {"factura": 37, "descripcion": "RepuestoOrdenDeTrabajo object (15)", "precio": "0.00"}}, {"model": "facturas.detallefactura", "pk": 100, "fields": {"factura": 37, "descripcion": "DetalleOrdenDeTrabajo object (37)", "precio": "1469.00"}}, {"model": "facturas.detallefactura", "pk": 101, "fields": {"factura": 38, "descripcion": "DetalleOrdenDeTrabajo object (38)", "precio": "2738.00"}}, {"model": "facturas.detallefactura", "pk": 102, "fields": {"factura": 39, "descripcion": "DetalleOrdenDeTrabajo object (39)", "precio": "2738.00"}}, {"model": "facturas.detallefactura", "pk": 103, "fields": {"factura": 40, "descripcion": "MaterialOrdenDeTrabajo object (35)", "precio": "0.00"}}, {"model": "facturas.detallefactura", "pk": 104, "fields": {"factura": 40, "descripcion": "MaterialOrdenDeTrabajo object (52)", "precio": "5610.00"}}, {"model": "facturas.detallefactura", "pk": 105, "fields": {"factura": 40, "descripcion": "DetalleOrdenDeTrabajo object (40)", "precio": "5000.00"}}, {"model": "facturas.detallefactura", "pk": 106, "fields": {"factura": 41, "descripcion": "MaterialOrdenDeTrabajo object (53)", "precio": "28635.00"}}, {"model": "facturas.detallefactura", "pk": 107, "fields": {"factura": 41, "descripcion": "RepuestoOrdenDeTrabajo object (16)", "precio": "0.00"}}, {"model": "facturas.detallefactura", "pk": 108, "fields": {"factura": 41, "descripcion": "DetalleOrdenDeTrabajo object (41)", "precio": "4688.00"}}, {"model": "facturas.detallefactura", "pk": 109, "fields": {"factura": 42, "descripcion": "MaterialOrdenDeTrabajo object (54)", "precio": "2968.00"}}, {"model": "facturas.detallefactura", "pk": 110, "fields": {"factura": 42, "descripcion": "RepuestoOrdenDeTrabajo object (17)", "precio": "0.00"}}, {"model": "facturas.detallefactura", "pk": 111, "fields": {"factura": 42, "descripcion": "DetalleOrdenDeTrabajo object (42)", "precio": "4688.00"}}, {"model": "facturas.detallefactura", "pk": 112, "fields": {"factura": 43, "descripcion": "RepuestoOrdenDeTrabajo object (18)", "precio": "0.00"}}, {"model": "facturas.detallefactura", "pk": 113, "fields": {"factura": 43, "descripcion": "DetalleOrdenDeTrabajo object (43)", "precio": "1469.00"}}, {"model": "facturas.detallefactura", "pk": 114, "fields": {"factura": 44, "descripcion": "MaterialOrdenDeTrabajo object (55)", "precio": "83.00"}}, {"model": "facturas.detallefactura", "pk": 115, "fields": {"factura": 44, "descripcion": "RepuestoOrdenDeTrabajo object (19)", "precio": "3983.00"}}, {"model": "facturas.detallefactura", "pk": 116, "fields": {"factura": 44, "descripcion": "RepuestoOrdenDeTrabajo object (25)", "precio": "4386.00"}}, {"model": "facturas.detallefactura", "pk": 117, "fields": {"factura": 44, "descripcion": "DetalleOrdenDeTrabajo object (44)", "precio": "1469.00"}}, {"model": "facturas.detallefactura", "pk": 118, "fields": {"factura": 45, "descripcion": "MaterialOrdenDeTrabajo object (36)", "precio": "0.00"}}, {"model": "facturas.detallefactura", "pk": 119, "fields": {"factura": 45, "descripcion": "DetalleOrdenDeTrabajo object (45)", "precio": "1259.00"}}, {"model": "facturas.detallefactura", "pk": 120, "fields": {"factura": 46, "descripcion": "MaterialOrdenDeTrabajo object (37)", "precio": "265.00"}}, {"model": "facturas.detallefactura", "pk": 121, "fields": {"factura": 46, "descripcion": "DetalleOrdenDeTrabajo object (46)", "precio": "1259.00"}}, {"model": "facturas.detallefactura", "pk": 122, "fields": {"factura": 47, "descripcion": "DetalleOrdenDeTrabajo object (47)", "precio": "2738.00"}}, {"model": "facturas.detallefactura", "pk": 123, "fields": {"factura": 48, "descripcion": "MaterialOrdenDeTrabajo object (56)", "precio": "4664.00"}}, {"model": "facturas.detallefactura", "pk": 124, "fields": {"factura": 48, "descripcion": "RepuestoOrdenDeTrabajo object (20)", "precio": "0.00"}}, {"model": "facturas.detallefactura", "pk": 125, "fields": {"factura": 48, "descripcion": "DetalleOrdenDeTrabajo object (48)", "precio": "4688.00"}}, {"model": "facturas.detallefactura", "pk": 126, "fields": {"factura": 49, "descripcion": "RepuestoOrdenDeTrabajo object (21)", "precio": "7966.00"}}, {"model": "facturas.detallefactura", "pk": 127, "fields": {"factura": 49, "descripcion": "DetalleOrdenDeTrabajo object (49)", "precio": "4688.00"}}, {"model": "facturas.detallefactura", "pk": 128, "fields": {"factura": 50, "descripcion": "RepuestoOrdenDeTrabajo object (22)", "precio": "0.00"}}, {"model": "facturas.detallefactura", "pk": 129, "fields": {"factura": 50, "descripcion": "RepuestoOrdenDeTrabajo object (26)", "precio": "1478.00"}}, {"model": "facturas.detallefactura", "pk": 130, "fields": {"factura": 50, "descripcion": "DetalleOrdenDeTrabajo object (50)", "precio": "4688.00"}}, {"model": "facturas.detallefactura", "pk": 131, "fields": {"factura": 51, "descripcion": "DetalleOrdenDeTrabajo object (51)", "precio": "2738.00"}}, {"model": "facturas.detallefactura", "pk": 132, "fields": {"factura": 52, "descripcion": "MaterialOrdenDeTrabajo object (58)", "precio": "85.00"}}, {"model": "facturas.detallefactura", "pk": 133, "fields": {"factura": 52, "descripcion": "RepuestoOrdenDeTrabajo object (24)", "precio": "0.00"}}, {"model": "facturas.detallefactura", "pk": 134, "fields": {"factura": 52, "descripcion": "RepuestoOrdenDeTrabajo object (27)", "precio": "3983.00"}}, {"model": "facturas.detallefactura", "pk": 135, "fields": {"factura": 52, "descripcion": "DetalleOrdenDeTrabajo object (53)", "precio": "1469.00"}}, {"model": "facturas.detallefactura", "pk": 136, "fields": {"factura": 53, "descripcion": "MaterialOrdenDeTrabajo object (38)", "precio": "0.00"}}, {"model": "facturas.detallefactura", "pk": 137, "fields": {"factura": 53, "descripcion": "MaterialOrdenDeTrabajo object (59)", "precio": "5695.00"}}, {"model": "facturas.detallefactura", "pk": 138, "fields": {"factura": 53, "descripcion": "DetalleOrdenDeTrabajo object (54)", "precio": "1259.00"}}, {"model": "facturas.detallefactura", "pk": 139, "fields": {"factura": 54, "descripcion": "MaterialOrdenDeTrabajo object (57)", "precio": "3551.00"}}, {"model": "facturas.detallefactura", "pk": 140, "fields": {"factura": 54, "descripcion": "RepuestoOrdenDeTrabajo object (23)", "precio": "0.00"}}, {"model": "facturas.detallefactura", "pk": 141, "fields": {"factura": 54, "descripcion": "DetalleOrdenDeTrabajo object (52)", "precio": "1469.00"}}, {"model": "facturas.pago", "pk": 1, "fields": {"factura": 1, "fecha": "2022-01-21", "monto": "5042.00", "tipo": 0}}, {"model": "facturas.pago", "pk": 2, "fields": {"factura": 2, "fecha": "2022-01-30", "monto": "2738.00", "tipo": 0}}, {"model": "facturas.pago", "pk": 3, "fields": {"factura": 3, "fecha": "2022-02-08", "monto": "1979.00", "tipo": 0}}, {"model": "facturas.pago", "pk": 4, "fields": {"factura": 4, "fecha": "2022-02-09", "monto": "9675.00", "tipo": 0}}, {"model": "facturas.pago", "pk": 5, "fields": {"factura": 5, "fecha": "2022-02-21", "monto": "4915.00", "tipo": 0}}, {"model": "facturas.pago", "pk": 6, "fields": {"factura": 6, "fecha": "2022-02-28", "monto": "2279.00", "tipo": 0}}, {"model": "facturas.pago", "pk": 7, "fields": {"factura": 7, "fecha": "2022-03-04", "monto": "7930.00", "tipo": 0}}, {"model": "facturas.pago", "pk": 8, "fields": {"factura": 8, "fecha": "2022-03-14", "monto": "2058.00", "tipo": 0}}, {"model": "facturas.pago", "pk": 9, "fields": {"factura": 9, "fecha": "2022-03-18", "monto": "3847.50", "tipo": 0}}, {"model": "facturas.pago", "pk": 10, "fields": {"factura": 10, "fecha": "2022-03-25", "monto": "1684.00", "tipo": 0}}, {"model": "facturas.pago", "pk": 11, "fields": {"factura": 11, "fecha": "2022-04-04", "monto": "14832.00", "tipo": 0}}, {"model": "facturas.pago", "pk": 12, "fields": {"factura": 12, "fecha": "2022-04-08", "monto": "4053.00", "tipo": 0}}, {"model": "facturas.pago", "pk": 13, "fields": {"factura": 13, "fecha": "2022-04-13", "monto": "2999.50", "tipo": 0}}, {"model": "facturas.pago", "pk": 14, "fields": {"factura": 14, "fecha": "2022-04-25", "monto": "2738.00", "tipo": 0}}, {"model": "facturas.pago", "pk": 15, "fields": {"factura": 15, "fecha": "2022-04-29", "monto": "2255.00", "tipo": 0}}, {"model": "facturas.pago", "pk": 16, "fields": {"factura": 16, "fecha": "2022-04-28", "monto": "1524.00", "tipo": 0}}, {"model": "facturas.pago", "pk": 17, "fields": {"factura": 17, "fecha": "2022-05-10", "monto": "2649.00", "tipo": 0}}, {"model": "facturas.pago", "pk": 18, "fields": {"factura": 18, "fecha": "2022-05-12", "monto": "11924.00", "tipo": 0}}, {"model": "facturas.pago", "pk": 19, "fields": {"factura": 19, "fecha": "2022-05-21", "monto": "1469.00", "tipo": 0}}, {"model": "facturas.pago", "pk": 20, "fields": {"factura": 20, "fecha": "2022-05-26", "monto": "2738.00", "tipo": 0}}, {"model": "facturas.pago", "pk": 21, "fields": {"factura": 21, "fecha": "2022-06-03", "monto": "2649.00", "tipo": 0}}, {"model": "facturas.pago", "pk": 22, "fields": {"factura": 22, "fecha": "2022-06-09", "monto": "5181.00", "tipo": 0}}, {"model": "facturas.pago", "pk": 23, "fields": {"factura": 23, "fecha": "2022-06-18", "monto": "2738.00", "tipo": 0}}, {"model": "facturas.pago", "pk": 24, "fields": {"factura": 24, "fecha": "2022-06-27", "monto": "1318.00", "tipo": 0}}, {"model": "facturas.pago", "pk": 25, "fields": {"factura": 25, "fecha": "2022-07-02", "monto": "6424.00", "tipo": 0}}, {"model": "facturas.pago", "pk": 26, "fields": {"factura": 26, "fecha": "2022-07-01", "monto": "9055.00", "tipo": 0}}, {"model": "facturas.pago", "pk": 27, "fields": {"factura": 27, "fecha": "2022-07-12", "monto": "6814.00", "tipo": 0}}, {"model": "facturas.pago", "pk": 28, "fields": {"factura": 28, "fecha": "2022-07-14", "monto": "4437.00", "tipo": 0}}, {"model": "facturas.pago", "pk": 29, "fields": {"factura": 29, "fecha": "2022-07-21", "monto": "4741.00", "tipo": 0}}, {"model": "facturas.pago", "pk": 30, "fields": {"factura": 30, "fecha": "2022-07-30", "monto": "8613.00", "tipo": 0}}, {"model": "facturas.pago", "pk": 31, "fields": {"factura": 31, "fecha": "2022-08-05", "monto": "1531.00", "tipo": 0}}, {"model": "facturas.pago", "pk": 32, "fields": {"factura": 32, "fecha": "2022-08-15", "monto": "7727.50", "tipo": 0}}, {"model": "facturas.pago", "pk": 33, "fields": {"factura": 33, "fecha": "2022-08-21", "monto": "1894.00", "tipo": 0}}, {"model": "facturas.pago", "pk": 34, "fields": {"factura": 34, "fecha": "2022-08-29", "monto": "7889.00", "tipo": 0}}, {"model": "facturas.pago", "pk": 35, "fields": {"factura": 35, "fecha": "2022-09-03", "monto": "6664.00", "tipo": 0}}, {"model": "facturas.pago", "pk": 36, "fields": {"factura": 36, "fecha": "2022-09-09", "monto": "815.50", "tipo": 0}}, {"model": "facturas.pago", "pk": 37, "fields": {"factura": 37, "fecha": "2022-09-15", "monto": "7929.00", "tipo": 0}}, {"model": "facturas.pago", "pk": 38, "fields": {"factura": 38, "fecha": "2022-09-24", "monto": "2738.00", "tipo": 0}}, {"model": "facturas.pago", "pk": 39, "fields": {"factura": 39, "fecha": "2022-10-02", "monto": "2738.00", "tipo": 0}}, {"model": "facturas.pago", "pk": 40, "fields": {"factura": 40, "fecha": "2022-09-28", "monto": "10610.00", "tipo": 0}}, {"model": "facturas.pago", "pk": 41, "fields": {"factura": 41, "fecha": "2022-10-06", "monto": "33323.00", "tipo": 0}}, {"model": "facturas.pago", "pk": 42, "fields": {"factura": 42, "fecha": "2022-10-15", "monto": "7656.00", "tipo": 0}}, {"model": "facturas.pago", "pk": 43, "fields": {"factura": 43, "fecha": "2022-10-23", "monto": "734.50", "tipo": 0}}, {"model": "facturas.pago", "pk": 44, "fields": {"factura": 44, "fecha": "2022-10-28", "monto": "9921.00", "tipo": 0}}, {"model": "facturas.pago", "pk": 45, "fields": {"factura": 45, "fecha": "2022-11-04", "monto": "1259.00", "tipo": 0}}, {"model": "facturas.pago", "pk": 46, "fields": {"factura": 46, "fecha": "2022-11-06", "monto": "1524.00", "tipo": 0}}, {"model": "facturas.pago", "pk": 47, "fields": {"factura": 47, "fecha": "2022-11-16", "monto": "2738.00", "tipo": 0}}, {"model": "facturas.pago", "pk": 48, "fields": {"factura": 48, "fecha": "2022-11-20", "monto": "9352.00", "tipo": 0}}, {"model": "facturas.pago", "pk": 49, "fields": {"factura": 49, "fecha": "2022-11-16", "monto": "12654.00", "tipo": 0}}, {"model": "facturas.pago", "pk": 50, "fields": {"factura": 50, "fecha": "2022-11-28", "monto": "3083.00", "tipo": 0}}, {"model": "facturas.pago", "pk": 51, "fields": {"factura": 51, "fecha": "2022-12-05", "monto": "2738.00", "tipo": 0}}, {"model": "facturas.pago", "pk": 52, "fields": {"factura": 52, "fecha": "2022-12-11", "monto": "2768.50", "tipo": 0}}, {"model": "facturas.pago", "pk": 53, "fields": {"factura": 53, "fecha": "2022-12-19", "monto": "6954.00", "tipo": 0}}, {"model": "facturas.pago", "pk": 54, "fields": {"factura": 54, "fecha": "2022-12-23", "monto": "5020.00", "tipo": 0}}]