[{"model": "ordenes.ordendetrabajo", "pk": 1, "fields": {"turno": "2022-11-25T00:00:00Z", "ingreso": "2022-11-30T00:00:00Z", "egreso": "2022-12-03T00:00:00Z", "estado": 6}}, {"model": "ordenes.ordendetrabajo", "pk": 2, "fields": {"turno": "2022-11-24T00:00:00Z", "ingreso": "2022-11-30T00:00:00Z", "egreso": "2022-12-04T00:00:00Z", "estado": 6}}, {"model": "ordenes.ordendetrabajo", "pk": 3, "fields": {"turno": "2022-11-25T00:00:00Z", "ingreso": "2022-11-30T00:00:00Z", "egreso": "2022-12-04T00:00:00Z", "estado": 6}}, {"model": "ordenes.ordendetrabajo", "pk": 4, "fields": {"turno": "2022-11-30T00:00:00Z", "ingreso": "2022-11-29T00:00:00Z", "egreso": "2022-12-05T00:00:00Z", "estado": 6}}, {"model": "ordenes.ordendetrabajo", "pk": 5, "fields": {"turno": "2022-11-29T00:00:00Z", "ingreso": "2022-11-30T00:00:00Z", "egreso": "2022-12-06T00:00:00Z", "estado": 6}}, {"model": "ordenes.ordendetrabajo", "pk": 6, "fields": {"turno": "2022-11-29T00:00:00Z", "ingreso": "2022-11-30T00:00:00Z", "egreso": "2022-12-07T00:00:00Z", "estado": 6}}, {"model": "ordenes.ordendetrabajo", "pk": 7, "fields": {"turno": "2022-11-25T00:00:00Z", "ingreso": "2022-11-30T00:00:00Z", "egreso": "2022-12-08T00:00:00Z", "estado": 6}}, {"model": "ordenes.ordendetrabajo", "pk": 8, "fields": {"turno": "2022-11-24T07:00:00Z", "ingreso": "2022-11-30T00:00:00Z", "egreso": "2022-12-08T00:00:00Z", "estado": 6}}, {"model": "ordenes.ordendetrabajo", "pk": 9, "fields": {"turno": "2022-11-24T00:00:00Z", "ingreso": "2022-11-30T00:00:00Z", "egreso": "2022-12-09T00:00:00Z", "estado": 6}}, {"model": "ordenes.detalleordendetrabajo", "pk": 1, "fields": {"orden": 1, "tarea": 3, "empleado": 2, "inicio": "2022-11-16T21:00:38.141Z", "fin": "2022-11-16T21:00:38.141Z", "exitosa": true, "observaciones": ""}}, {"model": "ordenes.detalleordendetrabajo", "pk": 2, "fields": {"orden": 2, "tarea": 2, "empleado": 1, "inicio": "2022-11-16T21:00:38.141Z", "fin": "2022-11-16T21:00:38.141Z", "exitosa": true, "observaciones": ""}}, {"model": "ordenes.detalleordendetrabajo", "pk": 3, "fields": {"orden": 2, "tarea": 3, "empleado": 1, "inicio": "2022-11-16T21:00:38.141Z", "fin": "2022-11-16T21:00:38.141Z", "exitosa": true, "observaciones": ""}}, {"model": "ordenes.detalleordendetrabajo", "pk": 4, "fields": {"orden": 3, "tarea": 1, "empleado": 3, "inicio": "2022-11-16T21:00:38.141Z", "fin": "2022-11-16T21:00:38.141Z", "exitosa": true, "observaciones": ""}}, {"model": "ordenes.detalleordendetrabajo", "pk": 5, "fields": {"orden": 3, "tarea": 4, "empleado": 3, "inicio": "2022-11-16T21:00:38.141Z", "fin": "2022-11-16T21:00:38.141Z", "exitosa": true, "observaciones": ""}}, {"model": "ordenes.detalleordendetrabajo", "pk": 6, "fields": {"orden": 4, "tarea": 1, "empleado": 3, "inicio": "2022-11-16T21:00:38.141Z", "fin": "2022-11-16T21:00:38.141Z", "exitosa": true, "observaciones": ""}}, {"model": "ordenes.detalleordendetrabajo", "pk": 7, "fields": {"orden": 4, "tarea": 3, "empleado": 3, "inicio": "2022-11-16T21:00:38.141Z", "fin": "2022-11-16T21:00:38.141Z", "exitosa": true, "observaciones": ""}}, {"model": "ordenes.detalleordendetrabajo", "pk": 8, "fields": {"orden": 5, "tarea": 1, "empleado": 3, "inicio": "2022-11-16T21:00:38.141Z", "fin": "2022-11-16T21:00:38.141Z", "exitosa": true, "observaciones": ""}}, {"model": "ordenes.detalleordendetrabajo", "pk": 9, "fields": {"orden": 5, "tarea": 4, "empleado": 2, "inicio": "2022-11-16T21:00:38.141Z", "fin": "2022-11-16T21:00:38.141Z", "exitosa": true, "observaciones": ""}}, {"model": "ordenes.detalleordendetrabajo", "pk": 10, "fields": {"orden": 6, "tarea": 2, "empleado": 1, "inicio": "2022-11-16T21:00:38.141Z", "fin": "2022-11-16T21:00:38.141Z", "exitosa": true, "observaciones": ""}}, {"model": "ordenes.detalleordendetrabajo", "pk": 11, "fields": {"orden": 6, "tarea": 3, "empleado": 2, "inicio": "2022-11-16T21:00:38.141Z", "fin": "2022-11-16T21:00:38.141Z", "exitosa": true, "observaciones": ""}}, {"model": "ordenes.detalleordendetrabajo", "pk": 12, "fields": {"orden": 7, "tarea": 3, "empleado": 3, "inicio": "2022-11-16T21:00:38.141Z", "fin": "2022-11-16T21:00:38.141Z", "exitosa": true, "observaciones": ""}}, {"model": "ordenes.detalleordendetrabajo", "pk": 13, "fields": {"orden": 8, "tarea": 2, "empleado": 2, "inicio": "2022-11-16T21:00:38.141Z", "fin": "2022-11-16T21:00:38.141Z", "exitosa": true, "observaciones": ""}}, {"model": "ordenes.detalleordendetrabajo", "pk": 14, "fields": {"orden": 9, "tarea": 2, "empleado": 1, "inicio": "2022-11-16T21:00:38.141Z", "fin": "2022-11-16T21:00:38.141Z", "exitosa": true, "observaciones": ""}}, {"model": "ordenes.detalleordendetrabajo", "pk": 15, "fields": {"orden": 9, "tarea": 3, "empleado": 2, "inicio": "2022-11-16T21:00:38.141Z", "fin": "2022-11-16T21:00:38.141Z", "exitosa": true, "observaciones": ""}}, {"model": "ordenes.materialordendetrabajo", "pk": 1, "fields": {"material": 4, "orden": 2, "cantidad": 0}}, {"model": "ordenes.materialordendetrabajo", "pk": 2, "fields": {"material": 6, "orden": 2, "cantidad": 0}}, {"model": "ordenes.materialordendetrabajo", "pk": 3, "fields": {"material": 2, "orden": 2, "cantidad": 0}}, {"model": "ordenes.materialordendetrabajo", "pk": 4, "fields": {"material": 6, "orden": 3, "cantidad": 0}}, {"model": "ordenes.materialordendetrabajo", "pk": 5, "fields": {"material": 4, "orden": 4, "cantidad": 0}}, {"model": "ordenes.materialordendetrabajo", "pk": 6, "fields": {"material": 3, "orden": 4, "cantidad": 0}}, {"model": "ordenes.materialordendetrabajo", "pk": 7, "fields": {"material": 2, "orden": 5, "cantidad": 0}}, {"model": "ordenes.materialordendetrabajo", "pk": 8, "fields": {"material": 3, "orden": 6, "cantidad": 0}}, {"model": "ordenes.materialordendetrabajo", "pk": 9, "fields": {"material": 3, "orden": 8, "cantidad": 0}}, {"model": "ordenes.materialordendetrabajo", "pk": 10, "fields": {"material": 2, "orden": 9, "cantidad": 0}}, {"model": "ordenes.materialordendetrabajo", "pk": 11, "fields": {"material": 5, "orden": 9, "cantidad": 0}}, {"model": "ordenes.repuestoordendetrabajo", "pk": 1, "fields": {"repuesto": 3, "orden": 3, "cantidad": 0}}, {"model": "ordenes.repuestoordendetrabajo", "pk": 2, "fields": {"repuesto": 3, "orden": 5, "cantidad": 0}}, {"model": "ordenes.presupuesto", "pk": 1, "fields": {"cliente": 1, "vehiculo": 1, "detalles": "", "fecha": "2022-11-09T12:27:45.289Z", "validez": 60, "orden": 9, "ampliado": false, "confirmado": true, "tareas": [2, 3]}}, {"model": "ordenes.presupuesto", "pk": 2, "fields": {"cliente": 3, "vehiculo": 3, "detalles": "", "fecha": "2022-11-09T12:28:09.795Z", "validez": 60, "orden": 8, "ampliado": false, "confirmado": true, "tareas": [2]}}, {"model": "ordenes.presupuesto", "pk": 3, "fields": {"cliente": 11, "vehiculo": 11, "detalles": "", "fecha": "2022-11-09T12:28:31.791Z", "validez": 60, "orden": 7, "ampliado": false, "confirmado": true, "tareas": [3]}}, {"model": "ordenes.presupuesto", "pk": 4, "fields": {"cliente": 12, "vehiculo": 111, "detalles": "", "fecha": "2022-11-09T12:33:54.482Z", "validez": 60, "orden": 6, "ampliado": false, "confirmado": true, "tareas": [2, 3]}}, {"model": "ordenes.presupuesto", "pk": 5, "fields": {"cliente": 12, "vehiculo": 111, "detalles": "", "fecha": "2022-11-09T13:23:22.808Z", "validez": 60, "orden": 5, "ampliado": false, "confirmado": true, "tareas": [1, 4]}}, {"model": "ordenes.presupuesto", "pk": 6, "fields": {"cliente": 8, "vehiculo": 105, "detalles": "", "fecha": "2022-11-09T13:33:52.814Z", "validez": 60, "orden": 4, "ampliado": false, "confirmado": true, "tareas": [1, 3]}}, {"model": "ordenes.presupuesto", "pk": 7, "fields": {"cliente": 8, "vehiculo": 8, "detalles": "", "fecha": "2022-11-09T13:34:35.924Z", "validez": 60, "orden": 3, "ampliado": false, "confirmado": true, "tareas": [1, 4]}}, {"model": "ordenes.presupuesto", "pk": 8, "fields": {"cliente": 80, "vehiculo": 80, "detalles": "", "fecha": "2022-11-09T13:37:10.587Z", "validez": 60, "orden": 2, "ampliado": false, "confirmado": true, "tareas": [2, 3]}}, {"model": "ordenes.presupuesto", "pk": 9, "fields": {"cliente": 80, "vehiculo": 116, "detalles": "", "fecha": "2022-11-09T13:39:46.322Z", "validez": 60, "orden": 1, "ampliado": false, "confirmado": true, "tareas": [3]}}, {"model": "ordenes.presupuestomaterial", "pk": 1, "fields": {"material": 2, "presupuesto": 1, "cantidad": 20}}, {"model": "ordenes.presupuestomaterial", "pk": 2, "fields": {"material": 5, "presupuesto": 1, "cantidad": 2}}, {"model": "ordenes.presupuestomaterial", "pk": 3, "fields": {"material": 3, "presupuesto": 2, "cantidad": 25}}, {"model": "ordenes.presupuestomaterial", "pk": 4, "fields": {"material": 3, "presupuesto": 4, "cantidad": 1}}, {"model": "ordenes.presupuestomaterial", "pk": 5, "fields": {"material": 2, "presupuesto": 5, "cantidad": 50}}, {"model": "ordenes.presupuestomaterial", "pk": 6, "fields": {"material": 4, "presupuesto": 6, "cantidad": 25}}, {"model": "ordenes.presupuestomaterial", "pk": 7, "fields": {"material": 3, "presupuesto": 6, "cantidad": 15}}, {"model": "ordenes.presupuestomaterial", "pk": 8, "fields": {"material": 6, "presupuesto": 7, "cantidad": 50}}, {"model": "ordenes.presupuestomaterial", "pk": 9, "fields": {"material": 4, "presupuesto": 8, "cantidad": 47}}, {"model": "ordenes.presupuestomaterial", "pk": 10, "fields": {"material": 6, "presupuesto": 8, "cantidad": 50}}, {"model": "ordenes.presupuestomaterial", "pk": 11, "fields": {"material": 2, "presupuesto": 8, "cantidad": 25}}, {"model": "ordenes.presupuestorepuesto", "pk": 1, "fields": {"repuesto": 3, "presupuesto": 5, "cantidad": 1}}, {"model": "ordenes.presupuestorepuesto", "pk": 2, "fields": {"repuesto": 3, "presupuesto": 7, "cantidad": 1}}, {"model": "ordenes.planilladepintura", "pk": 1, "fields": {"orden": 2, "fecha": "2022-11-16T21:25:41.905Z", "nombre_de_color": "777"}}, {"model": "ordenes.planilladepintura", "pk": 2, "fields": {"orden": 14, "fecha": "2022-11-16T21:25:56.186Z", "nombre_de_color": "777"}}, {"model": "ordenes.planilladepintura", "pk": 3, "fields": {"orden": 13, "fecha": "2022-11-16T21:26:08.612Z", "nombre_de_color": "777"}}, {"model": "ordenes.planilladepintura", "pk": 4, "fields": {"orden": 4, "fecha": "2022-11-16T21:26:28.364Z", "nombre_de_color": "999"}}, {"model": "ordenes.planilladepintura", "pk": 5, "fields": {"orden": 8, "fecha": "2022-11-16T21:26:44.925Z", "nombre_de_color": "444"}}, {"model": "ordenes.planilladepintura", "pk": 6, "fields": {"orden": 10, "fecha": "2022-11-16T21:27:00.443Z", "nombre_de_color": "555"}}, {"model": "ordenes.planilladepintura", "pk": 7, "fields": {"orden": 6, "fecha": "2022-11-16T21:27:15.389Z", "nombre_de_color": "1010"}}, {"model": "ordenes.detalleplanilladepintura", "pk": 1, "fields": {"planilla": 1, "formula": "123", "cantidad": 2}}, {"model": "ordenes.detalleplanilladepintura", "pk": 2, "fields": {"planilla": 2, "formula": "123", "cantidad": 4}}, {"model": "ordenes.detalleplanilladepintura", "pk": 3, "fields": {"planilla": 3, "formula": "123", "cantidad": 5}}, {"model": "ordenes.detalleplanilladepintura", "pk": 4, "fields": {"planilla": 4, "formula": "123", "cantidad": 55}}, {"model": "ordenes.detalleplanilladepintura", "pk": 5, "fields": {"planilla": 5, "formula": "123", "cantidad": 40}}, {"model": "ordenes.detalleplanilladepintura", "pk": 6, "fields": {"planilla": 6, "formula": "123", "cantidad": 10}}, {"model": "ordenes.detalleplanilladepintura", "pk": 7, "fields": {"planilla": 7, "formula": "888", "cantidad": 10}}]