[{"model": "ordenes.ordendetrabajo", "pk": 1, "fields": {"turno": "2023-02-21T13:08:00Z", "ingreso": "2023-02-21T13:09:00Z", "egreso": "2023-02-21T13:14:00Z", "estado": 6}}, {"model": "ordenes.ordendetrabajo", "pk": 2, "fields": {"turno": "2023-02-21T13:16:00Z", "ingreso": "2023-02-21T13:17:00Z", "egreso": "2023-02-21T13:27:00Z", "estado": 6}}, {"model": "ordenes.ordendetrabajo", "pk": 3, "fields": {"turno": "2023-02-21T13:16:00Z", "ingreso": "2023-02-21T13:20:00Z", "egreso": "2023-02-21T13:27:00Z", "estado": 6}}, {"model": "ordenes.ordendetrabajo", "pk": 4, "fields": {"turno": "2023-02-21T13:16:00Z", "ingreso": "2023-02-21T13:20:00Z", "egreso": "2023-02-21T13:27:00Z", "estado": 6}}, {"model": "ordenes.ordendetrabajo", "pk": 5, "fields": {"turno": "2023-02-21T13:16:00Z", "ingreso": "2023-02-21T13:20:00Z", "egreso": "2023-02-21T13:27:00Z", "estado": 6}}, {"model": "ordenes.ordendetrabajo", "pk": 6, "fields": {"turno": "2023-02-21T13:16:00Z", "ingreso": "2023-02-21T13:20:00Z", "egreso": "2023-02-21T13:27:00Z", "estado": 6}}, {"model": "ordenes.ordendetrabajo", "pk": 7, "fields": {"turno": "2023-02-21T13:16:00Z", "ingreso": "2023-02-21T13:20:00Z", "egreso": "2023-02-21T13:27:00Z", "estado": 6}}, {"model": "ordenes.ordendetrabajo", "pk": 8, "fields": {"turno": "2023-02-21T13:16:00Z", "ingreso": "2023-02-21T13:20:00Z", "egreso": "2023-02-21T13:28:00Z", "estado": 6}}, {"model": "ordenes.ordendetrabajo", "pk": 9, "fields": {"turno": "2023-02-21T13:16:00Z", "ingreso": "2023-02-21T13:20:00Z", "egreso": "2023-02-21T13:27:00Z", "estado": 6}}, {"model": "ordenes.ordendetrabajo", "pk": 10, "fields": {"turno": "2023-02-21T13:16:00Z", "ingreso": "2023-02-21T13:21:00Z", "egreso": "2023-02-21T13:27:00Z", "estado": 6}}, {"model": "ordenes.ordendetrabajo", "pk": 11, "fields": {"turno": "2023-02-21T13:16:00Z", "ingreso": "2023-02-21T13:21:00Z", "egreso": "2023-02-21T13:28:00Z", "estado": 6}}, {"model": "ordenes.ordendetrabajo", "pk": 12, "fields": {"turno": "2023-02-21T13:16:00Z", "ingreso": "2023-02-21T13:21:00Z", "egreso": "2023-02-21T13:28:00Z", "estado": 6}}, {"model": "ordenes.ordendetrabajo", "pk": 13, "fields": {"turno": "2023-02-21T13:16:00Z", "ingreso": "2023-02-21T13:21:00Z", "egreso": "2023-02-21T13:28:00Z", "estado": 6}}, {"model": "ordenes.detalleordendetrabajo", "pk": 1, "fields": {"orden": 1, "tarea": 1, "empleado": 2, "inicio": "2023-02-21T16:12:06.542Z", "fin": "2023-02-21T16:12:06.542Z", "exitosa": true, "observaciones": ""}}, {"model": "ordenes.detalleordendetrabajo", "pk": 2, "fields": {"orden": 2, "tarea": 1, "empleado": 2, "inicio": "2023-02-21T16:16:45.397Z", "fin": "2023-02-21T16:16:45.397Z", "exitosa": true, "observaciones": ""}}, {"model": "ordenes.detalleordendetrabajo", "pk": 3, "fields": {"orden": 3, "tarea": 1, "empleado": 3, "inicio": "2023-02-21T16:16:45.397Z", "fin": "2023-02-21T16:16:45.397Z", "exitosa": true, "observaciones": ""}}, {"model": "ordenes.detalleordendetrabajo", "pk": 4, "fields": {"orden": 4, "tarea": 4, "empleado": 1, "inicio": "2023-02-21T16:16:45.397Z", "fin": "2023-02-21T16:16:45.397Z", "exitosa": true, "observaciones": ""}}, {"model": "ordenes.detalleordendetrabajo", "pk": 5, "fields": {"orden": 5, "tarea": 4, "empleado": 2, "inicio": "2023-02-21T16:16:45.397Z", "fin": "2023-02-21T16:16:45.397Z", "exitosa": true, "observaciones": ""}}, {"model": "ordenes.detalleordendetrabajo", "pk": 6, "fields": {"orden": 6, "tarea": 7, "empleado": 3, "inicio": "2023-02-21T16:16:45.397Z", "fin": "2023-02-21T16:16:45.397Z", "exitosa": true, "observaciones": ""}}, {"model": "ordenes.detalleordendetrabajo", "pk": 7, "fields": {"orden": 7, "tarea": 5, "empleado": 1, "inicio": "2023-02-21T16:16:45.397Z", "fin": "2023-02-21T16:16:45.397Z", "exitosa": true, "observaciones": ""}}, {"model": "ordenes.detalleordendetrabajo", "pk": 8, "fields": {"orden": 8, "tarea": 1, "empleado": 2, "inicio": "2023-02-21T16:16:45.397Z", "fin": "2023-02-21T16:16:45.397Z", "exitosa": true, "observaciones": ""}}, {"model": "ordenes.detalleordendetrabajo", "pk": 9, "fields": {"orden": 9, "tarea": 4, "empleado": 3, "inicio": "2023-02-21T16:16:45.397Z", "fin": "2023-02-21T16:16:45.397Z", "exitosa": true, "observaciones": ""}}, {"model": "ordenes.detalleordendetrabajo", "pk": 10, "fields": {"orden": 10, "tarea": 7, "empleado": 1, "inicio": "2023-02-21T16:16:45.397Z", "fin": "2023-02-21T16:16:45.397Z", "exitosa": true, "observaciones": ""}}, {"model": "ordenes.detalleordendetrabajo", "pk": 11, "fields": {"orden": 11, "tarea": 8, "empleado": 2, "inicio": "2023-02-21T16:16:45.397Z", "fin": "2023-02-21T16:16:45.397Z", "exitosa": true, "observaciones": ""}}, {"model": "ordenes.detalleordendetrabajo", "pk": 12, "fields": {"orden": 12, "tarea": 5, "empleado": 2, "inicio": "2023-02-21T16:16:45.397Z", "fin": "2023-02-21T16:16:45.397Z", "exitosa": true, "observaciones": ""}}, {"model": "ordenes.detalleordendetrabajo", "pk": 13, "fields": {"orden": 13, "tarea": 3, "empleado": 5, "inicio": "2023-02-21T16:16:45.397Z", "fin": "2023-02-21T16:16:45.397Z", "exitosa": true, "observaciones": ""}}, {"model": "ordenes.materialordendetrabajo", "pk": 1, "fields": {"material": 3, "orden": 1, "cantidad_presupuestada": 1, "cantidad_utilizada": 0}}, {"model": "ordenes.materialordendetrabajo", "pk": 2, "fields": {"material": 1, "orden": 1, "cantidad_presupuestada": 0, "cantidad_utilizada": 20}}, {"model": "ordenes.materialordendetrabajo", "pk": 3, "fields": {"material": 2, "orden": 2, "cantidad_presupuestada": 1, "cantidad_utilizada": 0}}, {"model": "ordenes.materialordendetrabajo", "pk": 4, "fields": {"material": 4, "orden": 3, "cantidad_presupuestada": 1, "cantidad_utilizada": 0}}, {"model": "ordenes.materialordendetrabajo", "pk": 5, "fields": {"material": 4, "orden": 4, "cantidad_presupuestada": 1, "cantidad_utilizada": 14}}, {"model": "ordenes.materialordendetrabajo", "pk": 6, "fields": {"material": 4, "orden": 5, "cantidad_presupuestada": 1, "cantidad_utilizada": 5}}, {"model": "ordenes.materialordendetrabajo", "pk": 7, "fields": {"material": 5, "orden": 6, "cantidad_presupuestada": 1, "cantidad_utilizada": 0}}, {"model": "ordenes.materialordendetrabajo", "pk": 8, "fields": {"material": 2, "orden": 8, "cantidad_presupuestada": 1, "cantidad_utilizada": 0}}, {"model": "ordenes.materialordendetrabajo", "pk": 9, "fields": {"material": 4, "orden": 9, "cantidad_presupuestada": 1, "cantidad_utilizada": 12}}, {"model": "ordenes.materialordendetrabajo", "pk": 10, "fields": {"material": 4, "orden": 10, "cantidad_presupuestada": 1, "cantidad_utilizada": 0}}, {"model": "ordenes.materialordendetrabajo", "pk": 11, "fields": {"material": 3, "orden": 11, "cantidad_presupuestada": 1, "cantidad_utilizada": 0}}, {"model": "ordenes.materialordendetrabajo", "pk": 12, "fields": {"material": 1, "orden": 2, "cantidad_presupuestada": 0, "cantidad_utilizada": 12}}, {"model": "ordenes.materialordendetrabajo", "pk": 13, "fields": {"material": 1, "orden": 3, "cantidad_presupuestada": 0, "cantidad_utilizada": 14}}, {"model": "ordenes.materialordendetrabajo", "pk": 14, "fields": {"material": 3, "orden": 4, "cantidad_presupuestada": 0, "cantidad_utilizada": 208}}, {"model": "ordenes.materialordendetrabajo", "pk": 15, "fields": {"material": 2, "orden": 4, "cantidad_presupuestada": 0, "cantidad_utilizada": 16}}, {"model": "ordenes.materialordendetrabajo", "pk": 16, "fields": {"material": 5, "orden": 4, "cantidad_presupuestada": 0, "cantidad_utilizada": 1}}, {"model": "ordenes.materialordendetrabajo", "pk": 17, "fields": {"material": 1, "orden": 6, "cantidad_presupuestada": 0, "cantidad_utilizada": 67}}, {"model": "ordenes.materialordendetrabajo", "pk": 18, "fields": {"material": 5, "orden": 7, "cantidad_presupuestada": 0, "cantidad_utilizada": 19}}, {"model": "ordenes.materialordendetrabajo", "pk": 19, "fields": {"material": 4, "orden": 8, "cantidad_presupuestada": 0, "cantidad_utilizada": 77}}, {"model": "ordenes.materialordendetrabajo", "pk": 20, "fields": {"material": 3, "orden": 10, "cantidad_presupuestada": 0, "cantidad_utilizada": 55}}, {"model": "ordenes.materialordendetrabajo", "pk": 21, "fields": {"material": 4, "orden": 11, "cantidad_presupuestada": 0, "cantidad_utilizada": 55}}, {"model": "ordenes.materialordendetrabajo", "pk": 22, "fields": {"material": 4, "orden": 12, "cantidad_presupuestada": 0, "cantidad_utilizada": 6}}, {"model": "ordenes.repuestoordendetrabajo", "pk": 1, "fields": {"repuesto": 1, "orden": 1, "cantidad_presupuestada": 1, "cantidad_utilizada": 1}}, {"model": "ordenes.repuestoordendetrabajo", "pk": 2, "fields": {"repuesto": 5, "orden": 2, "cantidad_presupuestada": 1, "cantidad_utilizada": 0}}, {"model": "ordenes.repuestoordendetrabajo", "pk": 3, "fields": {"repuesto": 4, "orden": 3, "cantidad_presupuestada": 1, "cantidad_utilizada": 1}}, {"model": "ordenes.repuestoordendetrabajo", "pk": 4, "fields": {"repuesto": 5, "orden": 7, "cantidad_presupuestada": 1, "cantidad_utilizada": 0}}, {"model": "ordenes.repuestoordendetrabajo", "pk": 5, "fields": {"repuesto": 5, "orden": 8, "cantidad_presupuestada": 1, "cantidad_utilizada": 0}}, {"model": "ordenes.repuestoordendetrabajo", "pk": 6, "fields": {"repuesto": 7, "orden": 12, "cantidad_presupuestada": 1, "cantidad_utilizada": 0}}, {"model": "ordenes.repuestoordendetrabajo", "pk": 7, "fields": {"repuesto": 2, "orden": 2, "cantidad_presupuestada": 0, "cantidad_utilizada": 1}}, {"model": "ordenes.presupuesto", "pk": 1, "fields": {"cliente": 5, "vehiculo": 5, "detalles": "", "fecha": "2023-02-21T16:09:07.997Z", "validez": 60, "orden": 1, "ampliado": false, "confirmado": true, "tareas": [1]}}, {"model": "ordenes.presupuesto", "pk": 2, "fields": {"cliente": 2, "vehiculo": 2, "detalles": "", "fecha": "2023-02-21T16:16:58.437Z", "validez": 60, "orden": 2, "ampliado": false, "confirmado": true, "tareas": [1]}}, {"model": "ordenes.presupuesto", "pk": 3, "fields": {"cliente": 3, "vehiculo": 3, "detalles": "", "fecha": "2023-02-21T16:17:36.538Z", "validez": 60, "orden": null, "ampliado": false, "confirmado": false, "tareas": [4]}}, {"model": "ordenes.presupuesto", "pk": 4, "fields": {"cliente": 5, "vehiculo": 5, "detalles": "", "fecha": "2023-02-21T16:17:49.819Z", "validez": 60, "orden": null, "ampliado": false, "confirmado": false, "tareas": [5]}}, {"model": "ordenes.presupuesto", "pk": 5, "fields": {"cliente": 6, "vehiculo": 6, "detalles": "", "fecha": "2023-02-21T16:18:00.964Z", "validez": 60, "orden": null, "ampliado": false, "confirmado": false, "tareas": [4]}}, {"model": "ordenes.presupuesto", "pk": 6, "fields": {"cliente": 8, "vehiculo": 8, "detalles": "", "fecha": "2023-02-21T16:18:16.264Z", "validez": 60, "orden": null, "ampliado": false, "confirmado": false, "tareas": [5]}}, {"model": "ordenes.presupuesto", "pk": 7, "fields": {"cliente": 8, "vehiculo": 8, "detalles": "", "fecha": "2023-02-21T16:18:39.012Z", "validez": 60, "orden": 3, "ampliado": false, "confirmado": true, "tareas": [1]}}, {"model": "ordenes.presupuesto", "pk": 8, "fields": {"cliente": 9, "vehiculo": 9, "detalles": "", "fecha": "2023-02-21T16:18:46.961Z", "validez": 60, "orden": 4, "ampliado": false, "confirmado": true, "tareas": [4]}}, {"model": "ordenes.presupuesto", "pk": 9, "fields": {"cliente": 10, "vehiculo": 10, "detalles": "", "fecha": "2023-02-21T16:18:55.150Z", "validez": 60, "orden": 5, "ampliado": false, "confirmado": true, "tareas": [4]}}, {"model": "ordenes.presupuesto", "pk": 10, "fields": {"cliente": 12, "vehiculo": 12, "detalles": "", "fecha": "2023-02-21T16:19:06.305Z", "validez": 60, "orden": 6, "ampliado": false, "confirmado": true, "tareas": [7]}}, {"model": "ordenes.presupuesto", "pk": 11, "fields": {"cliente": 12, "vehiculo": 12, "detalles": "", "fecha": "2023-02-21T16:19:14.916Z", "validez": 60, "orden": 7, "ampliado": false, "confirmado": true, "tareas": [5]}}, {"model": "ordenes.presupuesto", "pk": 12, "fields": {"cliente": 15, "vehiculo": 15, "detalles": "", "fecha": "2023-02-21T16:19:28.447Z", "validez": 60, "orden": 8, "ampliado": false, "confirmado": true, "tareas": [1]}}, {"model": "ordenes.presupuesto", "pk": 13, "fields": {"cliente": 7, "vehiculo": 7, "detalles": "", "fecha": "2023-02-21T16:19:35.424Z", "validez": 60, "orden": 9, "ampliado": false, "confirmado": true, "tareas": [4]}}, {"model": "ordenes.presupuesto", "pk": 14, "fields": {"cliente": 48, "vehiculo": 48, "detalles": "", "fecha": "2023-02-21T16:19:43.464Z", "validez": 60, "orden": 10, "ampliado": false, "confirmado": true, "tareas": [7]}}, {"model": "ordenes.presupuesto", "pk": 15, "fields": {"cliente": 41, "vehiculo": 41, "detalles": "", "fecha": "2023-02-21T16:19:51.090Z", "validez": 60, "orden": 11, "ampliado": false, "confirmado": true, "tareas": [8]}}, {"model": "ordenes.presupuesto", "pk": 16, "fields": {"cliente": 47, "vehiculo": 47, "detalles": "", "fecha": "2023-02-21T16:19:58.040Z", "validez": 60, "orden": 12, "ampliado": false, "confirmado": true, "tareas": [5]}}, {"model": "ordenes.presupuesto", "pk": 17, "fields": {"cliente": 6, "vehiculo": 6, "detalles": "", "fecha": "2023-02-21T16:20:14.512Z", "validez": 60, "orden": 13, "ampliado": false, "confirmado": true, "tareas": [3]}}, {"model": "ordenes.presupuestomaterial", "pk": 1, "fields": {"material": 3, "presupuesto": 1, "cantidad": 1}}, {"model": "ordenes.presupuestomaterial", "pk": 2, "fields": {"material": 2, "presupuesto": 2, "cantidad": 1}}, {"model": "ordenes.presupuestomaterial", "pk": 3, "fields": {"material": 4, "presupuesto": 3, "cantidad": 1}}, {"model": "ordenes.presupuestomaterial", "pk": 4, "fields": {"material": 4, "presupuesto": 5, "cantidad": 1}}, {"model": "ordenes.presupuestomaterial", "pk": 5, "fields": {"material": 4, "presupuesto": 7, "cantidad": 1}}, {"model": "ordenes.presupuestomaterial", "pk": 6, "fields": {"material": 4, "presupuesto": 8, "cantidad": 1}}, {"model": "ordenes.presupuestomaterial", "pk": 7, "fields": {"material": 4, "presupuesto": 9, "cantidad": 1}}, {"model": "ordenes.presupuestomaterial", "pk": 8, "fields": {"material": 5, "presupuesto": 10, "cantidad": 1}}, {"model": "ordenes.presupuestomaterial", "pk": 9, "fields": {"material": 2, "presupuesto": 12, "cantidad": 1}}, {"model": "ordenes.presupuestomaterial", "pk": 10, "fields": {"material": 4, "presupuesto": 13, "cantidad": 1}}, {"model": "ordenes.presupuestomaterial", "pk": 11, "fields": {"material": 4, "presupuesto": 14, "cantidad": 1}}, {"model": "ordenes.presupuestomaterial", "pk": 12, "fields": {"material": 3, "presupuesto": 15, "cantidad": 1}}, {"model": "ordenes.presupuestorepuesto", "pk": 1, "fields": {"repuesto": 1, "presupuesto": 1, "cantidad": 1}}, {"model": "ordenes.presupuestorepuesto", "pk": 2, "fields": {"repuesto": 5, "presupuesto": 2, "cantidad": 1}}, {"model": "ordenes.presupuestorepuesto", "pk": 3, "fields": {"repuesto": 5, "presupuesto": 4, "cantidad": 1}}, {"model": "ordenes.presupuestorepuesto", "pk": 4, "fields": {"repuesto": 6, "presupuesto": 6, "cantidad": 1}}, {"model": "ordenes.presupuestorepuesto", "pk": 5, "fields": {"repuesto": 4, "presupuesto": 7, "cantidad": 1}}, {"model": "ordenes.presupuestorepuesto", "pk": 6, "fields": {"repuesto": 5, "presupuesto": 11, "cantidad": 1}}, {"model": "ordenes.presupuestorepuesto", "pk": 7, "fields": {"repuesto": 5, "presupuesto": 12, "cantidad": 1}}, {"model": "ordenes.presupuestorepuesto", "pk": 8, "fields": {"repuesto": 7, "presupuesto": 16, "cantidad": 1}}, {"model": "ordenes.planilladepintura", "pk": 1, "fields": {"orden": 13, "fecha": "2023-02-21T16:24:44.711Z", "nombre_de_color": "a"}}, {"model": "ordenes.detalleplanilladepintura", "pk": 1, "fields": {"planilla": 1, "formula": "a", "cantidad": 1}}]